timestamp,open,high,low,close,volume
2024-04-15,104.8500,105.5900,103.1650,103.9300,977491
2024-04-12,105.6800,106.2500,103.7150,103.7700,1536491
2024-04-11,107.7200,107.7800,105.5600,105.9200,1245658
2024-04-10,106.4000,107.7600,105.8000,107.6400,1192072
2024-04-09,106.4400,107.7100,105.9600,107.0600,1224120
2024-04-08,107.0900,107.5600,106.1050,106.5200,1003229
2024-04-05,105.3100,107.1000,104.9500,106.8600,1260463
2024-04-04,104.5000,106.5100,103.7900,105.4800,1482844
2024-04-03,103.7900,104.0300,102.7300,103.7500,1054107
2024-04-02,102.3300,104.1200,102.3000,103.9000,1515209
2024-04-01,102.9300,103.4100,102.0100,102.2900,1060724
2024-03-28,102.4100,103.6700,102.3600,102.5200,1357345
2024-03-27,100.5600,102.6300,100.2101,102.4200,1711705
2024-03-26,100.2100,100.2300,98.9300,99.8600,1154272
2024-03-25,99.5000,100.6400,99.3500,99.9400,1059157
2024-03-22,100.4000,100.5500,98.5500,99.2200,1341426
2024-03-21,98.0900,100.3600,97.4700,100.1100,2074829
2024-03-20,97.0000,97.8200,96.5300,97.4100,1164252
2024-03-19,96.8900,97.8000,96.3400,97.7600,1553377
2024-03-18,94.7700,97.0300,94.4400,96.6900,1820045
2024-03-15,94.0000,95.9900,94.0000,95.5600,6291071
2024-03-14,94.5100,94.6400,92.9900,94.2100,1912541
2024-03-13,94.2100,95.8400,93.6000,94.7700,2427988
2024-03-12,94.1500,94.5300,93.2150,93.6700,1381019
2024-03-11,92.2600,94.4900,92.2000,93.8100,1489786
2024-03-08,92.5100,93.7400,91.4200,92.2000,1224383
2024-03-07,92.3900,93.2800,91.8300,92.4900,1824281
2024-03-06,91.4500,92.9200,91.1500,91.8800,1507304
2024-03-05,90.2800,92.5000,90.0700,91.4400,1651228
2024-03-04,92.4200,92.9800,89.3400,90.0900,2013839
2024-03-01,94.4200,94.5000,92.8650,93.1100,1799051
2024-02-29,94.2200,94.5000,92.6200,94.3700,2301403
2024-02-28,93.0600,93.9100,92.3600,93.7400,1195881
2024-02-27,93.6200,94.1300,92.9600,93.1200,1265515
2024-02-26,93.8400,93.8400,92.4550,93.2000,1072603
2024-02-23,93.8800,94.8300,93.6000,93.6500,1816916
2024-02-22,92.6300,94.5600,91.8500,94.2300,2263240
2024-02-21,91.9000,93.1800,91.3000,93.0600,1843050
2024-02-20,91.1400,92.1500,90.8200,91.6700,2055396
2024-02-16,90.6100,91.7900,90.2100,91.6800,1659498
2024-02-15,88.7100,90.6900,88.3500,90.6600,2385742
2024-02-14,88.6800,89.7400,88.5100,89.5200,1849591
2024-02-13,89.8500,90.9050,88.2200,88.6300,2218162
2024-02-12,88.4700,91.0096,88.4700,90.6800,2264432
2024-02-09,87.4500,88.6650,86.8100,88.5400,2690192
2024-02-08,88.0300,88.2800,86.1100,86.5000,2291589
2024-02-07,87.2800,91.2900,86.1000,87.9500,3610209
2024-02-06,89.4000,90.7700,89.2300,90.0300,2198151
2024-02-05,89.7000,90.4400,88.7900,89.0000,1854322
2024-02-02,90.1900,90.9700,89.4300,90.4700,1370830
2024-02-01,89.1700,90.5000,89.0200,90.4000,1448547
2024-01-31,89.8000,90.0100,88.0700,88.0900,1317846
2024-01-30,89.0500,90.5200,87.8800,90.3000,1712808
2024-01-29,88.6500,89.2200,87.9900,89.0100,1603197
2024-01-26,88.9900,89.3750,87.8600,88.3000,1468544
2024-01-25,89.8000,90.2200,88.0500,88.4500,1517661
2024-01-24,90.4200,90.9000,88.8400,89.1100,1732116
2024-01-23,89.2800,90.7100,88.9610,90.1800,2004620
2024-01-22,90.6700,92.1900,88.4100,88.7600,4338451
2024-01-19,94.1400,94.2500,92.6200,92.6800,1802370
2024-01-18,94.3900,94.8099,93.1800,94.1000,1006910
2024-01-17,94.4000,95.5250,94.1200,94.5000,909610
2024-01-16,94.2500,94.9900,93.3000,94.8000,1341774
2024-01-12,96.0800,96.4100,94.7600,94.8900,1223727
2024-01-11,94.6800,95.7792,94.4700,95.3200,1444219
2024-01-10,95.9800,95.9800,94.0100,94.9100,2221211
2024-01-09,98.7300,98.9400,96.1000,96.6700,1631753
2024-01-08,97.4100,99.2000,96.2300,99.1600,1750156
2024-01-05,98.8500,99.8600,96.4600,98.0200,2031103
2024-01-04,100.7500,100.7500,98.4650,98.9500,1668753
2024-01-03,101.1900,101.6600,100.0300,100.2700,1230664
2024-01-02,100.9500,102.1400,100.9500,101.5000,976602
2023-12-29,101.5600,101.5600,100.3350,100.9500,745834
2023-12-28,102.6400,102.7100,101.0600,101.6200,869694
2023-12-27,102.0700,102.3200,101.5500,102.0100,665118
2023-12-26,101.9100,103.1500,101.3000,102.4900,484942
2023-12-22,101.2300,102.7500,100.8200,101.6400,741054
2023-12-21,101.5900,101.9393,100.1550,101.2300,1460150
2023-12-20,104.5000,104.5000,101.5000,101.5800,1125363
2023-12-19,104.6700,105.5600,103.9300,105.2700,1495826
2023-12-18,105.1300,105.1800,103.1950,103.7300,1946468
2023-12-15,105.3100,105.7800,103.7800,104.7800,2730777
2023-12-14,106.0000,106.8799,104.6100,105.3100,1500189
2023-12-13,103.4200,105.3600,100.8650,105.1300,1616095
2023-12-12,105.5900,105.5900,103.8100,104.3800,1103260
2023-12-11,104.6200,105.5100,103.6100,105.0000,958047
2023-12-08,104.2200,105.4100,103.8200,104.5000,700886
2023-12-07,103.8600,105.3400,102.8000,104.1000,1191016
2023-12-06,105.9300,106.5000,103.7300,104.2100,1207983
2023-12-05,107.6200,107.6200,106.0800,106.1000,1061177
2023-12-04,108.4600,109.9099,107.1527,107.7400,1225341
2023-12-01,109.6300,110.4350,108.9400,109.2100,1034672
2023-11-30,108.0000,109.9000,107.0500,109.8700,1751112
2023-11-29,108.1000,108.8500,107.6600,108.1000,603732
2023-11-28,107.9000,109.0050,107.4500,108.4100,703094
2023-11-27,108.0000,108.7490,107.2900,107.5400,901451
2023-11-24,109.8000,109.8900,107.8100,108.0100,366977
2023-11-22,107.9300,109.6900,107.0500,109.5400,1037644
2023-11-21,107.7000,108.3590,107.0900,108.2000,839479
2023-11-20,107.4300,108.4100,106.0800,107.7000,955065
2023-11-17,106.4200,107.0850,105.8950,106.8000,730933
2023-11-16,106.0000,106.0200,105.1700,105.9300,1102455
2023-11-15,106.2000,107.9450,106.1004,106.7900,1041018
2023-11-14,105.1200,106.6950,104.9500,106.2000,787278
2023-11-13,104.1700,104.6800,102.9400,104.0800,938745
2023-11-10,103.8600,104.8400,103.3400,104.5300,804424
2023-11-09,104.6400,104.8500,102.5400,103.8700,1206453
2023-11-08,104.0300,105.1250,102.1100,102.7600,1142708
2023-11-07,104.9300,105.1550,103.5800,104.6200,677023
2023-11-06,106.0800,106.1900,104.7000,105.4200,793096
2023-11-03,106.2800,107.4200,106.0100,106.0600,855548
2023-11-02,105.9400,107.0700,104.8800,105.4700,1056877
2023-11-01,106.5900,107.2700,105.3500,106.0600,902722
2023-10-31,106.6100,106.9800,105.1800,105.9800,1042615
2023-10-30,106.3300,107.2899,105.2300,106.4600,973860
2023-10-27,105.8800,106.6700,104.3200,105.4200,1007698
2023-10-26,104.9900,108.2700,103.8400,106.3800,1876129
2023-10-25,101.0000,102.5900,100.3500,102.1800,1244800
2023-10-24,101.7000,102.1000,99.6200,100.7200,1034419
2023-10-23,101.7100,102.3800,100.6200,101.4400,1198367
2023-10-20,103.6400,104.4800,101.5800,101.6000,1302765
2023-10-19,105.3400,105.4100,103.2300,103.6500,920561
2023-10-18,104.9600,107.7000,104.7000,105.3100,1233001
2023-10-17,102.6600,105.3000,102.6600,105.1200,852654
2023-10-16,103.0100,103.7300,101.5300,103.3300,1058077
2023-10-13,101.7600,102.7500,100.8050,102.1700,1153885
2023-10-12,102.1350,102.1900,99.1200,101.2800,1453111
2023-10-11,104.8300,105.3150,100.5550,101.9900,2348328
2023-10-10,106.1500,106.9400,104.3600,104.4900,1467680
2023-10-09,103.5300,106.3000,103.5300,105.4900,1282071
2023-10-06,103.4900,103.5600,101.0600,103.1200,1296716
2023-10-05,104.3000,105.3100,103.6950,103.8400,1177871
2023-10-04,105.3800,105.8700,103.9700,104.5200,1082816
2023-10-03,106.0100,107.1350,104.7100,105.7300,1395907
2023-10-02,107.8400,108.0150,105.5750,106.6900,1306803
2023-09-29,110.1600,110.6100,107.9600,108.2500,1560809
2023-09-28,109.7200,111.1200,109.7200,110.6100,984915
2023-09-27,109.3200,110.0400,108.6800,109.5700,1144138
2023-09-26,110.0200,111.1300,108.5800,108.9600,1198134
2023-09-25,110.0000,111.2600,109.7800,110.6900,1010400
2023-09-22,112.8900,113.0500,110.2400,110.4000,1065890
2023-09-21,112.5400,114.2450,112.2200,113.2300,1026795
2023-09-20,113.6300,114.6100,112.5400,112.5900,647935
2023-09-19,113.8800,114.4300,112.8200,112.8700,947918
2023-09-18,113.2600,114.2200,113.0800,113.9300,963059
2023-09-15,114.7000,114.9999,111.9350,112.4100,1902143
2023-09-14,113.7000,115.8400,113.4600,115.3000,835552
2023-09-13,114.3900,114.6800,112.0700,113.1500,1193295
2023-09-12,114.8700,115.3000,114.1900,114.4100,931029
2023-09-11,113.2100,115.1800,113.2100,114.8700,1068321
2023-09-08,112.6800,113.6000,112.0300,112.3800,911106
2023-09-07,110.8400,112.5700,110.7050,112.4600,1345545
2023-09-06,113.0500,113.5600,110.2300,110.8100,1064127
2023-09-05,115.0000,115.1200,112.9859,113.0900,794059
2023-09-01,115.2900,115.6500,114.2200,115.0200,911965
2023-08-31,114.4200,115.0500,113.9850,114.3200,972758
2023-08-30,113.7500,115.1499,113.7500,114.5000,798809
2023-08-29,113.8500,114.3800,113.1100,113.8800,828465
2023-08-28,113.1000,114.2700,112.5800,113.5600,725703
2023-08-25,112.7400,113.5300,111.6800,112.7100,853335
2023-08-24,112.0800,112.8500,111.6600,112.0900,784187
2023-08-23,111.3600,112.6400,111.1000,112.1200,1085181
2023-08-22,113.4700,113.7900,111.3100,111.3900,1048844
2023-08-21,112.6300,113.6300,112.4000,112.9900,894224
2023-08-18,110.1700,112.6854,109.9100,112.5300,999713
2023-08-17,111.2700,112.5500,110.7100,111.0700,1137644
2023-08-16,111.5100,112.3500,110.9200,111.2600,937387
2023-08-15,112.3900,113.4800,111.4800,111.6000,1138441
2023-08-14,111.9500,112.9900,111.2200,112.8800,962277
2023-08-11,112.1300,113.7300,111.8600,112.2300,847257
2023-08-10,112.7700,113.8100,111.3505,112.1400,1169310
2023-08-09,114.2000,114.7600,112.6200,112.7000,986144
2023-08-08,114.5000,114.8100,113.1100,114.0900,1898950
2023-08-07,115.0000,116.5900,114.7101,115.9800,1537509
2023-08-04,114.9200,115.9300,114.4800,114.7100,1664980
2023-08-03,112.6100,116.0100,112.1900,114.3900,1680383
2023-08-02,110.0000,116.0000,109.8950,112.8900,2941989
2023-08-01,107.6700,109.0000,107.1300,108.4200,1396691
2023-07-31,109.8800,109.8800,107.6650,108.6700,1391801
2023-07-28,109.0100,109.0600,107.7050,108.3600,771859
2023-07-27,109.3800,109.5450,107.8100,107.8500,940233
2023-07-26,107.2200,109.2500,107.2100,108.7500,927829
2023-07-25,106.4600,108.9700,106.0800,108.0000,1416406
2023-07-24,105.3300,106.7100,105.3300,106.0800,699786
2023-07-21,106.0350,106.4500,104.3450,104.8400,907007
2023-07-20,104.9400,105.9900,104.4759,105.5900,1239530
2023-07-19,103.3300,104.2050,102.3900,103.9300,1107860
2023-07-18,101.9700,104.4900,101.4300,102.9800,1249156
2023-07-17,100.6400,102.1300,100.2600,101.7100,1179167
2023-07-14,100.8200,101.1000,98.7700,99.6700,625995
2023-07-13,100.7300,101.0279,99.3900,100.5500,860670
2023-07-12,102.9100,103.0990,100.4300,100.6600,979318
2023-07-11,101.2700,102.6500,100.7800,102.1100,1106685
2023-07-10,101.0200,102.8500,100.0300,100.1800,1395063
2023-07-07,98.2100,101.7600,98.1900,100.9900,2088794
2023-07-06,97.3900,98.7100,96.9750,98.2900,1389096
2023-07-05,96.5000,98.5900,96.1900,98.4600,1496462
2023-07-03,94.8700,97.3400,94.6300,97.1200,831027
2023-06-30,93.3100,95.1300,92.1200,94.3500,1407012
2023-06-29,91.8200,93.8300,91.4100,92.8100,916519
2023-06-28,91.6100,91.8200,89.6800,91.8100,1530503
2023-06-27,93.0600,93.3200,91.3600,92.4100,1169192
2023-06-26,94.2400,94.7200,92.6300,92.8800,1216801
2023-06-23,92.6900,94.6300,92.5500,94.0400,1755575
2023-06-22,92.5700,93.7900,91.0600,93.2700,1234475
2023-06-21,92.9400,93.2800,91.6900,91.8200,2009858
2023-06-20,96.5000,96.5000,92.6400,93.5100,1613538
2023-06-16,95.1300,97.2300,93.8100,96.4300,2803981
2023-06-15,95.4100,96.0200,94.0600,94.2000,1799753
2023-06-14,97.1300,98.9100,95.0800,95.3200,1476191
2023-06-13,93.5000,96.5300,91.9200,96.1700,2517119
2023-06-12,93.5900,94.7100,93.0000,93.7900,1199167
2023-06-09,90.7000,93.7100,90.4000,93.6200,961583
2023-06-08,93.8300,96.4800,89.3900,91.1800,2364226
2023-06-07,92.7000,95.5300,91.8400,94.1900,1436970
2023-06-06,90.9800,92.7800,90.9800,92.4300,656493
2023-06-05,92.3900,93.0800,91.4100,91.7400,967952
2023-06-02,91.9100,93.0950,91.1700,92.2800,1123822
2023-06-01,92.7800,93.0600,90.8150,91.0200,1181953
2023-05-31,92.8700,93.5100,91.7000,92.6400,1537805
2023-05-30,93.8700,94.4650,91.9100,93.9400,1124341
2023-05-26,93.8900,95.3600,92.5900,94.3000,1510306
2023-05-25,89.7900,99.6100,88.9200,93.6100,4139320
2023-05-24,91.6800,92.2150,89.5900,90.4600,922406
2023-05-23,90.5800,92.9300,90.1800,91.8100,908233
2023-05-22,90.8600,91.4899,89.1200,90.4700,738797
2023-05-19,89.2700,90.7800,88.6500,90.4500,1121096
2023-05-18,88.8700,89.2600,87.8650,88.8200,888999
2023-05-17,89.6700,90.0900,88.5600,89.6900,848495
2023-05-16,91.4500,91.8400,89.0400,89.1100,988651
2023-05-15,90.8100,92.3300,90.7300,91.9900,1015465
2023-05-12,90.0500,90.8367,89.7300,90.3000,769071
2023-05-11,89.9500,90.3700,89.0150,89.9700,1067866
2023-05-10,90.0000,90.9100,89.3100,89.5900,980997
2023-05-09,89.8000,89.8000,87.8738,89.3000,1094126
2023-05-08,90.7000,91.3600,90.1800,90.2100,1180291
2023-05-05,90.4500,91.3550,89.7800,90.5500,990397
2023-05-04,90.3000,92.2800,88.9600,89.3500,1084319
2023-05-03,95.0000,95.0400,90.0375,90.7900,1681790
2023-05-02,91.9300,92.1550,89.6200,91.1500,1226382
2023-05-01,93.7300,94.1600,92.4650,92.5400,838273
2023-04-28,92.1200,93.7600,91.6800,93.6000,693262
2023-04-27,91.9300,93.0500,91.3000,92.6900,819195
2023-04-26,91.0100,93.2200,91.0100,92.0300,1032601
2023-04-25,94.3100,94.3100,90.7044,91.3800,1781227
2023-04-24,95.1900,95.6900,94.3700,95.2400,859390
2023-04-21,96.6800,96.6800,94.5900,95.1000,715008
2023-04-20,95.5300,96.9900,95.2100,96.3900,798895
2023-04-19,97.8600,97.8700,96.1000,96.7500,776218
2023-04-18,96.0500,97.8800,95.7200,97.8000,951213
2023-04-17,94.5800,95.7600,93.7000,95.7500,992424
2023-04-14,93.8800,94.7000,93.2000,94.4000,1019712
2023-04-13,94.2600,94.3950,92.9700,93.3000,1347784
2023-04-12,95.2500,95.8300,94.2400,94.5300,1096003
2023-04-11,94.5200,96.1350,94.3100,95.2200,1017844
2023-04-10,92.7400,94.2050,92.5200,94.1700,841101
2023-04-06,92.0900,92.8500,90.3900,92.4600,1528452
2023-04-05,94.0500,94.1300,91.7800,92.2400,1774751
2023-04-04,97.0400,97.0400,93.9300,94.5100,1571642
2023-04-03,96.1700,97.9800,95.5700,96.6600,1067750
2023-03-31,95.9900,96.8200,94.9200,95.5200,1290326
2023-03-30,97.8900,98.0000,94.7450,95.3400,1337451
2023-03-29,97.7400,97.8500,96.4500,97.0000,1430434
2023-03-28,95.6900,97.3500,95.4300,96.6000,1318993
2023-03-27,94.8900,96.6200,94.4000,95.8300,1322046
2023-03-24,92.9900,94.4050,91.5500,93.9300,1370909
2023-03-23,95.9300,97.6400,92.9100,93.5400,1553049
2023-03-22,97.6000,98.1950,95.5600,95.6400,1097643
2023-03-21,96.3200,97.2300,94.7950,97.2000,1623148
2023-03-20,92.5000,96.3500,92.4500,95.0400,2494303
2023-03-17,96.3500,96.9400,91.9700,92.1100,3876813
2023-03-16,95.1000,98.0700,95.1000,96.7200,2220336
2023-03-15,101.7700,102.0000,95.5200,96.7900,6957250
2023-03-14,100.7300,106.9900,99.9600,104.6200,39934105
2023-03-13,91.0000,91.6400,89.0400,91.3900,1760605
2023-03-10,94.7400,94.8550,92.1300,92.5500,1040691
2023-03-09,96.8400,97.7300,94.8800,94.9100,1016390
2023-03-08,97.1800,97.5100,96.0600,96.8200,630872
2023-03-07,97.2000,97.8100,96.1800,97.1800,884540
2023-03-06,98.4900,98.7400,97.5100,98.0600,985248
2023-03-03,97.2300,99.0700,96.9300,98.7700,1052772
2023-03-02,95.0500,98.2300,94.6500,97.5600,856556
2023-03-01,95.1500,96.1400,94.8758,95.1700,661654
2023-02-28,96.9100,96.9100,94.9700,95.5000,1327075
2023-02-27,97.9700,98.9800,97.1700,97.1900,796794
2023-02-24,98.1500,98.3700,97.3700,98.0600,696294
2023-02-23,98.7200,99.6410,97.7900,98.4200,608829
2023-02-22,96.3300,98.6850,96.0100,97.8500,811878
2023-02-21,97.1000,97.6100,96.1700,96.1700,1257825
2023-02-17,97.0100,97.9500,95.9500,97.5700,752551
2023-02-16,98.8500,99.3250,97.5500,97.5500,810100
2023-02-15,99.1200,99.4500,98.3300,99.4000,986159
2023-02-14,98.4900,100.0000,97.8300,99.9600,1140539
2023-02-13,98.4000,98.5350,97.0300,98.2400,1681650
2023-02-10,96.9900,99.4400,96.4500,98.8900,1358873
2023-02-09,96.4600,98.7600,95.3400,96.1000,1623357
2023-02-08,98.4000,103.3950,97.7400,98.1900,1846736
2023-02-07,99.3600,99.6143,97.4400,98.9600,1191348
2023-02-06,98.1600,99.6400,97.3500,99.5800,1216008
2023-02-03,98.8600,99.8300,97.5500,98.0800,1159883
2023-02-02,99.5800,99.7300,97.1200,98.7100,1296604
2023-02-01,99.0700,100.5500,98.3400,100.1200,847809
2023-01-31,97.2000,99.2800,96.8566,99.1000,1026174
2023-01-30,97.2700,97.6900,96.3250,97.0700,740360
2023-01-27,100.0000,100.2600,97.5600,97.6000,887274
2023-01-26,97.4300,99.8800,96.0100,99.7500,1283168
2023-01-25,95.7100,96.9000,94.3900,96.8800,1112808
2023-01-24,94.9800,96.9300,94.4500,96.5700,964332
2023-01-23,97.0000,97.3500,94.3950,95.6500,1373360
2023-01-20,98.9000,100.1250,96.1800,97.4300,1118443
2023-01-19,97.7500,99.6900,97.4200,98.3900,742273
2023-01-18,101.0500,102.3050,97.7600,97.8900,904022
2023-01-17,100.9700,102.3900,100.6300,101.2000,730076
2023-01-13,100.5400,100.8100,99.5800,100.4200,595876
2023-01-12,98.7100,101.2500,98.0600,100.5400,990531
2023-01-11,98.7000,99.0000,97.7300,98.4600,569754
2023-01-10,98.7600,99.2700,96.4800,97.5100,907777
2023-01-09,96.5900,99.1900,96.0000,98.0400,1245214
2023-01-06,94.3700,97.0050,94.2050,96.6200,958196
2023-01-05,95.6300,95.7300,91.7500,93.1800,1409726
2023-01-04,95.4700,96.2350,93.3400,95.0000,1384238
2023-01-03,99.9500,100.0000,95.3350,95.5700,876767
2022-12-30,99.5400,100.0100,98.8200,99.7700,597006
2022-12-29,99.6300,101.2200,99.6300,99.7900,691153
2022-12-28,100.6600,101.1600,98.8900,99.5000,707696
2022-12-27,99.2700,100.8000,99.2700,100.5800,623846
2022-12-23,97.4600,99.1100,97.1960,98.9600,459676
2022-12-22,97.7200,97.7200,95.4850,97.1100,545408
2022-12-21,97.0600,98.5500,96.5400,97.7900,911566
2022-12-20,95.9200,97.3600,95.5600,96.4700,1096750
2022-12-19,96.6800,97.8800,95.1850,96.1900,807548
2022-12-16,95.9700,97.4900,94.5000,96.0800,1638489
2022-12-15,95.2500,96.8000,95.1600,96.7500,1105231
2022-12-14,96.1100,97.0100,95.0000,96.2300,1346912
2022-12-13,96.9000,97.1500,94.4600,94.4700,1036057
2022-12-12,95.7100,95.7100,94.3100,95.4700,729221
2022-12-09,96.4000,96.8900,95.3400,95.5100,791717
2022-12-08,96.5800,97.0000,95.2000,96.3600,1148414
2022-12-07,95.3800,97.9100,95.1700,95.5100,1196435
2022-12-06,93.0000,95.8100,92.9000,95.4700,1608426
2022-12-05,93.6100,94.3700,92.4500,93.3200,1540803
2022-12-02,98.4200,98.9200,94.0700,94.8300,2621089
2022-12-01,103.5900,104.5400,96.1600,98.9400,2660647
2022-11-30,105.8100,106.2000,102.5500,104.8400,2051588
2022-11-29,103.2300,105.6000,103.2300,104.1600,1306491
2022-11-28,100.9100,102.3800,100.2200,102.3800,941663
2022-11-25,101.8200,103.1300,101.5300,101.7800,544650
2022-11-23,101.5100,102.1700,100.8175,101.1800,588322
2022-11-22,101.8900,102.8184,99.5801,101.5800,1744583
2022-11-21,100.2400,102.0700,98.1900,101.2800,1458227
2022-11-18,100.3400,101.2900,99.5700,100.7000,812598
2022-11-17,97.7800,99.5900,97.5000,99.4900,1051382
2022-11-16,99.7400,99.9200,98.5245,99.4100,881887
2022-11-15,99.5200,100.5000,97.3000,99.7600,1582404
2022-11-14,100.9400,101.9900,98.7600,98.8600,1335791
2022-11-11,103.0000,103.6900,99.8900,101.5100,1003691
2022-11-10,102.7600,104.1950,100.8200,102.1900,1496014
2022-11-09,103.0700,104.0200,99.5500,99.9300,1799980
2022-11-08,103.4000,105.7600,102.9575,104.5600,1958345
2022-11-07,99.5500,103.2800,99.5500,103.2100,1721676
2022-11-04,100.6400,101.4000,98.3050,99.5300,840777
2022-11-03,97.4600,99.5700,96.6500,98.7300,960423
2022-11-02,98.3400,101.6400,98.2100,99.1800,1521194
2022-11-01,99.3900,100.9500,98.3400,99.7700,1023573
2022-10-31,97.2000,100.2200,97.2000,98.7000,1471801
2022-10-28,97.7900,98.6300,95.7500,96.7600,1124140
2022-10-27,99.2300,102.7900,97.7900,97.8600,1840464
2022-10-26,98.0000,99.7199,95.0400,98.4100,2825193
2022-10-25,91.2500,92.2800,89.6659,91.9700,1822198
2022-10-24,90.8500,91.3740,90.4400,91.1100,1123219
2022-10-21,89.5500,91.3400,88.9300,90.8000,853388
2022-10-20,91.1500,91.7300,89.8200,89.8300,1186210
2022-10-19,89.0000,90.8300,88.6800,90.6000,1241114
2022-10-18,88.9000,89.6200,88.0300,89.3000,1207066
2022-10-17,86.5800,88.7200,86.5800,87.8400,1061037
2022-10-14,90.5100,91.5500,84.6100,84.9900,1297691
2022-10-13,86.9800,90.8590,85.2100,90.3500,1136263
2022-10-12,86.5500,88.3300,83.6800,87.6000,1943685
2022-10-11,85.7000,87.7500,84.3600,86.2000,1044613
2022-10-10,86.2500,87.5200,86.1700,86.6000,954063
2022-10-07,85.9700,86.4550,84.6400,85.5200,879654
2022-10-06,86.9000,87.8850,86.1800,86.2500,1325439
2022-10-05,87.4600,88.3300,86.5900,87.7400,857762
2022-10-04,85.4900,88.4000,85.4300,88.1300,1300398
2022-10-03,83.4400,84.6200,82.7801,84.3900,1010920
2022-09-30,83.2100,83.4250,82.0500,82.5700,1051544
2022-09-29,83.3600,83.4271,80.4100,82.2400,1044679
2022-09-28,82.5700,84.3278,82.2600,83.9000,1161052
2022-09-27,83.0800,84.9200,81.8000,82.2100,1166687
2022-09-26,82.3700,84.3900,81.2900,81.9200,1372352
2022-09-23,86.2000,86.5299,82.6100,83.1900,1334575
2022-09-22,90.2600,90.8500,88.1250,88.3000,952005
2022-09-21,91.8200,92.3000,89.5000,89.5000,852515
2022-09-20,90.8000,90.8000,88.8200,90.2100,872250
2022-09-19,88.3700,91.3100,88.2200,91.2500,911534
2022-09-16,90.9100,90.9200,88.6200,89.4500,1629999
2022-09-15,92.0900,92.5600,90.8901,91.2000,922153
2022-09-14,93.1100,93.3200,91.3700,92.2000,909069
2022-09-13,93.6300,96.1700,92.4700,92.9400,1000323
2022-09-12,97.4200,98.0900,94.4300,94.9100,1235079
2022-09-09,97.8900,98.0900,95.7200,96.8900,1174168
2022-09-08,95.0000,96.9450,94.6500,96.8700,881443
2022-09-07,93.3300,96.1600,92.7500,95.5700,1327949
2022-09-06,99.5900,100.2300,93.6850,94.1000,1433481
2022-09-02,99.1600,101.1500,98.9500,99.0100,1134429
2022-09-01,98.3400,98.9800,97.0300,98.0700,891897
2022-08-31,99.2000,100.4800,98.2600,99.1700,1799286
2022-08-30,103.5600,104.1500,99.5000,99.8800,1486593
2022-08-29,101.6000,104.5400,101.3600,103.8000,1115990
2022-08-26,102.6300,103.5200,101.1900,102.3200,921023
2022-08-25,101.9100,102.9500,101.4150,102.9400,838774
2022-08-24,101.5300,103.0000,100.5900,101.3300,993216
2022-08-23,99.6900,102.7500,99.6900,101.9100,1661032
2022-08-22,98.6900,99.4000,97.9100,99.3000,930611
2022-08-19,100.0000,100.8500,99.5500,100.0200,1390226
2022-08-18,99.9700,101.2300,99.6700,100.6900,1447953
2022-08-17,99.0300,100.1300,98.5100,100.1000,906756
2022-08-16,100.2500,100.9600,98.7800,99.5200,1767325
2022-08-15,99.4200,100.7100,97.8200,100.3500,1010960
2022-08-12,100.0800,101.2800,99.3600,101.2400,1034251
2022-08-11,98.7900,99.7900,98.2800,98.5900,853886
2022-08-10,97.9600,98.6000,96.8500,97.8500,1114975
2022-08-09,97.0600,98.9000,96.7200,97.3800,1044733
2022-08-08,96.8800,97.7800,96.0700,96.2900,1147860
2022-08-05,94.6500,97.3600,94.5600,96.7500,1351344
2022-08-04,94.5600,96.5550,93.9701,95.0500,1524422
2022-08-03,92.8400,95.3000,92.4300,95.0500,2166056
2022-08-02,93.5400,94.3000,92.5100,92.9400,1529565
2022-08-01,92.4700,94.6800,92.0400,93.8400,1701948
2022-07-29,89.6700,92.5950,89.4000,92.3300,1682717
2022-07-28,90.1400,91.2280,88.8600,89.3200,2134771
2022-07-27,90.7000,92.8300,88.4100,91.5200,3247894
2022-07-26,95.5200,97.2000,94.2300,95.3300,1765333
2022-07-25,92.4500,94.9600,91.9900,94.2000,1292262
2022-07-22,91.4600,92.9350,90.5401,91.0200,876576
2022-07-21,90.9100,92.5300,90.6500,91.5900,1367685
2022-07-20,89.2900,91.9700,89.1600,91.8900,1605129
2022-07-19,88.1200,90.1500,87.9100,90.0000,1298970
2022-07-18,87.4800,89.5000,87.4400,87.7100,1183519
2022-07-15,86.5000,86.6700,84.9300,86.4100,863947
2022-07-14,85.1800,85.7600,84.0350,85.6300,1091226
2022-07-13,86.8400,88.3300,86.6900,87.1100,998022
2022-07-12,85.8800,89.3100,85.6100,87.5900,1421224
2022-07-11,87.0600,88.4550,86.6300,87.1300,959174
2022-07-08,89.4700,89.9500,87.5550,87.7000,953367
2022-07-07,88.5200,90.5200,87.3800,88.7500,1957267
2022-07-06,87.0100,87.3500,83.7800,85.8500,2323894
2022-07-05,88.7900,89.7550,85.4800,86.6200,1450772
2022-07-01,90.5800,91.4400,88.0800,90.9500,1286994
2022-06-30,91.4200,92.2300,90.4100,90.6900,1729803
2022-06-29,90.9000,92.1800,89.7000,91.4800,1338956
2022-06-28,92.2100,94.3600,90.0200,90.7100,1218632
2022-06-27,89.2500,91.4100,87.9200,90.9200,1973400
2022-06-24,87.4400,89.3900,85.5000,88.3900,3142336
2022-06-23,92.4600,92.5859,86.0500,87.3900,3119321
2022-06-22,96.6900,96.7700,92.9200,93.0600,2220351
2022-06-21,98.1000,99.2800,97.4600,98.7100,1872168
2022-06-17,100.1100,100.4300,96.0800,97.6000,3743950
2022-06-16,101.6700,102.5400,99.9300,100.2400,1620836
2022-06-15,104.8200,105.6600,102.8900,103.9200,1229394
2022-06-14,103.1400,104.4200,102.5500,104.3500,1328892
2022-06-13,104.5050,105.6750,102.2300,102.4400,1316000
2022-06-10,108.8100,109.7750,106.9100,106.9600,1167961
2022-06-09,112.8100,113.4186,110.1600,110.1900,933941
2022-06-08,112.1300,113.6500,111.7850,112.5300,1044468
2022-06-07,111.0000,113.3200,110.7010,112.8100,1398560
2022-06-06,113.8500,113.8500,111.4850,111.9000,1492593
2022-06-03,114.5600,114.8050,112.1500,112.9900,1473495
2022-06-02,113.5000,116.3250,112.8200,115.2000,1341968
2022-06-01,118.6700,118.9900,112.2800,114.1000,1730294
2022-05-31,116.4000,118.6400,115.6500,118.3200,2564029
2022-05-27,114.7500,114.8700,112.6900,114.7200,1279864
2022-05-26,116.1200,116.4260,113.8700,114.9300,1013798
2022-05-25,115.4000,116.7900,114.3200,115.7300,1165383
2022-05-24,112.8600,115.5400,112.0740,115.4600,2010997
2022-05-23,110.4100,114.3700,109.6700,113.4400,1204693
2022-05-20,110.5000,112.3300,107.0750,109.3800,1283860
2022-05-19,110.0000,111.5800,107.6500,110.3500,1609468
2022-05-18,115.2200,115.9150,110.6300,111.2900,1240231
2022-05-17,114.5000,117.5200,112.7920,116.4900,1455552
2022-05-16,110.4500,112.7999,110.3801,112.5700,1460414
2022-05-13,110.9300,111.6400,108.2800,109.5800,1496195
2022-05-12,109.6200,110.5350,106.5800,109.1700,1537050
2022-05-11,110.5000,113.0100,109.0750,109.7700,1910376
2022-05-10,108.7400,111.0950,108.3000,110.3300,1703285
2022-05-09,113.2100,113.8000,107.5700,107.8300,1775743
2022-05-06,114.5600,115.5990,113.1550,115.2300,1475662
2022-05-05,118.4400,118.9300,114.3500,114.8200,1033206
2022-05-04,117.3000,118.8800,114.9600,118.6800,1861335
2022-05-03,115.0000,117.6688,114.5600,116.7700,1283065
2022-05-02,113.1300,116.1500,113.1200,115.2400,1652540
2022-04-29,117.2600,117.2600,112.9600,113.1200,1523316
2022-04-28,120.1600,120.8600,115.4450,116.8300,2245048
2022-04-27,118.0000,121.7800,113.7500,118.9600,2712697
2022-04-26,120.0000,120.8600,114.8100,114.8600,2349349
2022-04-25,116.3900,117.1700,112.4710,116.3900,1977443
2022-04-22,122.0300,123.0400,116.7018,117.9400,3243550
2022-04-21,127.3500,128.4000,122.1400,122.3300,1816324
2022-04-20,122.8300,126.6400,121.6800,126.0000,2290830
2022-04-19,124.0900,126.1800,121.8900,123.2400,2324049
2022-04-18,123.8700,127.9700,123.5100,126.7600,2507852
2022-04-14,122.0000,124.3650,121.9900,123.9600,1375475
2022-04-13,119.4800,121.4311,119.1200,120.9600,1378719
2022-04-12,118.9000,121.4800,118.5000,119.3000,1436103
2022-04-11,119.9000,119.9400,116.6200,117.6700,1734605
2022-04-08,118.0000,119.8700,116.9900,118.2500,1344931
2022-04-07,113.8200,117.6700,113.7500,116.7400,2038571
2022-04-06,112.0300,114.9700,111.9000,113.1600,1943466
2022-04-05,111.8600,112.8050,111.3950,111.8900,1098373
2022-04-04,113.4000,113.4000,110.5800,111.4500,817569
2022-04-01,111.5400,113.6000,111.1400,112.7800,1005113
2022-03-31,109.3400,112.1400,108.5500,110.8100,1234514
2022-03-30,108.8700,111.2500,108.8650,109.7100,1147895
2022-03-29,110.0000,110.0000,104.0100,108.0800,2750233
2022-03-28,116.5400,116.5400,112.9700,113.8600,1354997
2022-03-25,114.0900,117.4500,114.0900,117.2100,2239623
2022-03-24,112.6000,114.2000,112.3000,113.9900,1680856
2022-03-23,110.7900,112.2900,110.4500,111.9600,1256898
2022-03-22,110.9900,111.1800,109.1800,110.3300,2016666
2022-03-21,106.4600,110.1300,106.0100,110.0800,2925808
2022-03-18,104.7400,105.4500,103.1700,104.9100,2251294
2022-03-17,104.5600,106.7900,104.3000,105.3900,1965310
2022-03-16,107.8600,108.2417,102.9620,104.0600,3064158
2022-03-15,108.6100,109.4900,106.0700,108.0600,1474842
2022-03-14,110.1600,110.5000,106.4400,108.1500,1631303
2022-03-11,109.6400,111.1600,109.1400,109.9300,1370916
2022-03-10,106.6600,110.2300,106.5200,109.7500,1932917
2022-03-09,107.0000,108.3950,105.0500,107.4800,1671473
2022-03-08,108.8900,109.8439,105.5000,106.3100,2568668
2022-03-07,109.5000,112.6300,107.4700,108.7500,3034130
2022-03-04,109.0500,109.0500,106.7400,108.3200,2075998
2022-03-03,108.7500,109.8300,107.5350,109.2100,2106183
2022-03-02,106.8000,108.3987,106.3400,107.7700,2145774
2022-03-01,104.8600,107.0350,103.9400,105.8700,2292426
2022-02-28,104.2000,105.7000,103.3300,104.5500,2819621
2022-02-25,101.1400,105.2900,99.9900,105.1900,2033325
2022-02-24,97.8600,102.2700,96.8900,101.9100,2242561
2022-02-23,99.8600,100.8900,99.4950,99.6800,1647545
2022-02-22,98.9900,100.3300,97.8400,99.1300,974669
2022-02-18,99.9100,100.7999,98.7200,99.3000,1183911
2022-02-17,101.3400,101.4500,99.8000,100.0000,1964301
2022-02-16,101.5400,103.0300,101.1400,102.7600,1488067
2022-02-15,100.4900,102.1000,100.0100,101.6200,1407079
2022-02-14,102.0000,102.0500,99.8700,100.8300,1801656
2022-02-11,102.0300,102.4050,100.2800,101.6900,1540759
2022-02-10,99.6000,102.9400,98.3705,99.0600,1452979
2022-02-09,100.5000,103.5900,99.0100,99.6000,1832114
2022-02-08,99.5000,101.2150,99.1200,100.9600,1329737
2022-02-07,98.2200,99.3900,97.6700,98.9200,666715
2022-02-04,98.6700,99.4700,96.8600,98.1000,788875
2022-02-03,99.5000,100.7799,98.5301,98.7900,956380
2022-02-02,100.0500,101.1300,98.6300,100.6600,1383600
2022-02-01,98.8600,100.0600,98.2000,99.9900,1648249
2022-01-31,97.7900,98.9650,97.0200,98.8600,1072724
2022-01-28,96.4100,98.7100,96.1800,98.1900,913721
2022-01-27,97.3800,99.6300,96.3000,96.5900,1192686
2022-01-26,95.0000,98.2400,94.9100,96.2900,1061215
2022-01-25,92.9900,95.0000,90.4250,94.6900,1282641
2022-01-24,91.8100,94.1000,89.6200,93.6900,1733942
2022-01-21,93.8600,95.4800,92.1701,94.3300,1205522
2022-01-20,96.7800,97.9450,94.5300,94.7600,1207724
2022-01-19,98.2400,98.2800,96.3500,96.7600,802781
2022-01-18,97.9300,98.3800,96.8100,98.0900,728035
2022-01-14,98.2900,99.4755,97.1300,98.7100,733298
2022-01-13,99.2600,99.9300,98.3500,98.7800,583727
2022-01-12,98.0000,99.6199,97.2900,98.5700,1250252
2022-01-11,96.1600,97.7700,95.3700,97.7600,1152450
2022-01-10,97.0000,97.8800,94.9100,96.1100,978316
2022-01-07,95.8300,97.3000,94.7000,97.0200,797402
2022-01-06,94.9900,96.5600,93.9700,96.1200,1065220
2022-01-05,94.8600,95.5700,93.8500,93.9700,975300
2022-01-04,95.0000,95.6300,94.2900,94.5300,1004123
2022-01-03,93.5200,94.3300,92.6100,93.7100,577819
2021-12-31,91.6700,93.8700,91.5110,93.3600,480567
2021-12-30,92.5100,93.2300,91.8500,92.0600,411338
2021-12-29,91.8000,92.4450,91.4200,92.2100,482474
2021-12-28,90.8400,91.7600,90.5500,91.7300,455964
2021-12-27,90.2700,91.2900,89.5600,91.0600,366763
2021-12-23,89.0100,90.4000,88.8000,90.1600,481241
2021-12-22,88.0500,89.0000,87.9000,89.0000,938744
2021-12-21,87.0500,88.9100,86.7700,88.2700,1014981
2021-12-20,86.8000,87.3700,84.1200,85.8200,818441
2021-12-17,88.2500,88.8100,87.1400,88.0800,1070062
2021-12-16,88.6500,89.2875,88.0000,88.2700,810001
2021-12-15,86.9500,88.0600,85.7000,87.7800,611124
2021-12-14,87.8900,88.8400,87.0300,87.0800,729796
2021-12-13,86.7900,88.4200,86.5200,87.8600,962619
2021-12-10,86.2500,87.0300,85.7800,86.9100,941988
2021-12-09,86.8900,86.8900,84.8550,85.4800,934897
2021-12-08,87.7300,88.7350,86.9500,87.0200,630145
2021-12-07,87.4300,88.6550,86.6300,87.7800,743334
2021-12-06,87.7200,88.3900,86.2700,86.5600,1043748
2021-12-03,86.7900,88.2700,86.0400,86.6200,1486794
2021-12-02,85.0100,87.0300,84.3800,86.0500,1327996
2021-12-01,88.3000,88.9300,84.4500,84.4900,1022624
2021-11-30,89.9000,89.9000,86.0000,86.5700,2229658
2021-11-29,91.7500,91.9996,89.8800,90.5800,944152
2021-11-26,90.8400,90.9400,89.3900,90.4800,902383
2021-11-24,94.2300,94.4100,92.5950,92.8400,841564
2021-11-23,94.0600,94.8300,93.5500,94.3000,640858
2021-11-22,94.3600,95.4799,93.6400,94.2100,973383
2021-11-19,95.1600,96.0800,93.8400,94.1100,878245
2021-11-18,95.1000,96.1100,94.5150,96.0200,848393
2021-11-17,94.7600,95.7900,93.7500,95.6300,1272697
2021-11-16,96.1500,96.9900,95.2900,95.7300,1114891
2021-11-15,95.3700,96.2300,94.7600,96.1500,977673
2021-11-12,94.0000,95.3200,93.5000,95.1300,969638
2021-11-11,92.5300,94.3100,92.1200,93.9600,828320
2021-11-10,92.6300,93.2800,91.9250,92.3000,1076463
2021-11-09,92.5000,93.7000,91.5700,92.8900,769013
2021-11-08,93.3700,94.0900,92.3400,92.4900,550634
2021-11-05,93.0000,93.2000,91.9500,92.9200,887104
2021-11-04,91.7000,92.8050,91.5410,92.5700,958840
2021-11-03,90.5200,91.6400,89.0900,91.4600,1451843
2021-11-02,91.7600,91.9850,90.3700,91.1300,910013
2021-11-01,93.2800,94.0999,91.7900,92.1200,1446515
2021-10-29,92.9400,93.6800,91.9600,92.6400,1302578
2021-10-28,91.2900,92.9300,90.0000,92.9100,2044238
2021-10-27,90.0000,91.1500,89.0300,90.6200,2072954
2021-10-26,88.8200,89.1200,87.0500,87.2500,1050511
2021-10-25,88.5900,89.1890,87.7400,88.3200,773222
2021-10-22,87.6000,88.6100,87.4500,88.3300,665484
2021-10-21,87.6000,88.1700,86.8700,87.6900,683741
2021-10-20,86.5000,88.0300,86.1300,87.5800,996815
2021-10-19,86.2300,86.7400,85.6250,86.4700,538126
2021-10-18,85.1200,86.1200,84.7900,85.6800,483207
2021-10-15,86.4500,86.6300,85.5800,85.6200,625463
2021-10-14,84.6700,86.0000,84.2000,85.8700,862914
2021-10-13,84.6100,84.7500,83.0300,84.0600,844177
2021-10-12,84.4300,85.1300,84.1300,84.4700,619655
2021-10-11,85.0500,85.5800,84.4000,84.9400,689661
2021-10-08,84.7500,85.0000,84.1300,84.3600,529118
2021-10-07,84.3000,85.0899,83.9000,84.5000,677277
2021-10-06,83.4200,84.3300,82.0600,83.9300,952649
2021-10-05,82.9400,84.2100,81.7700,84.1200,1433840
2021-10-04,82.5200,83.6200,82.3200,82.5900,835664
2021-10-01,81.6800,83.0900,80.7300,82.5200,952595
2021-09-30,81.0200,81.8500,79.9100,81.3200,1240984
2021-09-29,81.2500,81.8900,80.5300,80.9400,695426
2021-09-28,80.9400,82.3100,80.4450,80.6800,1105153
2021-09-27,79.3000,80.5900,78.7500,80.3400,922144
2021-09-24,78.3300,79.3999,77.9450,78.7700,827417
2021-09-23,77.7200,79.6000,77.5100,78.6900,609685
2021-09-22,78.0400,78.9200,76.0700,77.2900,1693094
2021-09-21,77.6400,77.6400,75.8107,77.1100,759100
2021-09-20,78.2600,78.7500,76.2300,77.1200,925501
2021-09-17,81.1900,81.4900,79.7950,80.5800,1924709
2021-09-16,81.1200,81.7600,80.3700,81.0900,1034740
2021-09-15,77.0000,81.3100,76.7100,81.1300,1844907
2021-09-14,77.3500,78.4400,76.7700,76.9800,1016926
2021-09-13,77.0000,77.7600,76.5600,77.2500,877368
2021-09-10,75.6400,76.9200,75.6100,76.1400,758873
2021-09-09,76.3800,76.6200,75.1900,75.6500,1016606
2021-09-08,76.6900,77.0200,74.6300,76.4900,1333431
2021-09-07,77.0000,78.0000,76.6500,77.0500,1319423
2021-09-03,77.1600,77.4700,76.2800,77.3900,609759
2021-09-02,76.7700,78.6900,76.5450,77.1900,1039908
2021-09-01,75.7300,76.1700,74.2700,75.7600,676009
2021-08-31,75.9000,76.2200,75.3900,75.7100,1082042
2021-08-30,77.4500,77.4500,75.6250,75.7300,544604
2021-08-27,75.3000,77.3150,74.7700,77.1200,787019
2021-08-26,76.3800,76.4900,75.2100,75.3000,510606
2021-08-25,75.4100,76.8900,74.9150,76.3700,629644
2021-08-24,74.9800,76.2700,74.9800,75.5400,679744
2021-08-23,73.8000,75.2900,73.4500,74.8600,823490
2021-08-20,74.2700,74.6300,73.1500,73.6200,1280534
2021-08-19,76.0900,77.0200,73.8300,74.4700,1104905
2021-08-18,77.8400,78.6500,77.1300,77.2100,569410
2021-08-17,79.0200,79.7900,77.8600,78.8100,934024
2021-08-16,79.0300,79.6500,78.5200,79.5800,684390
2021-08-13,79.2900,79.9063,78.8300,79.1700,681017
2021-08-12,79.0000,79.2400,78.3800,79.0900,602704
2021-08-11,79.3200,79.4900,77.6900,79.2400,780345
2021-08-10,77.4300,78.8100,77.4000,78.6500,710383
2021-08-09,76.3500,78.1600,76.1000,77.3500,740169
2021-08-06,75.3300,76.8600,75.3300,76.5600,664512
2021-08-05,75.3800,76.0000,74.5100,74.9600,703120
2021-08-04,76.4500,76.4500,74.6700,75.2800,959476
2021-08-03,76.5300,77.7300,74.8593,77.2400,1006549
2021-08-02,77.9800,78.8500,76.4900,76.6900,1150193
2021-07-30,79.7200,80.1100,77.2700,77.6300,1317355
2021-07-29,79.2800,80.4200,78.1850,79.6100,1368973
2021-07-28,78.3000,79.1400,75.4934,78.5100,2770621
2021-07-27,74.7500,75.5400,74.2000,75.2000,1493995
2021-07-26,75.2800,76.1300,74.6700,74.7200,1307430
2021-07-23,74.9100,75.0700,74.1900,74.9400,1008747
2021-07-22,75.8300,75.8300,74.4200,74.5500,1345818
2021-07-21,75.3400,76.4000,75.2300,75.9000,2000138
2021-07-20,73.9100,75.2000,73.5200,74.7800,1290627
2021-07-19,72.0700,73.9600,71.7301,73.7800,1755077
2021-07-16,76.0000,76.4000,73.3700,73.5900,1197820
2021-07-15,75.7000,76.5600,75.2500,75.7000,759443
2021-07-14,76.4900,77.3250,75.4400,75.9400,975759
2021-07-13,77.6500,77.6500,75.9850,76.3400,959513
2021-07-12,77.1200,77.8100,75.8900,77.5300,1117699
2021-07-09,77.2100,77.9700,76.5900,77.4500,1280844
2021-07-08,76.0200,77.0900,74.8900,76.1400,1034947
2021-07-07,77.0000,78.1700,76.5100,77.8000,1760030
2021-07-06,79.4900,79.6800,77.3550,77.6700,1249720
2021-07-02,79.6200,79.9300,78.5500,79.6900,954501
2021-07-01,79.0800,80.0500,78.5300,79.4200,1306594
2021-06-30,79.2900,79.6800,77.5300,78.1500,1093379
2021-06-29,79.7600,80.4200,79.1200,79.5400,1376116
2021-06-28,79.6400,79.8300,77.8000,79.3500,1171519
2021-06-25,79.7600,80.4400,78.3700,79.1100,2197239
2021-06-24,80.6400,81.5700,80.0500,80.2900,970492
2021-06-23,79.6100,80.3500,79.3800,79.9900,1153419
2021-06-22,80.2600,80.6400,78.6300,79.7700,1587118
2021-06-21,77.9200,80.2600,77.7000,80.1800,2165686
2021-06-18,77.1600,77.9150,75.8901,77.2000,3735884
2021-06-17,80.1600,80.3170,74.8100,78.0100,3322289
2021-06-16,81.3800,81.3800,80.0068,80.4400,1442772
2021-06-15,82.5300,82.7800,81.0600,81.4500,1527361
2021-06-14,84.2100,84.4900,82.1700,82.6200,1595572
2021-06-11,88.1900,88.3400,84.5500,84.7000,1463653
2021-06-10,89.1900,89.3250,87.4900,87.5300,591239
2021-06-09,89.4300,89.7000,88.2900,88.7900,851842
2021-06-08,89.3700,90.0400,88.6500,89.7500,1199355
2021-06-07,89.2500,90.1000,88.9200,89.6000,931677
2021-06-04,89.0500,89.6000,88.5300,89.1100,817833
2021-06-03,88.4200,89.0200,87.6000,88.9400,1048666
2021-06-02,89.7600,89.7600,87.7800,88.5700,1226798
2021-06-01,88.1000,89.4800,87.8500,89.3600,1341828
2021-05-28,87.1100,87.3100,86.1377,86.8200,1093236
2021-05-27,88.5000,89.4500,87.0000,87.0100,1879830
2021-05-26,87.0200,87.9500,85.8300,87.8400,1111063
2021-05-25,86.8600,87.8300,86.3400,87.0200,1102852
2021-05-24,87.2200,87.7200,86.4400,86.8000,500189
2021-05-21,86.6500,87.4300,86.0300,86.8500,1194422
2021-05-20,85.9600,86.3200,84.4000,85.4900,1527167
2021-05-19,86.5700,86.6900,84.8400,85.9700,1039715
2021-05-18,89.6100,89.8900,87.7600,87.7700,970086
2021-05-17,90.2800,90.4900,89.2800,89.5400,997887
2021-05-14,89.8800,91.0000,89.7450,90.6300,782474
2021-05-13,88.5000,90.3000,88.2800,89.3100,540386
2021-05-12,90.2700,91.0000,87.4600,88.3600,1077407
2021-05-11,88.8900,91.0500,88.3901,90.7700,963016
2021-05-10,91.8800,92.3828,90.5000,90.5400,971259
2021-05-07,88.7600,91.9900,88.5000,91.3200,1413406
2021-05-06,90.0000,90.3800,87.5200,88.9700,1032012
2021-05-05,87.5000,90.0000,86.7900,90.0000,1359600
2021-05-04,85.8400,89.2300,85.0000,87.0300,2541206
2021-05-03,85.0400,86.5300,84.8600,85.8300,1812156
2021-04-30,85.1000,85.8400,84.2400,84.4200,925900
2021-04-29,86.5000,87.1700,84.9000,85.4600,954049
2021-04-28,88.5800,88.8100,85.6100,85.6500,1091601
2021-04-27,86.4000,88.8400,86.2000,88.3400,2000818
2021-04-26,85.3400,86.4900,85.1000,86.0500,1345272
2021-04-23,83.5800,85.1800,83.2000,85.1000,1209039
2021-04-22,82.8600,83.9700,82.0200,83.3500,1270414
2021-04-21,81.0000,83.0300,80.3000,82.8000,1319017
2021-04-20,82.7000,83.3500,80.4500,81.3100,909647
2021-04-19,83.3500,83.8900,82.2900,83.1800,1191422
2021-04-16,81.0000,83.7200,81.0000,83.6200,1445251
2021-04-15,80.3100,80.9500,78.8000,80.9100,1216232
2021-04-14,78.4000,80.7200,78.1300,80.0300,974218
2021-04-13,78.9400,79.1800,77.6200,77.6800,604958
2021-04-12,79.5900,79.8500,78.6700,79.2600,612277
2021-04-09,78.9000,79.4500,78.0600,79.4500,605238
2021-04-08,78.5300,78.7200,77.2000,78.3900,984752
2021-04-07,79.4400,79.8600,78.3000,78.5800,503508
2021-04-06,79.1100,80.1200,78.3500,79.3100,795557
2021-04-05,80.4100,80.6000,78.9400,78.9400,722446
2021-04-01,79.6900,80.7700,79.5100,80.2000,1146677
2021-03-31,80.2500,80.6800,79.2700,79.2700,1122337
2021-03-30,77.8300,80.2200,77.7600,79.8100,1259724
2021-03-29,78.3500,79.5600,77.5800,77.6800,1124267
2021-03-26,77.9700,79.3000,77.6484,79.2800,944395
2021-03-25,75.0000,77.4800,74.4200,77.1000,1572001
2021-03-24,76.3500,77.2400,75.4100,75.5300,882816
2021-03-23,77.0000,77.5800,75.0600,75.5800,974299
2021-03-22,78.3300,78.6100,76.8200,77.6600,724559
2021-03-19,78.8000,78.9100,77.1600,78.1800,1602536
2021-03-18,79.5300,80.5300,78.1300,78.5300,854415
2021-03-17,78.9500,79.3600,77.6300,79.0600,897089
2021-03-16,79.1800,79.9900,78.2900,78.9800,851304
2021-03-15,80.5500,80.8000,78.4100,79.2400,863709
2021-03-12,81.1100,82.3300,80.3400,80.7800,1498124
2021-03-11,80.7400,81.9200,78.8400,81.4600,1365759
2021-03-10,79.3800,80.8900,78.8700,80.5200,1484796
2021-03-09,79.0500,80.0800,78.1200,79.0600,1070854
2021-03-08,77.5900,80.0000,77.2300,78.4600,1519588
2021-03-05,77.3400,78.5500,74.9700,77.7200,1545540
2021-03-04,78.0200,78.8000,73.4500,76.0600,2219164
2021-03-03,79.3600,81.0000,78.2300,78.4500,1755433
2021-03-02,78.9200,79.8700,78.4500,79.2600,1252427
2021-03-01,77.6200,79.0100,76.9000,78.6800,1935323
2021-02-26,74.9900,77.0800,74.0200,76.5800,2176629
2021-02-25,76.7600,77.8200,74.5000,74.7200,1309999
2021-02-24,77.6000,78.3700,76.4000,76.7600,1396139
2021-02-23,78.0000,78.7900,75.9300,77.4100,1793523
2021-02-22,76.3300,78.5000,75.7200,78.1900,2055070
2021-02-19,75.0100,77.3900,75.0100,76.3800,1420935
2021-02-18,77.1100,77.3400,73.9868,74.7400,2139071
2021-02-17,78.7100,78.9200,76.8300,78.0000,2181728
2021-02-16,78.0000,79.4500,77.1700,79.3100,1910199
2021-02-12,76.0600,78.0500,75.0500,78.0000,2406178
2021-02-11,74.8000,76.3450,74.3000,76.2100,1804233
2021-02-10,75.0300,77.4300,73.8200,74.6900,4036808
2021-02-09,74.0000,75.6200,73.5100,75.4300,2501163
2021-02-08,73.3100,75.0500,73.1100,74.1100,1577601
2021-02-05,72.0000,73.7600,71.6750,73.0900,2892035
2021-02-04,70.5300,71.6400,70.3675,71.5800,1028173
2021-02-03,69.5500,71.0500,69.0800,70.5000,1637286
2021-02-02,68.1600,69.7800,67.6300,69.5000,1361340
2021-02-01,65.9100,67.5100,65.0500,67.2700,1176928
2021-01-29,66.2900,66.6500,64.5100,65.4400,955378
2021-01-28,64.4500,67.0700,64.0100,66.6500,1590169
2021-01-27,65.5100,65.9000,62.0700,63.9100,2061003
2021-01-26,68.3500,68.6000,66.3900,66.6500,1227417
2021-01-25,68.6000,68.6600,66.3300,67.7200,1588090
2021-01-22,68.2000,68.9100,67.5200,68.6000,1138000
2021-01-21,70.9300,71.2199,68.5500,68.6800,1122704
2021-01-20,70.8700,71.8000,70.3800,70.9100,963534
2021-01-19,71.0000,72.3500,70.3327,70.6500,1521518
2021-01-15,71.8000,71.9900,69.7500,70.6600,1149257
2021-01-14,70.4500,73.4900,70.4300,72.2500,1609122
2021-01-13,69.9700,72.2499,69.4700,70.4300,1979258
2021-01-12,70.0000,70.2800,69.3200,69.6900,750947
2021-01-11,69.1000,70.9100,69.1000,69.7200,1156041
2021-01-08,69.7000,70.3100,68.8700,70.2000,1019568
2021-01-07,70.7800,71.4700,69.3000,69.4400,1284028
2021-01-06,68.4000,72.2250,68.2550,70.1700,2892444
2021-01-05,65.6400,68.1100,65.6400,67.4000,1382810
2021-01-04,65.9200,67.3940,64.3850,65.7100,1255411
2020-12-31,65.1400,65.8600,64.7800,65.5800,846803
2020-12-30,63.8200,65.3800,63.3500,65.1900,663550
2020-12-29,64.0200,64.2900,62.8400,63.4400,722398
2020-12-28,64.6500,64.9900,63.8500,64.1100,493498
2020-12-24,64.3800,64.5999,63.7800,64.3300,239724
2020-12-23,64.5500,64.9200,63.6100,64.7200,505767
2020-12-22,64.8000,64.9900,63.5600,64.0900,1124720
2020-12-21,63.7100,65.0000,63.3000,64.8200,979658
2020-12-18,64.0700,64.5100,63.2100,64.3800,2150571
2020-12-17,64.6200,64.9800,63.5700,64.0000,953503
2020-12-16,65.0000,65.1600,63.9700,64.6300,557042
2020-12-15,64.0000,65.8400,63.8000,65.1600,1099411
2020-12-14,66.5300,66.6350,63.7100,63.7800,997777
2020-12-11,64.2100,66.7100,64.2100,66.0400,1884326
2020-12-10,63.7700,64.6400,62.8400,64.5000,2047536
2020-12-09,62.0200,63.6100,61.2300,63.5000,2088740
2020-12-08,60.7600,62.0300,60.2700,61.3500,1205316
2020-12-07,61.5400,61.6600,60.3100,60.7800,907743
2020-12-04,61.0400,61.7800,61.0000,61.4700,1079097
2020-12-03,60.0000,61.2250,59.7100,60.7800,923758
2020-12-02,59.1700,59.6000,58.7600,59.3100,670870
2020-12-01,59.9700,60.6300,58.8100,59.4700,993273
2020-11-30,60.4800,60.9900,58.8100,58.8900,1875217
2020-11-27,61.6000,62.1200,60.5200,60.8400,405552
2020-11-25,62.2000,62.4900,60.6800,61.8300,1407631
2020-11-24,60.6700,62.7300,60.0500,62.6500,1949617
2020-11-23,59.2900,60.4500,58.8400,59.9300,1228321
2020-11-20,58.4900,58.9700,58.1000,58.7400,713231
2020-11-19,58.1400,58.6600,57.3600,58.5300,1099638
2020-11-18,59.5000,60.6400,58.2800,58.3800,1199318
2020-11-17,59.3300,59.9300,58.5900,59.3800,1168467
2020-11-16,59.9200,61.0800,58.6500,60.6900,1399941
2020-11-13,58.2700,59.5300,58.1798,59.1700,839008
2020-11-12,58.9300,58.9300,57.4000,57.9900,920522
2020-11-11,59.0000,59.6800,57.4300,58.9000,1078353
2020-11-10,57.2100,58.9400,56.5000,58.8100,1331371
2020-11-09,59.0000,59.5000,56.8000,56.8500,1893379
2020-11-06,58.8300,58.8800,57.2300,57.5100,1253674
2020-11-05,56.0400,58.8100,56.0400,58.5000,1297786
2020-11-04,56.2600,56.7000,54.0000,55.9600,1603978
2020-11-03,58.3600,58.6600,56.1200,56.4800,1456517
2020-11-02,57.4300,58.5000,56.8800,58.0700,1581700
2020-10-30,57.5800,57.9100,55.9103,56.7300,2022808
2020-10-29,58.3100,58.7300,57.1800,58.2900,2218636
2020-10-28,58.0000,60.5000,57.0500,58.0600,4133379
2020-10-27,55.6500,56.1200,54.6800,55.6900,1517555
2020-10-26,55.6000,56.0600,54.9100,55.6900,1139358
2020-10-23,56.9200,57.8700,55.8300,56.0200,1412105
2020-10-22,55.3800,57.4500,55.2500,56.4500,1683410
2020-10-21,55.0600,56.1400,55.0000,55.1000,1097470
2020-10-20,55.1700,55.4700,54.1000,55.0300,1278659
2020-10-19,55.4100,56.0900,54.1800,54.6000,1650141
2020-10-16,54.2400,54.9000,53.8701,54.5900,1532371
2020-10-15,51.4300,54.9900,51.2500,54.2100,2652131
2020-10-14,50.8500,52.2200,50.6500,52.1500,1158970
2020-10-13,50.9300,51.2700,50.1500,50.9400,1025163
2020-10-12,50.7500,51.7200,50.3400,51.3900,916964
2020-10-09,49.5000,51.2100,49.3850,50.4700,1589241
2020-10-08,49.4200,49.4300,48.6600,49.0200,1524007
2020-10-07,48.0800,49.2150,48.0000,49.0600,1441068
2020-10-06,47.8900,48.9050,47.5100,47.6000,1065578
2020-10-05,46.7800,47.5200,46.5600,47.2400,755314
2020-10-02,45.0400,46.4800,44.8200,46.3900,553553
2020-10-01,45.8400,46.0800,45.2700,45.8200,550618
2020-09-30,45.2200,46.1000,45.2200,45.7000,889022
2020-09-29,46.2800,46.3500,44.9650,45.1800,628291
2020-09-28,46.9700,47.5637,46.4900,46.5000,912802
2020-09-25,44.4400,46.2000,44.4100,46.0900,1568702
2020-09-24,44.5200,45.2200,43.4100,44.6500,1196374
2020-09-23,46.3500,46.8500,44.5800,44.6600,1087104
2020-09-22,45.9200,46.3500,45.6200,45.9800,978846
2020-09-21,46.4800,46.4800,45.2900,45.7300,1234929
2020-09-18,47.5100,49.4750,47.3300,47.6100,4055595
2020-09-17,46.0600,47.4200,45.4850,47.3300,1230486
2020-09-16,46.4300,46.8600,46.1900,46.5100,871407
2020-09-15,46.3600,46.8700,45.6100,46.3700,1319714
2020-09-14,46.0400,46.3200,45.4000,46.2500,915270
2020-09-11,45.3700,45.8100,45.0100,45.6400,688110
2020-09-10,45.8900,46.3900,45.3700,45.3900,538110
2020-09-09,45.4500,46.2600,45.3300,45.8500,598895
2020-09-08,46.2700,46.3000,45.1000,45.2200,895759
2020-09-04,46.2300,46.6700,45.2400,46.4800,654510
2020-09-03,46.5900,47.2200,45.5900,45.7600,770710
2020-09-02,45.6200,46.5250,45.3700,46.4100,809580
2020-09-01,45.5200,46.0800,45.0100,45.4700,580761
2020-08-31,46.4500,46.6432,45.5800,45.6200,961462
2020-08-28,46.3000,46.7150,45.8200,46.6700,717140
2020-08-27,46.6600,46.9000,45.9200,46.2400,542484
2020-08-26,46.9200,47.0500,46.3000,46.6500,578370
2020-08-25,47.1900,47.3584,46.1400,46.9400,906462
2020-08-24,47.0900,47.5600,46.5150,46.8300,692789
2020-08-21,46.1000,47.0100,46.0300,46.7700,1010430
2020-08-20,46.2500,46.7600,45.7000,45.9900,888420
2020-08-19,46.1700,47.0700,46.1300,46.6900,836359
2020-08-18,46.3400,46.4000,45.8600,46.1700,635669
2020-08-17,46.0200,46.9400,46.0100,46.3900,741969
2020-08-14,45.7500,46.3850,45.5300,45.9300,838717
2020-08-13,47.0000,47.0000,46.3100,46.4700,900514
2020-08-12,47.2500,47.3900,46.6900,46.8100,744729
2020-08-11,47.4700,47.7750,46.6800,46.7200,828014
2020-08-10,45.4800,47.0400,45.4400,46.8000,1038800
2020-08-07,44.4200,45.5900,44.3800,45.4600,808739
2020-08-06,44.6000,45.1500,44.6000,44.7000,788502
2020-08-05,44.6700,44.9900,44.3000,44.8400,1012819
2020-08-04,44.0300,44.3400,43.1100,44.3100,1035334
2020-08-03,43.6500,44.6600,43.3800,44.0300,1236336
2020-07-31,44.6300,44.9400,42.8500,43.4400,1418366
2020-07-30,44.6200,45.6444,44.5650,45.0100,1256445
2020-07-29,45.7600,46.6900,43.8600,45.1800,2377579
2020-07-28,44.9500,45.5600,44.1100,44.6000,1001509
2020-07-27,43.9000,45.0200,43.6450,45.0000,1038224
2020-07-24,44.7000,44.9800,44.0000,44.3300,895876
2020-07-23,43.3400,45.1400,43.3400,44.7800,1142910
2020-07-22,42.7900,43.6100,42.6300,43.3700,803269
2020-07-21,42.0600,43.2900,42.0600,42.8900,1116797
2020-07-20,42.7300,43.0500,41.5700,41.9100,927026
2020-07-17,43.0900,43.4600,42.7600,43.0600,874160
2020-07-16,43.0500,43.8900,42.6200,42.8400,1009254
2020-07-15,42.4700,43.4800,42.0200,43.2300,1876810
2020-07-14,40.3100,41.9600,40.1400,41.9000,1169853
2020-07-13,40.5700,41.1400,39.7400,40.5000,1169189
2020-07-10,38.2300,40.0300,38.2300,39.8900,975825
2020-07-09,38.9300,39.0000,38.0000,38.2300,904632
2020-07-08,39.6400,40.0700,38.8400,39.1900,893010
2020-07-07,40.0400,40.0400,39.3700,39.6400,1011633
2020-07-06,40.3500,40.7400,39.9400,40.4900,1297945
2020-07-02,41.1000,41.5300,39.7300,39.7800,1554397
2020-07-01,41.1000,41.2600,40.0400,40.1300,1560943
2020-06-30,40.8500,41.3700,40.3000,41.1300,1095598
2020-06-29,40.5600,41.3600,40.4350,40.8100,907968
2020-06-26,42.3800,42.3800,40.2000,40.2200,2111844
2020-06-25,41.2900,42.6000,41.2100,42.5200,2062508
2020-06-24,40.5300,42.1700,39.7000,41.1900,2607025
2020-06-23,40.6900,41.5700,40.4200,41.0800,1580016
2020-06-22,40.6600,40.9100,40.0300,40.3900,1071460
2020-06-19,42.0000,42.0000,40.6300,40.6300,2544497
2020-06-18,39.9700,41.3600,39.7100,41.2100,1489756
2020-06-17,41.0700,41.1100,40.0800,40.4100,1124302
2020-06-16,41.0000,41.4700,39.9700,41.0800,1216237
2020-06-15,38.0400,40.1000,37.8200,39.8200,1308565
2020-06-12,40.0100,40.2400,38.6400,39.3900,1743275
2020-06-11,39.8900,39.9700,38.7100,38.8800,2285190
2020-06-10,42.8400,43.0900,40.3900,40.4200,1542625
2020-06-09,43.0000,43.2900,42.1000,42.9100,1055690
2020-06-08,43.4000,44.3700,43.3100,43.8100,1744027
2020-06-05,42.8000,44.8600,42.3300,42.4700,1519295
2020-06-04,41.1900,41.8600,40.6100,41.3000,967263
2020-06-03,40.4400,41.6700,40.3800,41.3900,1493270
2020-06-02,39.9700,39.9900,38.9300,39.8700,1743141
2020-06-01,38.8900,39.8200,38.6700,39.2200,1622390
2020-05-29,38.4600,39.3300,37.9100,39.0200,3153987
2020-05-28,39.7000,39.8900,38.6500,38.8700,1436003
2020-05-27,38.3800,39.8600,38.3100,39.3600,3096348
2020-05-26,37.1800,38.1000,36.9300,37.7200,2626631
2020-05-22,35.4000,35.6000,34.5700,35.3800,1406080
2020-05-21,35.3500,35.7100,35.0000,35.5300,1246290
2020-05-20,35.4600,35.9500,35.1800,35.5900,1325478
2020-05-19,35.5000,35.9700,34.9700,35.1400,1291064
2020-05-18,35.4200,35.9000,35.1200,35.4300,1794430
2020-05-15,34.0200,34.8000,33.7300,34.3300,1424058
2020-05-14,33.9300,34.8500,33.0800,34.7700,1446791
2020-05-13,35.0600,35.2400,33.8200,34.3500,1610288
2020-05-12,35.3000,35.6200,34.5300,34.6300,1397888
2020-05-11,36.1600,36.4200,34.6200,34.6700,1805376
2020-05-08,37.1000,37.4400,36.0500,36.5300,1632393
2020-05-07,34.5000,36.7500,34.5000,36.3700,2962507
2020-05-06,35.0000,35.4200,32.6800,34.2000,5259476
2020-05-05,38.0000,38.6000,37.8300,37.9400,994016
2020-05-04,37.5600,38.0900,37.1600,37.6900,1517889
2020-05-01,39.0900,39.4400,37.6000,37.8900,999095
2020-04-30,41.2100,41.4300,39.5500,39.6700,1062600
2020-04-29,41.0400,42.0700,40.8900,41.6500,1107183
2020-04-28,40.5000,40.7100,39.5700,40.4200,1018756
2020-04-27,39.7100,40.0000,39.1700,39.6900,1706661
2020-04-24,39.7700,39.8300,38.7400,39.6100,1093325
2020-04-23,38.0000,39.3600,38.0000,39.1300,1087771
2020-04-22,36.8100,38.1100,36.4500,37.8000,1641527
2020-04-21,38.1300,38.3000,36.0900,36.1300,1433505
2020-04-20,39.5000,40.1300,38.7700,38.8800,1141986
2020-04-17,38.9300,40.1100,38.6100,40.0900,1789765
2020-04-16,36.9200,38.3900,36.3900,38.1100,1486494
2020-04-15,38.4800,38.5300,36.3600,36.9200,1497603
2020-04-14,39.9700,40.7200,38.7800,39.4600,1397091
2020-04-13,40.8600,41.1500,38.8900,38.9500,1026285
2020-04-09,39.8500,41.4100,39.5300,40.8300,1360533
2020-04-08,38.4900,39.8000,38.1800,39.4400,1625252
2020-04-07,39.5400,41.2600,37.9900,38.0200,1360353
2020-04-06,38.6700,39.2900,37.9600,38.2700,1533858
2020-04-03,38.5500,39.0800,36.6300,37.1700,1225625
2020-04-02,38.3400,39.7900,37.8000,39.0800,1591963
2020-04-01,39.5900,40.4400,37.5300,38.3700,1729370
2020-03-31,39.7100,41.4600,39.6900,41.0300,1988830
2020-03-30,36.5100,40.1900,35.6500,39.5900,1772401
2020-03-27,36.3100,37.3300,35.1500,36.1900,1688631
2020-03-26,37.1600,38.8000,36.3200,37.6400,1544001
2020-03-25,35.5600,38.9500,35.2300,36.6300,2052728
2020-03-24,34.6900,35.6100,34.1200,35.0000,1834407
2020-03-23,31.6200,33.7900,30.7400,32.7400,2094953
2020-03-20,33.4100,35.0600,31.7000,31.7800,2262973
2020-03-19,30.0000,33.9500,29.0000,32.7400,2221509
2020-03-18,33.0000,33.5000,29.6400,30.2500,2399701
2020-03-17,35.0200,36.5100,33.6400,35.2900,2583877
2020-03-16,35.9600,37.6200,33.3200,33.6400,1704672
2020-03-13,38.0000,39.3900,36.0000,38.5600,1726164
2020-03-12,37.4800,38.5300,34.1100,36.1500,3126247
2020-03-11,42.1600,42.4000,39.3200,39.9000,1943961
2020-03-10,44.7000,44.7800,40.7500,43.3400,1660516
2020-03-09,43.9300,45.6700,42.1900,43.5800,2266330
2020-03-06,47.2900,47.5400,45.8800,46.8500,1529805
2020-03-05,48.5700,49.1000,47.9100,48.4200,1027982
2020-03-04,49.3200,50.3000,49.2600,49.7100,1650627
2020-03-03,48.9100,49.8900,48.0400,48.5600,1125211
2020-03-02,47.2100,49.1900,47.0700,49.0300,1794135
2020-02-28,46.6800,47.5500,45.6500,46.9500,2186501
2020-02-27,49.9000,49.9900,47.5100,47.8500,1610791
2020-02-26,51.2500,51.9400,50.5200,50.5300,1324790
2020-02-25,52.9200,52.9700,50.6200,51.0200,1263787
2020-02-24,52.7500,53.1800,52.2200,53.0200,1212001
2020-02-21,53.6300,53.8600,53.0000,53.2300,579671
2020-02-20,53.6100,54.0400,53.1700,53.9800,853815
2020-02-19,53.7900,54.2000,53.5700,53.7600,1077423
2020-02-18,54.0000,54.0000,52.9500,53.6000,1092349
2020-02-14,55.7200,55.7200,54.1800,54.2200,1301080
2020-02-13,55.1500,56.7900,54.6600,55.7700,2246282
2020-02-12,56.6000,57.5000,54.8400,55.0200,2763184
2020-02-11,54.9200,56.3100,54.7000,55.0000,1711724
2020-02-10,53.8200,55.1600,53.6200,54.6700,1519209
2020-02-07,53.4900,54.4300,53.1200,54.0800,879364
2020-02-06,54.6400,55.0000,53.6300,53.6400,887746
2020-02-05,53.3000,54.6500,53.2900,54.3600,919139
2020-02-04,53.5700,54.3200,52.8000,52.9800,780887
2020-02-03,52.6900,53.4400,52.5200,52.9900,887651
2020-01-31,52.2400,52.4300,51.8200,52.4300,978090
2020-01-30,51.0000,52.5000,50.9100,52.4700,956165
2020-01-29,51.6700,51.7700,51.0000,51.0500,800684
2020-01-28,52.1000,52.3800,51.3000,51.6100,1444160
2020-01-27,53.6100,53.6600,51.7100,51.8400,1383133
2020-01-24,55.5500,55.5700,54.1200,54.3200,802039
2020-01-23,55.5700,55.8400,54.8400,55.6000,593644
2020-01-22,56.4800,56.4900,55.1900,55.8800,822653
2020-01-21,56.1500,56.5600,55.7200,56.4100,940251
2020-01-17,56.3200,56.5800,55.8800,56.0600,1316754
2020-01-16,55.6600,56.5400,55.4100,56.3200,692744
2020-01-15,55.5500,56.0000,55.1900,55.3800,531961
2020-01-14,55.8400,56.1600,55.3300,55.6000,674620
2020-01-13,55.7000,56.3900,55.4500,55.7800,708691
2020-01-10,55.9100,56.3400,55.5500,55.6600,673305
2020-01-09,56.3900,56.5400,55.2100,55.9800,799612
2020-01-08,57.0100,57.1300,56.1400,56.3900,827510
2020-01-07,57.5500,57.8100,56.9300,57.0400,733357
2020-01-06,57.6400,57.7900,57.1000,57.5200,1388683
2020-01-03,57.3600,57.9800,57.3000,57.9400,782350
2020-01-02,57.9200,58.1900,57.1000,57.5600,574550
2019-12-31,57.1200,57.7500,56.9400,57.5500,634009
2019-12-30,57.2000,57.3000,56.8700,57.1500,445665
2019-12-27,57.4800,57.8500,57.1400,57.3700,436970
2019-12-26,57.1000,57.7100,57.1000,57.3800,552631
2019-12-24,57.2300,57.3100,56.9000,57.0500,177668
2019-12-23,57.7100,57.7600,56.7500,56.9700,567869
2019-12-20,55.6500,57.9400,55.2200,57.5500,2030951
2019-12-19,56.2900,56.3200,55.7400,55.9800,709883
2019-12-18,55.6700,56.1900,55.3200,56.1400,1141017
2019-12-17,55.7700,56.0000,55.1800,55.8400,949235
2019-12-16,55.7400,56.2200,55.6100,55.9200,778475
2019-12-13,56.1600,56.2000,55.0600,55.7700,854141
2019-12-12,55.4400,56.1400,55.2800,55.9300,768228
2019-12-11,54.6800,55.6700,54.5800,55.2800,781347
2019-12-10,54.5300,55.1400,54.1400,54.7100,1110788
2019-12-09,53.7200,53.8500,53.0800,53.4000,653780
2019-12-06,53.8600,54.4700,53.6100,53.7200,553590
2019-12-05,53.2100,53.6500,52.7900,53.5100,792012
2019-12-04,52.7800,53.5200,52.7800,53.1000,731317
2019-12-03,52.9900,53.2600,52.4800,52.8600,764111
2019-12-02,53.2500,54.0900,53.1200,53.5400,560819
2019-11-29,53.1300,53.7600,52.8000,53.3800,415473
2019-11-27,53.3400,53.8900,53.1600,53.4500,701204
2019-11-26,53.8700,54.1500,53.0300,53.2800,923540
2019-11-25,54.0700,54.6200,53.8600,53.8800,712538
2019-11-22,54.4800,55.3200,54.0800,54.0800,515040
2019-11-21,55.1000,55.1800,54.5500,54.6400,637978
2019-11-20,55.6700,55.6700,54.6300,55.3000,1610655
2019-11-19,54.6500,55.8700,54.6500,55.6600,1254049
2019-11-18,55.9900,55.9900,54.6100,54.6800,688944
2019-11-15,55.3900,56.2300,55.1500,56.1900,921251
2019-11-14,55.0800,55.7500,55.0300,55.4500,702895
2019-11-13,55.5000,55.6200,54.7100,55.2000,694306
2019-11-12,56.0000,56.6300,55.5800,55.7200,828652
2019-11-11,55.7300,55.9300,55.2000,55.8200,726135
2019-11-08,55.2200,55.9600,54.8800,55.8900,535137
2019-11-07,55.5000,56.3500,55.3000,55.4500,691378
2019-11-06,55.5600,55.9200,55.1600,55.2100,760778
2019-11-05,56.0100,56.7600,55.2300,55.5900,1106861
2019-11-04,54.5800,56.4200,54.5800,56.2600,1195367
2019-11-01,54.1500,54.6200,53.7200,54.2200,1236439
2019-10-31,53.0000,54.2200,52.1000,54.0000,1256494
2019-10-30,55.0400,55.9900,52.3100,52.7600,2272274
2019-10-29,55.0400,56.5300,55.0400,56.1900,1177015
2019-10-28,55.3500,55.8500,54.8700,55.5300,620961
2019-10-25,54.5800,55.3500,54.3400,55.2400,525365
2019-10-24,55.4500,55.4500,54.3000,54.6400,462624
2019-10-23,55.3700,55.4500,54.4000,55.4500,647729
2019-10-22,55.2100,55.4500,54.7200,55.4000,907452
2019-10-21,54.6600,55.5400,54.6600,55.1500,718649
2019-10-18,54.9800,55.6400,54.2100,54.7000,988678
2019-10-17,55.2300,55.3400,54.5100,55.0500,815803
2019-10-16,56.9400,57.1300,55.2300,55.4000,861623
2019-10-15,56.6100,57.3400,56.2000,57.1300,894834
2019-10-14,56.2600,56.6900,55.9400,56.5500,1161531
2019-10-11,55.7700,56.9800,55.7700,56.2100,1087093
2019-10-10,54.8200,55.5600,54.5900,55.3800,830470
2019-10-09,54.5600,54.9300,54.2300,54.8300,667948
2019-10-08,55.6600,55.6600,54.4000,54.4200,810871
2019-10-07,55.8900,56.1500,55.4100,55.6300,686841
2019-10-04,55.7200,56.2900,55.5900,56.2900,641055
2019-10-03,55.5000,55.8500,54.8200,55.7900,668209
2019-10-02,56.3000,56.4500,55.4300,55.8600,699479
2019-10-01,56.8700,57.1700,55.9500,56.3900,1110673
2019-09-30,56.5100,57.0400,56.2900,56.6200,847351
2019-09-27,56.6600,56.8800,56.2000,56.5400,532887
2019-09-26,56.2000,57.1700,56.0800,56.5600,1081975
2019-09-25,55.6700,56.4500,55.5900,56.0800,869911
2019-09-24,56.1800,56.3100,55.3200,55.5500,940472
2019-09-23,55.6500,56.3400,55.2500,55.9700,853024
2019-09-20,56.1400,56.5100,55.7200,55.9600,1698226
2019-09-19,57.1000,57.1000,56.0800,56.1500,703731
2019-09-18,56.7500,57.1700,56.2700,56.9800,928452
2019-09-17,57.5500,57.5800,56.5700,56.6600,769351
2019-09-16,56.5600,58.0000,56.3800,57.8200,751180
2019-09-13,57.3800,57.7000,56.6000,56.8300,2088144
2019-09-12,57.7000,58.0600,56.9400,57.5000,812841
2019-09-11,57.1900,58.0000,56.5700,57.9700,850710
2019-09-10,56.9900,57.5100,56.5400,56.9900,1088420
2019-09-09,55.7900,57.1100,55.7200,57.1000,990097
2019-09-06,55.0700,55.9700,55.0400,55.8000,659350
2019-09-05,54.1900,55.7300,54.1900,55.2200,706964
2019-09-04,53.9500,54.1900,53.6300,53.9000,852434
2019-09-03,53.3500,53.5300,52.6300,53.3600,751348
2019-08-30,53.3700,53.9100,53.1600,53.4100,1013657
2019-08-29,52.7500,52.8500,52.0300,52.6200,970330
2019-08-28,52.5400,52.8000,51.7700,52.4400,1004099
2019-08-27,53.6500,53.6500,51.6600,52.5800,1119802
2019-08-26,53.6200,53.7500,52.9400,53.5100,844019
2019-08-23,54.4500,54.5600,53.0200,53.2200,873246
2019-08-22,54.5900,55.1000,54.2200,54.9000,775024
2019-08-21,54.0700,54.8200,53.3800,54.7000,918524
2019-08-20,54.7900,54.7900,53.8700,53.9000,951714
2019-08-19,54.7800,55.1000,53.0100,55.0100,780850
2019-08-16,54.0800,54.9200,53.5800,54.8700,824524
2019-08-15,53.5000,53.9700,53.0100,53.8200,902194
2019-08-14,52.9800,53.7000,52.3300,53.3400,1182875
2019-08-13,53.3000,55.0200,53.1900,53.4700,1400517
2019-08-12,56.6600,56.8200,53.2600,53.3600,1398846
2019-08-09,57.7100,57.8300,56.8700,57.2200,693291
2019-08-08,56.5400,58.1200,56.2700,58.1000,1587572
2019-08-07,55.5900,56.3300,54.8800,56.2700,879470
2019-08-06,55.5900,56.4000,55.0000,56.0700,1270965
2019-08-05,56.6000,56.6600,55.1700,55.3000,1268546
2019-08-02,57.8000,57.9000,56.4900,57.1900,898458
2019-08-01,58.7400,59.6500,57.7900,57.9200,1750865
2019-07-31,58.2100,59.3700,57.9000,58.4300,2253654
2019-07-30,56.4500,56.7900,56.0500,56.3600,1476004
2019-07-29,56.9100,57.2500,55.8600,56.5800,1061781
2019-07-26,56.8500,57.0500,56.3600,56.9300,974612
2019-07-25,56.8300,57.2300,56.3500,56.6300,1016459
2019-07-24,56.6900,57.0700,56.2000,56.8700,791412
2019-07-23,56.5800,57.1800,56.5400,56.9700,863893
2019-07-22,57.0500,57.2400,56.0400,56.3400,1312755
2019-07-19,55.9800,56.2100,55.3900,55.5700,671133
2019-07-18,55.6100,56.1900,55.2900,55.8300,612533
2019-07-17,55.9400,55.9700,55.1200,55.6700,666444
2019-07-16,56.5800,56.6400,55.4600,55.8400,685244
2019-07-15,57.0000,57.0600,56.4600,56.7800,633109
2019-07-12,56.6500,57.4300,56.6100,56.8600,789823
2019-07-11,57.4000,57.7600,56.4700,56.5500,506608
2019-07-10,57.4500,57.8300,57.1800,57.1900,1214742
2019-07-09,56.8700,57.5000,56.5600,57.2900,738030
2019-07-08,56.5900,57.2400,56.2800,56.9700,633297
2019-07-05,56.5700,56.8300,56.0300,56.6100,434121
2019-07-03,56.7700,57.0900,56.5900,56.7300,373911
2019-07-02,56.5500,57.1500,56.3100,56.4100,783566
2019-07-01,56.2800,56.8100,56.0700,56.2900,862774
2019-06-28,55.2700,56.2500,55.0400,55.7100,1590524
2019-06-27,55.3100,55.6200,54.8600,55.1000,1082472
2019-06-26,55.8600,56.2400,55.5600,55.6300,651669
2019-06-25,57.4100,57.4800,55.7500,55.8800,1934703
2019-06-24,57.5300,57.6200,56.9600,57.4900,982480
2019-06-21,57.4900,57.8200,56.7900,57.5500,2591786
2019-06-20,57.7000,57.8400,57.1800,57.6100,1328042
2019-06-19,58.1400,58.1900,57.1600,57.3600,3198697
2019-06-18,57.7200,58.1300,57.6000,57.9800,2046040
2019-06-17,57.9700,58.1000,57.2800,57.5100,1182722
2019-06-14,57.4900,58.0900,57.2800,57.8600,1059138
2019-06-13,57.4000,57.9500,56.9800,57.5000,621684
2019-06-12,56.3300,57.3300,56.2400,57.1000,1713200
2019-06-11,56.4800,56.6500,55.7400,56.2000,1423711
2019-06-10,55.2200,56.5200,55.0700,56.4000,2316759
2019-06-07,55.3500,55.3900,54.7000,55.1500,2378778
2019-06-06,54.6700,55.2400,54.1200,55.1000,1095330
2019-06-05,54.5800,55.0100,53.6500,54.5300,922083
2019-06-04,54.8200,55.2500,54.3700,54.7500,1156913
2019-06-03,52.2900,54.6500,51.9100,54.6000,1952472
2019-05-31,50.8300,52.3600,50.8300,52.2900,1756810
2019-05-30,52.1700,52.4200,51.0900,51.1800,1267847
2019-05-29,51.1200,52.8200,50.6700,51.8100,1799028
2019-05-28,50.5200,51.1400,50.4700,50.6200,2009478
2019-05-24,51.7500,51.7500,50.3600,50.5500,1073086
2019-05-23,51.6000,51.6000,50.5000,51.4200,1396592
2019-05-22,51.6400,51.9900,50.2100,51.9000,1447225
2019-05-21,51.9600,52.2000,51.5200,51.9800,1917698
2019-05-20,52.0300,52.3900,51.6100,51.8300,1341052
2019-05-17,52.5400,53.2700,52.0000,52.2300,1583387
2019-05-16,53.3500,53.7700,53.0800,53.2900,713517
2019-05-15,52.4900,53.6500,52.3900,53.2700,998201
2019-05-14,52.4900,53.2700,52.4800,52.6500,930659
2019-05-13,52.9900,53.5500,52.2200,52.4900,1073009
2019-05-10,52.8400,53.8400,51.8000,53.7600,1683015
2019-05-09,53.0800,54.1200,53.0400,53.1700,1512324
2019-05-08,51.2500,53.7900,51.2500,53.4400,2826667
2019-05-07,50.3000,50.5300,49.6400,49.9800,1440428
2019-05-06,50.7200,50.9300,50.2000,50.6500,1049195
2019-05-03,51.1300,51.4900,50.7500,51.1500,813582
2019-05-02,51.8600,52.2700,50.8700,51.1300,1355553
2019-05-01,52.2800,53.0300,52.1500,52.1600,1423679
2019-04-30,50.2900,52.4500,50.2900,52.4100,2208319
2019-04-29,49.1500,50.4300,49.1000,50.1200,2056723
2019-04-26,48.6000,49.0600,47.2600,48.9700,2298329
2019-04-25,50.9600,50.9700,48.5200,48.6000,3155574
2019-04-24,51.2100,51.4200,50.9600,51.1200,1782983
2019-04-23,51.4800,51.9800,51.2500,51.2500,992903
2019-04-22,51.1300,51.4200,50.8000,51.3100,1290148
2019-04-18,51.8100,51.8600,50.9000,51.1300,1253337
2019-04-17,51.9900,52.2600,51.4600,51.5500,992817
2019-04-16,52.4900,52.9400,51.7100,51.7400,1386029
2019-04-15,52.6500,52.8300,52.1000,52.4800,2205308
2019-04-12,52.9300,53.4300,52.5500,52.6500,1105518
2019-04-11,53.0200,53.5000,52.7700,52.9600,746789
2019-04-10,53.1200,53.5600,52.7100,52.9900,931453
2019-04-09,53.8000,53.9600,52.6100,53.1100,1884700
2019-04-08,53.2800,53.6700,53.0700,53.5300,1592962
2019-04-05,52.8000,53.3200,52.3800,53.2500,2122802
2019-04-04,51.9500,53.4500,51.9500,53.2200,1455515
2019-04-03,52.1500,52.3800,51.6500,51.8900,1278626
2019-04-02,52.8900,53.3000,52.1000,52.1600,1052516
2019-04-01,53.3200,53.5000,52.6700,52.8100,1029741
2019-03-29,52.4200,53.2200,52.3800,53.0700,1248874
2019-03-28,51.8300,52.2600,51.6400,52.2000,886597
2019-03-27,51.5900,51.8900,51.1400,51.8100,1311858
2019-03-26,51.6600,51.9800,51.0600,51.5900,1360320
2019-03-25,51.5900,52.0900,51.0800,51.4400,2451868
2019-03-22,52.2600,52.3500,51.4500,51.7000,2028192
2019-03-21,51.4600,52.5300,51.3900,52.2900,1346219
2019-03-20,51.9400,52.2200,51.3000,51.4100,1151578
2019-03-19,52.2500,52.9600,51.9400,52.0500,1585963
2019-03-18,52.9500,53.3900,52.0700,52.2200,2889992
2019-03-15,52.1000,52.9200,51.9400,52.8600,3472159
2019-03-14,52.0500,52.4400,51.4500,52.0500,1783348
2019-03-13,52.1100,52.5700,51.8600,52.0200,2207535
2019-03-12,51.7500,52.2500,51.5300,52.0000,1600940
2019-03-11,50.4300,52.0000,50.2500,51.6400,2452321
2019-03-08,50.5100,50.6800,49.9000,50.2300,1516373
2019-03-07,50.9400,51.1500,50.0700,50.5800,4422931
2019-03-06,52.1800,52.2600,50.9700,51.0200,2341596
2019-03-05,52.8500,52.9300,52.1900,52.2000,2270443
2019-03-04,53.0100,53.3600,52.3400,52.8100,1546117
2019-03-01,53.1400,53.4900,52.2900,53.0000,1348525
2019-02-28,53.0900,53.3400,52.7300,53.0800,2491536
2019-02-27,52.7700,53.3000,52.3400,53.0300,2438609
2019-02-26,53.5900,53.7500,52.6300,52.8600,2788804
2019-02-25,52.0000,54.0400,51.8500,53.4300,3166990
2019-02-22,53.1100,54.0000,51.6400,51.7700,3147501
2019-02-21,51.4500,54.0000,48.8936,53.4800,5792313
2019-02-20,52.7600,53.2900,52.5800,52.7000,2009389
2019-02-19,52.4500,52.9200,52.1300,52.6500,1103720
2019-02-15,52.7300,53.2100,52.2600,52.3100,1135692
2019-02-14,53.1700,53.2200,52.6400,52.9100,659603
2019-02-13,52.6900,53.5600,52.5400,53.1700,1024583
2019-02-12,52.7600,53.0900,52.3100,52.6900,1391347
2019-02-11,52.8100,52.9900,52.3400,52.3400,1121617
2019-02-08,53.5500,53.9900,52.8400,53.0300,643994
2019-02-07,53.8000,54.0200,53.1100,53.6100,772572
2019-02-06,53.8500,54.2600,53.6400,54.2300,448548
2019-02-05,53.9700,54.6300,53.6400,53.9900,962436
2019-02-04,54.9600,54.9600,53.5800,54.1100,966407
2019-02-01,55.2500,55.3400,54.4200,54.9600,656764
2019-01-31,54.4300,55.1100,54.3500,55.0700,1118411
2019-01-30,53.9300,54.6800,53.7100,54.4100,943398
2019-01-29,53.8600,54.1100,53.4300,53.7100,910417
2019-01-28,53.0700,54.0200,52.6500,53.9300,1531741
2019-01-25,53.1000,53.5500,53.0500,53.2900,1243215
2019-01-24,52.3800,53.8300,52.3300,53.0900,2129508
2019-01-23,51.9200,52.6700,51.2600,52.6700,2112739
2019-01-22,52.0500,53.0900,51.2000,51.8900,2453925
2019-01-18,52.5300,53.7700,52.3300,53.0300,2104266
2019-01-17,52.8400,52.8400,51.2400,52.3400,2447009
2019-01-16,53.3500,54.0600,51.7200,52.3700,4166532
2019-01-15,54.6500,54.6500,52.9200,53.2300,2250597
2019-01-14,55.5000,55.6600,54.4500,54.5600,1228028
2019-01-11,56.3500,56.6400,55.6700,55.7200,1089113
2019-01-10,57.0800,57.3400,56.1000,56.6700,1235017
2019-01-09,55.8300,57.3400,55.7000,57.0500,2340473
2019-01-08,55.5100,56.1200,55.0800,55.7300,1246957
2019-01-07,54.7600,56.3200,54.7500,55.3500,2636359
2019-01-04,53.9500,54.9700,53.5300,54.8900,1011577
2019-01-03,53.3800,54.0300,52.2800,53.4100,1257435
2019-01-02,53.1700,54.6200,52.8000,53.4300,1171531
2018-12-31,53.0500,53.4600,52.0200,53.4400,1212384
2018-12-28,53.3200,53.8400,52.6100,53.0000,930579
2018-12-27,52.9700,53.3100,51.7900,53.2900,1055425
2018-12-26,52.1700,53.6200,51.1300,53.5000,1505414
2018-12-24,53.0300,53.0300,51.4500,52.0600,764491
2018-12-21,54.3900,55.3300,53.2800,53.3500,1730994
2018-12-20,56.1400,56.2300,53.6500,54.2500,1795471
2018-12-19,57.1700,57.7900,56.3600,56.5700,1567719
2018-12-18,58.0000,58.4900,56.7200,56.7900,1292491
2018-12-17,58.6100,58.9100,57.6600,57.8900,1040366
2018-12-14,58.7300,60.2000,58.3200,58.8300,918446
2018-12-13,59.7500,60.1200,58.7300,59.0800,1185402
2018-12-12,58.8800,60.6500,58.5300,59.6300,1717003
2018-12-11,60.0000,60.4800,58.1900,58.4700,1685713
2018-12-10,61.4300,62.9200,59.1700,59.6400,3670408
2018-12-07,58.4300,59.9100,57.6300,59.4700,2157577
2018-12-06,57.8800,58.6900,56.1400,58.6700,1629817
2018-12-04,59.3100,59.4900,57.3800,58.0400,2740477
2018-12-03,59.6000,59.6000,57.5800,59.3300,1784743
2018-11-30,57.8300,58.1700,56.8000,57.0700,2157884
2018-11-29,58.5000,58.8500,57.7800,57.9600,1003128
2018-11-28,58.4300,58.7500,57.6300,58.6300,655794
2018-11-27,58.4600,58.9900,57.8000,58.3000,876224
2018-11-26,57.5200,58.6600,57.5100,58.4700,1122336
2018-11-23,58.2500,58.2500,57.1600,57.5100,496400
2018-11-21,58.2100,58.9100,58.1800,58.2300,1161130
2018-11-20,58.4700,58.8600,57.8300,58.0300,1304354
2018-11-19,58.4400,58.8200,58.1100,58.4100,1119115
2018-11-16,58.2900,59.2300,58.0900,58.4100,1791726
2018-11-15,60.0000,60.2600,58.8300,59.0100,1933610
2018-11-14,61.5200,61.6600,59.5600,60.0900,1627444
2018-11-13,62.3700,62.9800,61.5100,61.7300,1110942
2018-11-12,63.5600,63.7600,61.8900,62.0900,777755
2018-11-09,62.3800,63.5000,62.2000,63.2700,957689
2018-11-08,63.2700,63.4000,62.4000,62.4800,1672506
2018-11-07,63.5500,64.1800,62.6800,62.7500,2155971
2018-11-06,63.0700,63.6300,62.2700,63.3300,1801131
2018-11-05,62.5000,63.2800,61.8900,62.0000,1982356
2018-11-02,62.7400,63.7500,62.1100,62.5000,1811251
2018-11-01,61.8200,63.3900,61.2600,62.5700,2532578
2018-10-31,68.3600,68.7500,61.3300,61.8000,7275400
2018-10-30,65.6600,69.3000,65.0900,68.0200,2525748
2018-10-29,65.2900,66.7800,65.1800,65.7700,964141
2018-10-26,65.5800,66.0800,64.5800,65.2300,1317050
2018-10-25,65.6200,66.5900,65.3000,66.1200,854133
2018-10-24,66.7500,67.5200,65.5500,65.6400,634885
2018-10-23,66.1500,67.2500,65.3300,66.9000,1281731
2018-10-22,67.5900,67.8600,66.2800,66.8400,702816
2018-10-19,67.6000,68.0000,67.2000,67.4300,995028
2018-10-18,68.5100,68.5100,66.7900,67.3100,1618283
2018-10-17,68.5200,68.6600,67.5400,68.6200,800791
2018-10-16,68.5000,69.2900,67.7500,68.7900,979174
2018-10-15,67.2300,68.6000,67.1400,68.0200,915800
2018-10-12,67.2500,67.5700,66.4100,67.2100,1050670
2018-10-11,67.4400,67.6000,65.7300,66.6100,1875170
2018-10-10,69.7200,69.9400,67.4200,67.4500,1746205
2018-10-09,70.5100,70.8900,69.7500,69.9100,1718813
2018-10-08,69.3600,72.3500,69.0000,70.7700,2521311
2018-10-05,68.5500,69.3400,68.4300,68.9300,2269851
2018-10-04,68.7300,68.9800,67.8300,68.3900,1327455
2018-10-03,69.3100,70.0600,68.7800,68.8100,1406619
2018-10-02,67.4900,69.1400,67.4900,69.0600,1149162
2018-10-01,68.8900,68.8900,67.4500,67.6100,1161556
2018-09-28,68.3300,69.1500,67.6600,68.7100,2322682
2018-09-27,67.3100,69.0600,67.0300,68.5400,2786622
2018-09-26,66.7000,67.9600,66.4100,67.4000,2001182
2018-09-25,67.2100,67.6500,66.3700,66.6300,2088617
2018-09-24,66.7900,67.3000,66.1000,66.2300,1312318
2018-09-21,66.0800,66.9900,65.7300,66.7300,2483961
2018-09-20,65.2500,66.4000,65.2500,66.1800,1593342
2018-09-19,65.3600,65.4500,65.0500,65.2400,1040892
2018-09-18,64.4500,65.0000,64.0800,64.8000,577030
2018-09-17,64.0800,65.1700,63.7300,64.6100,1294211
2018-09-14,64.4600,64.5600,63.8300,64.3300,1137332
2018-09-13,63.7900,64.4600,63.4800,63.6800,770772
2018-09-12,63.3800,64.4600,63.3800,63.6100,1036731
2018-09-11,62.5900,63.8100,61.9900,63.2600,1683978
2018-09-10,64.0100,64.4200,62.8800,62.9600,1232292
2018-09-07,63.2600,63.7600,62.3500,63.7000,1435693
2018-09-06,63.8000,64.2500,62.9500,63.2900,984544
2018-09-05,63.6100,64.1600,63.5300,63.9900,992098
2018-09-04,64.7400,64.9700,63.5500,63.7100,1195984
2018-08-31,64.4700,65.2400,64.4700,64.9800,1752373
2018-08-30,65.3100,65.4500,64.3100,64.6600,1442971
2018-08-29,64.5900,65.4500,64.5500,65.3200,1566493
2018-08-28,64.4000,64.9100,64.3700,64.7500,1300817
2018-08-27,64.1600,64.9900,64.1600,64.7000,1163484
2018-08-24,62.9900,64.4500,62.7800,64.1800,1424941
2018-08-23,62.7700,62.9100,62.5000,62.7000,1110242
2018-08-22,63.8000,64.2400,62.9300,63.0000,993608
2018-08-21,63.3700,64.2900,63.2600,63.8800,1360408
2018-08-20,63.1400,64.0900,63.0500,63.8200,1572407
2018-08-17,62.4500,63.2100,62.2200,63.0400,1488309
2018-08-16,62.0200,63.1000,61.9800,62.6200,1288896
2018-08-15,62.0000,62.0000,61.2800,61.7900,1419655
2018-08-14,61.9100,62.1200,61.4100,61.9500,1355816
2018-08-13,63.1900,63.2600,61.4000,61.6200,3092502
2018-08-10,64.9800,65.1600,63.0300,63.3900,1809937
2018-08-09,65.7100,65.9100,64.9200,65.1900,1092911
2018-08-08,66.7600,66.9100,65.7100,65.8000,1000444
2018-08-07,66.1000,67.5100,66.1000,66.7100,1370303
2018-08-06,66.0800,66.4800,66.0000,66.2300,640349
2018-08-03,66.2600,66.6000,65.9900,66.0900,863952
2018-08-02,66.2600,66.4200,65.1700,66.3600,2019661
2018-08-01,68.0500,68.2600,65.9400,66.0000,3672524
2018-07-31,69.0700,69.5000,68.6600,69.1300,1368894
2018-07-30,67.9700,68.3600,67.8400,68.1700,833346
2018-07-27,68.5600,68.6400,67.8600,68.0100,600648
2018-07-26,67.9500,69.0600,67.8500,68.4800,890102
2018-07-25,67.7800,68.4100,67.3200,68.0900,1193513
2018-07-24,67.7500,68.7000,67.6800,67.8000,1822127
2018-07-23,67.9100,68.3100,67.5800,67.6600,1097313
2018-07-20,67.8400,68.1000,67.4200,68.0300,810667
2018-07-19,68.5300,68.9800,67.9000,67.9700,736452
2018-07-18,68.5700,68.9500,68.2500,68.4100,650371
2018-07-17,67.9600,68.7800,67.7900,68.7400,1029355
2018-07-16,68.5000,68.7000,67.3600,67.6600,1119014
2018-07-13,69.0000,69.0800,68.0900,68.4700,1187908
2018-07-12,69.9200,70.1800,68.7300,68.8500,1154875
2018-07-11,70.2400,70.9000,69.6100,69.7600,1198585
2018-07-10,69.5600,70.4800,69.5600,70.2000,1227025
2018-07-09,70.0500,70.2400,69.4100,69.4600,1030091
2018-07-06,69.5500,70.2100,69.1700,69.7800,1191604
2018-07-05,68.1000,69.4800,67.7300,69.4000,2264249
2018-07-03,69.3400,69.3400,67.6800,68.0000,1912796
2018-07-02,69.6400,69.7100,69.0900,69.3300,1032277
2018-06-29,69.6400,70.4200,69.2400,69.7100,1097595
2018-06-28,69.8700,70.0600,68.9100,69.6000,1194548
2018-06-27,70.9200,71.0000,69.9500,70.0700,1374562
2018-06-26,71.1600,72.1900,70.8600,70.9200,1385122
2018-06-25,71.4000,72.2800,71.1300,71.2500,1858870
2018-06-22,71.3700,71.6600,71.0900,71.5200,1301258
2018-06-21,71.0000,71.5800,70.5100,71.0500,1631003
2018-06-20,71.7600,71.9000,70.1300,70.2700,1868901
2018-06-19,70.8900,73.1300,70.8000,71.8600,2334654
2018-06-18,69.5400,71.4400,69.5400,71.0800,1392128
2018-06-15,70.0400,70.2300,68.4300,70.0800,2487629
2018-06-14,71.2500,71.6000,70.2500,70.5500,1773163
2018-06-13,69.8000,71.2900,69.3300,70.9900,3965135
2018-06-12,69.6900,70.0000,69.4400,69.6900,736556
2018-06-11,69.2400,70.1000,69.1800,69.6900,981753
2018-06-08,69.0900,69.6000,69.0900,69.1700,1064174
2018-06-07,69.8700,70.2300,68.9600,69.1000,2790270
2018-06-06,70.6000,70.6800,69.3400,70.0700,1348874
2018-06-05,69.9800,70.7400,69.5900,70.4400,1387491
2018-06-04,70.1600,70.4100,69.6100,69.9900,976024
2018-06-01,69.6000,70.3500,69.4300,69.8900,915654
2018-05-31,70.0900,70.2800,68.9700,69.5500,1612083
2018-05-30,70.1300,70.4900,69.5100,70.3500,1019240
2018-05-29,69.8500,69.9600,69.2400,69.6600,1068397
2018-05-25,69.8400,70.6900,69.8000,69.9400,976506
2018-05-24,70.1400,70.5100,69.4200,70.1000,749376
2018-05-23,69.6700,70.0900,69.4300,69.8400,924167
2018-05-22,70.0400,70.6400,69.8600,69.9700,827693
2018-05-21,69.8100,70.0400,69.0400,69.9300,1291598
2018-05-18,70.2300,70.4800,69.4200,69.6600,1378458
2018-05-17,70.7700,71.0800,70.2800,70.6900,1016821
2018-05-16,71.0100,71.2400,70.3100,70.5900,1130750
2018-05-15,70.6600,71.4400,70.4000,71.0400,1162016
2018-05-14,71.3000,71.4800,70.3000,71.0400,1002388
2018-05-11,70.7700,71.6500,70.7600,71.1700,767525
2018-05-10,70.0200,71.2300,69.8000,70.7500,1179999
2018-05-09,69.5400,70.2100,69.4300,69.9200,1039613
2018-05-08,69.4500,69.9700,69.1100,69.5200,1470229
2018-05-07,70.3500,70.6800,68.8900,69.3600,1694571
2018-05-04,70.1600,71.1000,69.6100,70.4900,2117447
2018-05-03,73.0000,73.3800,69.9700,70.2700,4091682
2018-05-02,74.3000,74.6900,72.7700,73.2900,3115330
2018-05-01,72.4800,72.7100,71.3000,71.6400,1629896
2018-04-30,73.1400,73.1400,72.0700,72.2300,966224
2018-04-27,72.0500,73.0100,71.9600,72.6900,962113
2018-04-26,72.5300,73.0500,71.9200,71.9700,1501296
2018-04-25,73.2000,73.2000,72.1100,72.5500,1279020
2018-04-24,73.7100,73.8700,72.3700,72.7200,1241253
2018-04-23,73.7500,73.8300,72.7000,73.4400,1397027
2018-04-20,75.7600,75.9900,72.5900,73.7300,2525365
2018-04-19,75.3500,76.9500,74.8600,75.7000,1812272
2018-04-18,74.7800,74.9500,74.0100,74.8600,1276439
2018-04-17,75.3700,75.3700,74.6900,74.8000,739009
2018-04-16,75.4100,75.4800,74.5600,75.0600,901217
2018-04-13,75.2600,75.9700,74.7400,75.1400,751702
2018-04-12,74.5400,75.2900,74.1100,75.0500,577410
2018-04-11,73.9300,74.8600,73.7000,74.4900,823178
2018-04-10,75.2100,75.4700,73.9500,74.1000,1380069
2018-04-09,75.5900,76.3700,74.9000,74.9100,1196276
2018-04-06,75.0700,75.8800,74.9000,75.5900,1423186
2018-04-05,76.0700,76.6500,74.7500,75.1400,1212589
2018-04-04,73.1200,75.8600,73.0000,75.6400,2452820
2018-04-03,73.1700,74.7100,73.1700,74.1200,1688923
2018-04-02,73.5900,73.7500,71.6000,72.5800,1179063
2018-03-29,73.3700,74.7800,73.3100,73.9400,940878
2018-03-28,72.9700,73.5400,72.4000,73.0600,821524
2018-03-27,73.6600,73.6600,72.3800,72.6100,836289
2018-03-26,73.0100,73.2400,71.6200,73.1900,1019563
2018-03-23,72.6300,74.5700,72.4000,72.5200,1386913
2018-03-22,72.4400,73.6900,71.9400,72.0500,1470355
2018-03-21,73.6300,73.8900,72.6100,73.0200,1142069
2018-03-20,72.9600,74.0000,72.6600,73.9900,961006
2018-03-19,73.5900,73.7300,72.3400,72.6500,1089969
2018-03-16,74.0300,74.4600,72.2100,73.4300,2231443
2018-03-15,74.5600,75.2800,73.3100,73.7400,1284069
2018-03-14,76.0000,76.2100,74.0500,74.2400,1030841
2018-03-13,76.0000,76.3100,75.5200,75.8700,1003110
2018-03-12,75.5800,76.3800,75.4700,75.9300,1597180
2018-03-09,77.1300,77.2300,72.3200,74.9600,4762727
2018-03-08,77.4100,77.7500,76.6000,77.0100,1223676
2018-03-07,77.7200,79.1000,77.1700,77.4300,2360359
2018-03-06,79.0900,79.0900,76.6900,77.1100,2965416
2018-03-05,75.2500,78.9700,75.1200,77.9900,3432388
2018-03-02,75.2200,75.7800,74.3400,75.1700,1710070
2018-03-01,75.2400,76.8100,75.0400,75.9800,976929
2018-02-28,75.2900,76.6900,75.2900,75.4300,1507059
2018-02-27,76.4700,76.4700,74.8300,74.8300,1446434
2018-02-26,76.6000,76.6000,75.6900,75.9700,856592
2018-02-23,75.7000,77.0000,75.4800,76.6200,843845
2018-02-22,75.3900,76.6800,75.1500,75.5900,1368288
2018-02-21,76.3500,76.5800,75.0900,75.1000,2099851
2018-02-20,78.6200,78.7300,75.0100,76.0700,2333890
2018-02-16,77.0000,79.9400,76.8500,79.1000,2344097
2018-02-15,76.2400,77.5400,75.1800,77.1900,2679631
2018-02-14,76.1900,77.7700,74.0000,75.0600,5581052
2018-02-13,79.5700,79.9900,78.5800,79.5100,1534740
2018-02-12,81.0000,81.0000,78.0700,79.6600,1954401
2018-02-09,80.4600,81.4500,77.7000,80.7500,2224737
2018-02-08,81.4600,82.5600,79.9600,79.9600,1928905
2018-02-07,82.5000,83.0000,81.3400,81.3400,1661591
2018-02-06,80.4900,82.8600,80.3300,82.5500,3029112
2018-02-05,82.5000,83.2000,80.8900,80.8900,5295791
2018-02-02,78.8500,79.4300,78.4300,78.6000,1122916
2018-02-01,79.2100,82.0000,78.9100,79.6600,1499699
2018-01-31,80.0000,80.5000,78.8300,79.4300,1596263
2018-01-30,79.9800,80.5000,79.4000,79.9500,1405122
2018-01-29,81.3900,81.7300,80.1900,80.8600,1176122
2018-01-26,80.6100,82.2200,80.0500,81.8000,2202605
2018-01-25,80.1400,80.5100,79.7700,80.0000,1396839
2018-01-24,80.7000,81.6100,79.3700,80.0300,1712004
2018-01-23,81.6700,81.8500,79.8200,80.5700,3879891
2018-01-22,79.5900,82.4400,78.4000,82.1100,8428382
2018-01-19,69.4100,77.8300,68.6500,77.5600,4161938
2018-01-18,69.9500,70.2600,69.4400,69.6400,935411
2018-01-17,70.3700,70.8900,69.6600,70.4500,1040249
2018-01-16,69.5200,70.9800,69.4100,70.1800,1170503
2018-01-12,70.4200,70.7300,69.1700,69.7400,966473
2018-01-11,69.6800,70.7600,69.3600,70.4400,1044815
2018-01-10,69.3900,69.5300,67.8200,69.3900,921408
2018-01-09,69.2200,69.9600,68.8700,69.6300,984403
2018-01-08,69.7500,69.7700,68.2400,68.9300,1037423
2018-01-05,70.5000,70.9900,69.5500,69.9400,792666
2018-01-04,69.7800,71.2100,69.7500,70.4700,2026905
2018-01-03,68.3800,70.2100,68.0600,69.4500,2121847
2018-01-02,67.2300,68.0300,66.4500,67.9900,943394
2017-12-29,67.3000,67.9200,67.0800,67.0800,808797
2017-12-28,67.0600,67.2200,66.6600,67.1500,574148
2017-12-27,67.3200,67.3600,66.7500,66.8600,458235
2017-12-26,66.5500,67.2700,66.5500,67.1700,569668
2017-12-22,66.9000,67.4300,66.5500,66.7400,486816
2017-12-21,67.5700,68.1900,66.9000,66.9900,975518
2017-12-20,67.0800,67.6400,66.3200,67.2500,1241345
2017-12-19,67.0500,67.1800,66.3700,66.9100,1099228
2017-12-18,67.7100,68.9700,66.9500,67.0300,1044638
2017-12-15,66.3300,67.9700,66.1300,67.6900,1779876
2017-12-14,66.7700,67.3500,66.1100,66.1200,1520377
2017-12-13,68.5700,69.0000,66.1100,66.2200,2702124
2017-12-12,69.8700,70.6700,68.6200,68.6800,1598138
2017-12-11,70.0600,70.4800,69.3900,69.6700,1307039
2017-12-08,69.1200,70.4600,68.9900,69.7900,2153426
2017-12-07,69.5000,70.6000,68.5500,69.2100,2627432
2017-12-06,66.0700,69.0100,66.0700,68.3300,2182477
2017-12-05,67.6900,67.7350,66.0400,66.0600,1339962
2017-12-04,67.2500,68.0400,66.6900,67.4900,841972
2017-12-01,66.8500,67.7200,66.2350,67.1400,890839
2017-11-30,66.6000,68.2500,66.6000,66.9100,1937984
2017-11-29,65.7200,67.3100,65.7200,66.4200,1272980
2017-11-28,65.2500,65.8400,65.1100,65.4500,1904347
2017-11-27,65.4900,65.5800,64.7400,65.1600,937000
2017-11-24,65.7600,65.9400,65.1000,65.2500,248447
2017-11-22,65.2100,65.7600,64.8900,65.4800,1210020
2017-11-21,65.5600,65.9500,65.1300,65.3000,892148
2017-11-20,65.2800,65.8700,64.7900,65.3000,1232078
2017-11-17,64.9800,65.8700,64.4100,65.5000,979158
2017-11-16,65.1100,65.8900,63.8650,65.6300,1592444
2017-11-15,65.8200,65.8800,65.0300,65.1500,1497585
2017-11-14,65.9700,67.1499,65.8600,66.2200,938052
2017-11-13,67.0000,67.2450,65.8500,66.3100,1573376
2017-11-10,67.3900,67.7800,67.0300,67.1500,1019899
2017-11-09,67.7200,68.3400,67.4600,67.6000,1275882
2017-11-08,67.5000,68.0631,67.0500,67.8900,1110620
2017-11-07,67.6000,68.4700,67.2600,67.4300,1260596
2017-11-06,67.7200,67.9900,67.4100,67.6400,851643
2017-11-03,69.2300,69.4100,67.1600,67.8600,1836026
2017-11-02,69.5000,70.9000,68.7800,69.1300,1985803
2017-11-01,70.4800,71.7500,69.2400,69.5600,1995329
2017-10-31,68.1700,69.0800,68.0100,68.7800,1530326
2017-10-30,69.6800,69.8600,69.0750,69.2700,611458
2017-10-27,69.7100,70.0000,69.2800,69.8200,619228
2017-10-26,70.3500,70.7000,69.8600,69.9600,614291
2017-10-25,70.3900,70.7500,69.3650,70.0400,557040
2017-10-24,70.9500,71.2916,70.5900,70.7300,624886
2017-10-23,70.8800,71.5400,70.8200,71.1200,564857
2017-10-20,70.8300,71.2201,70.3300,71.1700,701303
2017-10-19,70.3400,71.1000,70.0900,70.8300,617391
2017-10-18,71.1400,71.4100,70.3700,70.4400,892907
2017-10-17,70.7800,71.5200,70.4900,71.2100,802174
2017-10-16,72.0000,72.5000,70.1100,70.7800,2195256
2017-10-13,68.4300,74.0400,67.9400,72.4900,5702617
2017-10-12,67.5300,67.8700,67.3550,67.8500,972998
2017-10-11,67.9900,68.2900,67.3400,67.7400,781842
2017-10-10,67.4600,67.9300,67.3300,67.8400,1208176
2017-10-09,68.5000,68.7500,67.1500,67.1800,1134001
2017-10-06,69.6800,69.7200,68.3300,68.7200,1042279
2017-10-05,69.6100,69.9000,69.5300,69.8000,688485
2017-10-04,68.9400,69.9300,68.8700,69.5100,1073260
2017-10-03,70.1900,70.3500,69.2200,69.3200,1148195
2017-10-02,69.7700,70.5400,69.5900,69.9200,1062399
2017-09-29,69.5500,69.7200,69.0200,69.4600,1033457
2017-09-28,70.5000,71.2500,69.4700,69.5400,1105731
2017-09-27,71.5900,71.6300,70.6500,70.7800,886512
2017-09-26,71.7200,71.9600,71.2200,71.4700,495810
2017-09-25,71.3500,71.7300,71.1100,71.4800,553930
2017-09-22,71.4800,71.9400,71.0650,71.2800,630976
2017-09-21,71.4000,71.9400,71.1300,71.3800,573030
2017-09-20,72.2500,72.4123,71.3500,71.4700,1007490
2017-09-19,72.7500,72.9799,72.2400,72.4800,887938
2017-09-18,72.7700,73.3500,72.6600,72.8400,867860
2017-09-15,73.0100,73.7800,72.0700,72.5300,1724605
2017-09-14,72.2900,73.0000,72.2900,72.8300,949870
2017-09-13,72.1200,73.0300,71.5800,72.2900,1408183
2017-09-12,72.8900,73.1200,69.9400,71.4400,3223100
2017-09-11,75.1400,76.3000,74.9400,75.7500,801493
2017-09-08,75.6100,75.7600,74.7400,74.8200,620001
2017-09-07,75.7200,76.0400,74.8900,75.6400,550973
2017-09-06,75.8100,75.9400,75.3600,75.6000,557480
2017-09-05,76.0500,76.3700,75.4300,75.6800,597707
2017-09-01,75.2100,76.2300,74.3000,76.2000,894315
2017-08-31,74.2000,75.0200,73.0000,74.6300,1523614
2017-08-30,74.5700,75.0100,73.9700,74.0500,533828
2017-08-29,74.4600,75.0200,73.6200,74.2000,1073179
2017-08-28,75.9000,76.1600,74.4900,74.5800,835479
2017-08-25,75.7300,76.0000,75.3900,75.5300,428813
2017-08-24,75.4700,75.5400,74.9200,75.4700,683369
2017-08-23,75.9500,76.4000,75.2700,75.4800,815049
2017-08-22,75.1800,76.0400,74.9000,76.0200,1110397
2017-08-21,75.0000,75.1900,74.3300,75.0900,509359
2017-08-18,74.9200,75.2900,74.5700,74.9500,979281
2017-08-17,77.2200,77.3200,75.4300,75.5500,741816
2017-08-16,77.1600,77.9700,77.0900,77.1600,586335
2017-08-15,77.6400,77.7800,77.1600,77.1600,469657
2017-08-14,77.7000,78.3450,77.1400,77.2200,803804
2017-08-11,77.4000,77.7400,77.2000,77.2700,676372
2017-08-10,76.7300,78.5700,76.4500,77.9600,1472853
2017-08-09,76.5000,76.9600,75.7100,76.9300,896245
2017-08-08,77.2900,77.6050,76.3100,76.9800,1102816
2017-08-07,76.5200,77.5200,75.9750,77.2600,1469287
2017-08-04,76.2600,76.5100,75.6600,76.3400,751081
2017-08-03,77.0000,77.8400,75.5500,75.9600,1111943
2017-08-02,80.5600,81.5000,76.5200,77.4800,1554022
2017-08-01,78.7300,79.3400,76.9500,78.0600,1355774
2017-07-31,80.1000,80.1000,78.0800,78.3900,1085581
2017-07-28,79.2900,79.9500,78.8700,79.8500,457493
2017-07-27,80.0000,80.0000,78.6200,79.2400,628134
2017-07-26,80.7600,80.7600,79.6000,79.7100,612561
2017-07-25,80.6300,81.0000,79.6350,80.5900,785295
2017-07-24,79.6100,80.5000,79.4500,80.1300,790637
2017-07-21,79.5400,79.9400,78.0500,79.6300,897876
2017-07-20,78.6800,79.8800,77.1200,79.5800,1502647
2017-07-19,78.3800,79.3000,77.6700,78.6900,703152
2017-07-18,78.2000,78.6900,77.9300,78.1900,800850
2017-07-17,78.5000,78.9100,78.0300,78.6900,790058
2017-07-14,78.5800,78.7550,77.8800,78.3800,873263
2017-07-13,77.1500,78.6700,76.5300,78.3700,938667
2017-07-12,75.9500,76.9000,75.3100,76.7700,1343878
2017-07-11,76.0300,76.4600,75.3900,75.5100,827807
2017-07-10,77.0500,77.5000,76.3100,76.4700,697171
2017-07-07,75.8500,77.2700,75.3700,76.8400,789482
2017-07-06,76.5100,76.9100,75.0600,75.4100,1259957
2017-07-05,75.6800,77.6700,75.6800,77.0900,1179961
2017-07-03,74.9500,76.2100,74.6800,75.8700,617117
2017-06-30,74.1100,74.8300,72.8700,74.6000,1261608
2017-06-29,74.0800,74.5200,73.0100,73.5900,879961
2017-06-28,74.8000,75.1200,73.5900,74.0300,861204
2017-06-27,74.3200,75.5100,74.2100,74.3200,834356
2017-06-26,75.7200,75.9705,74.4100,74.4700,819745
2017-06-23,75.7100,76.2250,74.9400,75.7200,1226527
2017-06-22,75.8600,75.9600,75.1475,75.5400,889613
2017-06-21,76.1300,76.8500,75.6100,75.7300,1397946
2017-06-20,77.4400,77.7900,76.0600,76.2600,1863108
2017-06-19,77.3100,78.5100,76.8000,77.8000,1368518
2017-06-16,76.6600,77.6000,76.4500,76.9400,1713456
2017-06-15,77.1000,77.8350,76.2700,77.3400,1367494
2017-06-14,77.5000,78.2300,77.2300,77.8800,1300515
2017-06-13,78.3600,78.4050,77.0300,77.6900,1563324
2017-06-12,78.1400,79.2450,77.5000,77.9700,1750414
2017-06-09,81.1800,81.4600,78.5100,79.0600,1779134
2017-06-08,81.1900,81.7300,80.0600,80.7500,1006039
2017-06-07,80.0000,81.3600,79.2950,81.3300,1562185
2017-06-06,79.8700,79.8700,78.8800,79.2900,1123228
2017-06-05,80.1900,80.7350,79.4500,80.1000,1225228
2017-06-02,79.2800,81.0600,79.2800,80.3000,1231629
2017-06-01,80.4000,80.9600,79.2300,79.3400,1631437
2017-05-31,81.2100,81.2100,79.3950,79.9700,1685523
2017-05-30,81.9600,82.6300,80.8700,80.9800,1495387
2017-05-26,83.7500,83.7500,81.3500,82.1700,1940573
2017-05-25,81.9200,83.6600,81.4400,83.2200,2989196
2017-05-24,77.5500,82.9600,77.3200,82.5400,6776711
2017-05-23,70.2300,82.4000,69.6500,81.7000,90388
2017-05-22,69.9800,70.6000,69.4800,70.0700,1418290
2017-05-19,69.6400,70.2500,69.3600,69.6800,1316082
2017-05-18,67.4100,69.6200,67.4100,69.2700,1317971
2017-05-17,68.6300,70.2500,67.4900,69.2000,1034219
2017-05-16,70.0000,70.4300,69.4900,70.0100,747841
2017-05-15,70.1000,70.3500,69.7900,70.1100,798088
2017-05-12,70.1500,70.5800,69.4500,69.9300,878308
2017-05-11,69.8200,70.5700,69.5500,70.1500,1001211
2017-05-10,69.5200,70.5000,69.0600,70.0100,1507323
2017-05-09,70.0700,70.3762,69.0200,69.4300,1670720
2017-05-08,69.2600,70.3700,69.0300,70.0100,1534993
2017-05-05,69.7600,70.3600,69.0100,69.5300,2158858
2017-05-04,67.5300,69.9700,67.5300,69.7900,3924797
2017-05-03,68.4100,70.0000,66.5000,67.0400,56880
2017-05-02,77.7000,77.8000,75.0900,75.5500,2120630
2017-05-01,78.9400,79.1900,77.7000,77.9800,971638
2017-04-28,78.5800,79.2000,77.9800,79.0300,1179218
2017-04-27,78.2300,78.6900,77.8200,78.4900,754403
2017-04-26,78.7400,78.9499,78.0200,78.3600,716373
2017-04-25,78.6900,78.9800,77.7000,78.6000,813075
2017-04-24,78.0300,78.7400,77.7700,78.3800,972250
2017-04-21,77.3600,77.8500,77.3300,77.4600,830691
2017-04-20,77.3700,78.1700,76.9900,77.6500,1074366
2017-04-19,77.8300,78.1500,76.8200,77.0100,830136
2017-04-18,77.1100,78.6200,76.7400,77.8400,1106474
2017-04-17,76.4000,77.0700,76.3900,77.0300,669378
2017-04-13,76.9300,77.2400,76.3500,76.5100,691130
2017-04-12,77.1300,77.9800,76.6200,77.1900,1131299
2017-04-11,76.7900,77.3700,76.3900,76.8500,1384837
2017-04-10,75.9500,76.6800,75.5900,76.6300,1400060
2017-04-07,77.1700,77.4800,75.6700,75.9900,1732667
2017-04-06,75.2800,77.1100,75.0100,77.0500,2304064
2017-04-05,78.3700,78.7600,77.0900,77.3200,1726854
2017-04-04,78.4300,78.8700,77.8600,78.2500,1873239
2017-04-03,79.4400,79.6900,78.4900,78.7200,1434221
2017-03-31,79.4000,79.9000,79.1600,79.2600,1255720
2017-03-30,81.4100,81.5000,79.4500,79.5800,1249377
2017-03-29,80.7500,81.7200,80.5000,81.5200,1943177
2017-03-28,79.6500,80.8600,79.4500,80.5000,1358348
2017-03-27,80.0900,80.6550,79.3800,79.9600,1499590
2017-03-24,80.0000,80.9000,79.6000,80.1700,1388162
2017-03-23,80.7100,80.9450,79.9800,80.0800,1073051
2017-03-22,78.8000,80.9000,78.6003,80.7400,1995940
2017-03-21,79.5600,79.9300,78.3700,78.5900,1896444
2017-03-20,80.5000,80.5100,78.4600,79.5600,1939683
2017-03-17,82.1700,82.2000,81.3100,81.8400,1823680
2017-03-16,81.5400,81.9000,81.2900,81.6600,942517
2017-03-15,81.5600,82.2600,80.8800,81.5600,1325371
2017-03-14,80.9000,81.4600,80.3700,81.0300,1011615
2017-03-13,81.3300,81.5000,80.3600,80.8900,1502324
2017-03-10,80.8100,81.6600,80.8000,81.1200,1207850
2017-03-09,80.5200,81.1600,80.2100,80.8900,911883
2017-03-08,81.3500,81.9400,80.0600,80.4300,1541662
2017-03-07,81.2400,81.7399,80.6701,81.4200,1291859
2017-03-06,81.2600,81.4100,80.4300,81.3200,1370104
2017-03-03,80.8000,81.9400,80.3500,81.6500,1551449
2017-03-02,81.4900,81.4900,80.3900,80.9400,1388286
2017-03-01,82.2500,82.6600,81.5100,82.0700,1582609
2017-02-28,80.9900,82.6500,80.8500,81.8500,2046907
2017-02-27,81.0500,81.4400,80.5700,81.4000,1343184
2017-02-24,79.5900,81.0600,79.3000,81.0500,1700222
2017-02-23,79.5100,80.6400,79.1500,80.0500,1813116
2017-02-22,78.8000,79.6100,78.3985,79.4400,1548943
2017-02-21,77.4300,78.7100,77.1000,78.4400,1426223
2017-02-17,75.1900,77.8200,74.9200,77.7800,1964278
2017-02-16,75.4200,76.5250,75.3600,75.3700,2161689
2017-02-15,71.6400,75.2800,71.5200,75.1400,47768
2017-02-14,68.0400,68.4500,67.5200,68.2900,1289364
2017-02-13,68.3900,68.6950,67.9550,68.4600,783351
2017-02-10,68.8300,68.8900,68.1200,68.5500,792095
2017-02-09,68.7700,68.9900,68.3400,68.5700,627889
2017-02-08,69.3600,69.4950,68.2000,68.5000,683721
2017-02-07,69.0200,69.8000,68.2003,69.0600,752500
2017-02-06,69.8300,69.9300,69.1300,69.4000,535029
2017-02-03,69.4300,70.3600,69.1400,69.6300,757268
2017-02-02,68.8000,69.3900,68.3200,69.0900,730887
2017-02-01,69.1200,69.2900,67.8500,68.6900,690870
2017-01-31,68.0500,69.2400,67.6700,69.2100,990012
2017-01-30,68.2000,68.7300,67.2000,67.8100,701600
2017-01-27,68.3100,68.9200,67.8790,68.6600,850737
2017-01-26,68.9300,69.4700,68.0800,68.2800,643074
2017-01-25,68.6900,69.9000,68.5444,69.5900,829062
2017-01-24,68.6800,69.3900,68.2600,68.7000,1151049
2017-01-23,68.0000,68.6000,67.5800,68.5200,651489
2017-01-20,68.1600,68.7300,67.5700,67.9600,603973
2017-01-19,68.9900,69.1600,67.9200,68.0000,636570
2017-01-18,68.8000,69.6000,68.4500,69.0100,1348069
2017-01-17,68.8600,69.0700,67.8000,68.4900,1089084
2017-01-13,69.1900,69.1950,68.4500,68.8300,663233
2017-01-12,70.5400,70.6000,68.9300,69.0800,450428
2017-01-11,70.4800,70.7000,69.5100,70.6000,761493
2017-01-10,70.3600,70.7900,69.5200,70.4000,776554
2017-01-09,69.9800,70.9300,69.9400,70.1400,709336
2017-01-06,70.9200,70.9900,69.8800,70.1400,912039
2017-01-05,72.3500,72.4800,70.9000,71.1000,874036
2017-01-04,73.3100,73.4000,71.8900,72.2700,1001852
2017-01-03,72.8600,73.2700,72.2900,73.2400,650766
2016-12-30,70.6600,72.2800,70.4500,72.2400,508368
2016-12-29,70.7400,71.3500,70.6500,70.8300,422812
2016-12-28,72.0900,72.1800,70.9700,71.0100,497244
2016-12-27,71.5100,72.1400,71.3000,72.0000,353038
2016-12-23,71.1900,71.5700,70.9350,71.4300,329689
2016-12-22,72.1900,72.4000,71.0500,71.4600,655349
2016-12-21,72.2000,72.3300,71.7100,72.0800,601050
2016-12-20,71.3400,71.9400,70.7600,71.9300,677664
2016-12-19,72.8500,73.2600,71.1200,71.5400,1056389
2016-12-16,71.3900,72.9600,71.3900,72.8300,1267516
2016-12-15,71.0800,71.7600,70.4700,71.2400,709448
2016-12-14,73.0000,73.0000,70.6400,71.0600,1300272
2016-12-13,73.9200,74.0000,72.0000,72.1200,1121015
2016-12-12,73.1300,73.9500,72.9099,73.6100,767994
2016-12-09,73.3300,73.7000,73.0800,73.3600,792058
2016-12-08,73.0800,73.4100,72.3395,73.4000,766504
2016-12-07,71.9500,73.0400,71.4900,73.0000,1297062
2016-12-06,70.6500,71.6400,70.5300,71.5100,1360454
2016-12-05,69.5800,70.3850,69.4500,70.3500,1056257
2016-12-02,69.7000,70.0700,69.0300,69.1200,1150239
2016-12-01,68.0000,70.0400,67.9100,70.0000,1623696
2016-11-30,67.6500,68.4400,67.3400,68.2800,996254
2016-11-29,66.4600,67.6900,66.4300,67.1100,800702
2016-11-28,67.6000,68.6000,66.1201,66.4700,1463582
2016-11-25,67.3100,68.5100,67.2600,68.0600,718065
2016-11-23,67.3500,67.9299,66.5050,67.1100,1081524
2016-11-22,67.9800,68.2400,67.1700,67.6100,1053248
2016-11-21,67.5100,68.4500,67.5100,67.7500,755500
2016-11-18,67.2100,67.5200,66.9000,67.3500,964469
2016-11-17,67.5600,67.6400,66.5300,67.4300,1112442
2016-11-16,67.0800,68.0400,66.3900,67.4800,1639112
2016-11-15,66.5900,68.0700,66.1900,68.0600,1039724
2016-11-14,64.6100,66.7900,64.3300,66.5700,1468222
2016-11-11,66.9400,67.1750,63.9600,64.3000,1838502
2016-11-10,68.1700,69.2300,67.0800,67.3600,1340046
2016-11-09,69.3600,69.9800,67.6200,68.4800,1766506
2016-11-08,69.1200,70.5300,68.7000,70.0500,1055991
2016-11-07,69.9000,70.3300,68.7450,69.0800,1443240
2016-11-04,69.3400,70.0900,69.1100,69.3100,1741539
2016-11-03,68.2700,70.2800,67.8200,69.3200,1930428
2016-11-02,64.0000,69.4500,62.6400,68.8100,4305149
2016-11-01,62.0000,63.6200,61.9800,62.5800,1805611
2016-10-31,61.8800,62.1800,61.4300,62.0100,1056676
2016-10-28,61.3700,62.1900,60.8100,61.7200,893529
2016-10-27,61.8100,62.1000,61.2500,61.2900,688153
2016-10-26,61.1500,61.9000,61.0600,61.4700,799035
2016-10-25,61.3100,62.4100,61.1300,61.4500,964024
2016-10-24,60.8500,61.5400,60.8500,61.4100,873321
2016-10-21,59.5400,60.9500,59.0400,60.8500,907795
2016-10-20,60.0000,60.6300,59.5200,59.8700,1059020
2016-10-19,59.6200,60.0800,59.1600,60.0600,721739
2016-10-18,59.3100,59.5400,59.0300,59.3300,818887
2016-10-17,59.2800,59.3700,58.4900,58.6400,665501
2016-10-14,60.4500,60.8700,59.1600,59.1600,731888
2016-10-13,59.6500,60.7300,59.2800,60.1700,590483
2016-10-12,60.1700,60.4400,59.6050,60.1500,729092
2016-10-11,61.5200,61.8900,60.1000,60.2700,668634
2016-10-10,61.4300,61.8000,61.0900,61.7800,488345
2016-10-07,62.0300,62.0300,60.5800,60.9600,902549
2016-10-06,60.7300,62.1700,60.7300,61.8700,1283841
2016-10-05,59.8000,61.0900,59.5700,60.9400,2170156
2016-10-04,59.3200,60.7200,59.0000,59.8700,1020191
2016-10-03,58.9600,59.4400,58.6400,59.3900,629282
2016-09-30,58.2400,59.4900,58.1900,59.2300,1291519
2016-09-29,59.3100,59.4500,58.5100,58.7600,826543
2016-09-28,59.4400,59.6100,58.6700,59.4800,998297
2016-09-27,59.2500,59.6100,58.8000,59.3100,735448
2016-09-26,59.9600,59.9600,59.3900,59.4700,637412
2016-09-23,60.8700,61.1600,59.7300,60.1100,1033544
2016-09-22,60.6500,61.5100,60.6200,61.3700,1129223
2016-09-21,59.2700,60.3900,59.2700,60.3300,1303490
2016-09-20,59.5800,59.9200,58.9200,59.2800,1256859
2016-09-19,60.8800,61.3600,59.6800,59.7000,963842
2016-09-16,60.0600,60.7500,60.0100,60.7500,1655203
2016-09-15,60.1700,60.6600,59.7600,60.3900,1195763
2016-09-14,61.1600,61.6300,60.2900,60.4000,919776
2016-09-13,62.1400,62.5800,60.7000,60.9500,1544536
2016-09-12,61.5600,62.6600,60.9200,62.4500,1085693
2016-09-09,63.6200,63.6200,61.9200,61.9200,1260914
2016-09-08,64.1300,64.3700,63.3700,63.7500,1035807
2016-09-07,64.0400,64.2200,63.5600,64.1500,944176
2016-09-06,63.5800,64.2000,63.1700,64.0800,725165
2016-09-02,62.9100,63.8400,62.9100,63.5600,627192
2016-09-01,63.9300,63.9800,62.2600,62.9600,1317218
2016-08-31,63.6800,63.9400,62.8500,63.9000,1681923
2016-08-30,62.6700,63.2700,62.3300,62.5200,705974
2016-08-29,62.5300,63.1500,62.5100,62.8000,530098
2016-08-26,63.1200,63.1200,62.0100,62.4700,991452
2016-08-25,63.4500,63.8750,62.8900,62.9300,870143
2016-08-24,64.1600,64.2900,63.3000,63.5300,960128
2016-08-23,64.1600,64.5800,63.9700,64.1100,673511
2016-08-22,64.3300,64.3300,63.6600,63.9900,606948
2016-08-19,63.6900,63.9700,63.3000,63.9700,752468
2016-08-18,64.9000,64.9200,63.7500,63.9400,1024982
2016-08-17,64.1200,65.0850,63.7700,64.9600,908141
2016-08-16,65.6900,65.6900,64.5000,64.5000,706568
2016-08-15,65.7000,65.9900,65.5100,65.9500,624705
2016-08-12,65.2400,65.8200,64.8000,65.7600,752178
2016-08-11,65.8800,66.3000,64.8600,65.1400,839768
2016-08-10,66.4100,66.6600,65.6950,65.7900,1072466
2016-08-09,66.0500,66.4650,65.8200,66.0600,693268
2016-08-08,66.1700,67.0800,65.7610,65.8300,1126313
2016-08-05,65.1800,66.4100,64.9950,66.2100,1038296
2016-08-04,64.5800,65.1900,63.9800,65.1500,1238790
2016-08-03,63.2400,64.4600,62.7400,64.4600,1284362
2016-08-02,63.6000,63.6000,61.5900,63.3300,1698666
2016-08-01,65.4700,65.4700,62.7200,63.0300,1813832
2016-07-29,65.2000,65.9400,65.0350,65.8400,1043866
2016-07-28,63.0000,65.5300,62.0000,65.3500,2017144
2016-07-27,61.2400,61.5700,60.8800,61.2300,1021898
2016-07-26,61.3300,61.6777,60.9000,61.2000,743022
2016-07-25,62.2000,62.2000,61.3200,61.3900,921594
2016-07-22,61.7500,62.3800,61.4800,62.2000,694279
2016-07-21,61.4800,62.0900,61.2000,61.6800,660621
2016-07-20,60.9100,61.5000,60.7800,61.4200,786627
2016-07-19,61.1300,61.2100,60.6100,60.7300,834158
2016-07-18,61.0500,61.6800,60.6900,61.1500,971362
2016-07-15,60.6800,61.1300,60.2400,61.0500,1040662
2016-07-14,60.5100,60.6800,60.1200,60.5100,740740
2016-07-13,60.4900,60.5650,59.4900,60.2100,806452
2016-07-12,59.9800,60.6800,59.9700,60.4600,965100
2016-07-11,60.0800,60.1600,59.3600,59.5100,830639
2016-07-08,58.4900,60.1500,58.3000,60.0000,1440340
2016-07-07,58.6700,59.1200,57.8500,57.9600,829773
2016-07-06,57.5000,58.2500,57.1100,58.1200,1014592
2016-07-05,58.7100,58.9600,57.2700,57.7600,1255789
2016-07-01,59.3800,59.6200,58.1200,58.5600,1446065
2016-06-30,59.1500,59.4000,58.7800,59.1500,1563753
2016-06-29,58.1800,59.2000,58.1800,59.0600,720285
2016-06-28,58.0700,58.2500,57.2800,58.2000,901691
2016-06-27,58.2200,58.3000,56.6900,57.1600,1465297
2016-06-24,59.9200,60.8500,58.7400,58.7600,1779656
2016-06-23,61.7800,62.1800,61.4250,61.6200,639657
2016-06-22,61.3200,62.4300,61.1700,61.5400,1000127
2016-06-21,61.9900,61.9900,61.0700,61.5600,955659
2016-06-20,61.6600,62.3900,61.6550,61.7300,896661
2016-06-17,61.3200,61.7400,61.0200,61.5700,1361989
2016-06-16,61.6000,61.7950,60.7100,61.3800,979736
2016-06-15,62.3400,62.9500,61.8900,61.9900,1380520
2016-06-14,62.1800,62.6900,61.6800,62.1700,1007961
2016-06-13,65.4000,65.4000,62.2700,62.4300,2518483
2016-06-10,66.0200,66.1200,65.1100,65.4000,1098771
2016-06-09,66.2700,66.6500,65.4200,66.1600,1620559
2016-06-08,67.1200,67.6700,66.4700,66.5000,1351543
2016-06-07,67.6400,67.6400,66.9900,67.1500,1033552
2016-06-06,67.7700,68.2200,67.3300,67.4500,954831
2016-06-03,67.7400,67.9500,67.3900,67.7700,1130934
2016-06-02,66.9500,68.2300,66.8500,67.7400,1497413
2016-06-01,66.8100,67.7000,66.5200,67.4900,1489770
2016-05-31,65.8400,67.1700,65.8300,67.0700,2342883
2016-05-27,66.2100,66.3400,65.1700,65.7900,726544
2016-05-26,65.8900,66.5900,65.2700,65.9000,1386919
2016-05-25,64.6600,66.0300,64.5600,65.5200,1867671
2016-05-24,64.0100,65.1900,63.6500,64.4500,1414423
2016-05-23,62.5100,64.4500,62.4900,63.7400,1655560
2016-05-20,61.2900,63.0000,61.0100,62.7400,1319652
2016-05-19,60.7500,61.2050,59.9700,61.1000,1071225
2016-05-18,60.1400,61.3400,59.8800,60.8800,1351909
2016-05-17,60.3300,61.0850,59.9800,60.1400,967027
2016-05-16,60.8000,61.6400,60.6232,60.9400,835861
2016-05-13,61.3200,61.3300,60.2000,60.6500,767160
2016-05-12,61.6100,62.0300,60.8800,61.3700,826917
2016-05-11,61.1600,61.7600,60.9000,61.1800,828924
2016-05-10,60.9900,61.3100,60.4200,61.3100,865922
2016-05-09,61.0500,61.7900,60.1800,60.6800,893704
2016-05-06,60.5500,61.0400,60.1300,60.9500,1115239
2016-05-05,62.3100,62.3100,60.4900,60.5900,1436273
2016-05-04,61.6100,62.1800,61.2400,62.0700,1229055
2016-05-03,62.2200,62.3900,61.2500,61.7900,1127699
2016-05-02,62.5200,62.8800,62.3200,62.5200,1163023
2016-04-29,62.6600,62.8100,61.4400,62.5000,1822053
2016-04-28,61.8700,63.5800,61.8700,62.5100,3258210
2016-04-27,59.9800,60.5900,59.5400,60.4600,1675185
2016-04-26,59.2200,60.1200,59.0700,59.9700,1085864
2016-04-25,59.8900,60.0900,58.8600,59.2800,1231938
2016-04-22,59.0000,59.9000,58.8000,59.8900,1430677
2016-04-21,59.5700,60.3800,59.0600,59.4300,1363284
2016-04-20,59.2300,59.9700,58.9200,59.5200,1917102
2016-04-19,57.7500,59.5000,57.7400,59.1900,1645905
2016-04-18,57.3000,57.9100,57.1750,57.9000,1382008
2016-04-15,56.9100,57.9200,56.5700,57.5100,1766991
2016-04-14,56.3600,56.6700,56.0200,56.5400,1185713
2016-04-13,56.5600,57.0300,56.3800,56.5300,1229875
2016-04-12,56.1800,56.4800,55.7300,56.4100,1274398
2016-04-11,56.1100,57.2100,56.0700,56.1400,1018869
2016-04-08,56.8800,57.1700,55.9900,56.2500,1037239
2016-04-07,55.6100,57.0500,55.4200,56.4300,2264264
2016-04-06,55.6700,56.2800,54.7200,55.6200,1326458
2016-04-05,55.5000,56.1800,54.8800,55.7000,2519919
2016-04-04,56.7000,56.7000,55.7300,55.9700,1453253
2016-04-01,56.3200,56.9600,55.1700,56.9000,1087395
2016-03-31,56.3300,57.3400,56.3100,56.6700,1467198
2016-03-30,57.0000,58.2000,55.8000,56.5000,1467086
2016-03-29,56.0100,56.9800,55.9200,56.9300,1326890
2016-03-28,55.8500,56.7800,55.5900,56.1700,1166283
2016-03-24,54.1100,56.0400,53.5000,55.8500,1754527
2016-03-23,55.0000,55.1000,54.1600,54.2400,1290873
2016-03-22,55.0200,55.8099,54.4400,55.0900,1064449
2016-03-21,55.5400,56.1400,55.2400,55.3400,1385585
2016-03-18,56.0600,56.9000,55.2900,55.8300,1656533
2016-03-17,54.6400,56.1800,54.6400,55.5900,1056984
2016-03-16,54.7100,55.2000,54.1400,54.8200,1079373
2016-03-15,55.0000,55.5300,54.0600,54.7600,826305
2016-03-14,55.8900,56.3700,54.5200,55.0000,1215617
2016-03-11,56.1700,57.0800,55.8600,56.2100,1452743
2016-03-10,55.6400,56.0200,54.4100,55.7100,1747539
2016-03-09,55.0900,56.4650,54.9200,55.4000,1816291
2016-03-08,55.7100,56.3600,53.9100,54.8200,1694896
2016-03-07,54.5700,56.3300,54.5100,55.9500,1315362
2016-03-04,54.2800,56.1100,54.2700,54.9000,1869095
2016-03-03,51.8900,54.1500,51.5600,54.0200,2118557
2016-03-02,50.0800,51.6000,49.5400,51.5000,2026474
2016-03-01,49.9400,50.5898,49.5500,50.0000,1394672
2016-02-29,50.5600,50.8600,49.6400,49.7200,1653980
2016-02-26,51.2500,51.5700,50.4200,50.4700,1297571
2016-02-25,49.8300,51.2450,49.4200,50.9900,2662941
2016-02-24,49.4100,49.8200,48.7400,49.5900,2014112
2016-02-23,51.3000,51.4700,49.0900,49.7000,1827648
2016-02-22,49.9400,51.5300,49.4800,51.3300,2572403
2016-02-19,50.1400,50.1600,48.7400,48.8100,1446733
2016-02-18,50.3000,50.9800,49.4700,50.5800,2063713
2016-02-17,52.5000,52.5700,50.3600,50.4000,1874338
2016-02-16,51.9300,53.3000,51.5300,52.1600,1713748
2016-02-12,48.4300,51.9900,48.3600,51.4600,3751953
2016-02-11,56.2000,56.7500,46.0800,47.7900,5527775
2016-02-10,57.1300,58.7000,56.6000,58.4300,2015801
2016-02-09,57.9800,58.3100,56.3300,56.7500,2171169
2016-02-08,59.2800,59.3900,57.8600,58.3900,1210519
2016-02-05,59.3600,59.7700,59.0700,59.4300,1168872
2016-02-04,59.4000,60.6000,59.2600,59.5000,1512781
2016-02-03,59.1100,59.5000,58.5300,59.2300,1043147
2016-02-02,60.4700,60.4700,58.1600,58.4300,1593282
2016-02-01,61.8900,62.0700,60.8800,61.2400,899086
2016-01-29,59.9900,62.0100,59.9800,62.0100,1505058
2016-01-28,59.4000,60.1866,58.9800,60.0800,1082128
2016-01-27,58.8100,59.1300,57.9100,58.6100,1791114
2016-01-26,59.4100,59.6300,58.7300,59.3200,1503922
2016-01-25,59.7900,60.1300,58.8200,59.0300,1771340
2016-01-22,60.0400,60.8700,59.5600,59.9300,941615
2016-01-21,59.2600,60.0300,58.8600,59.4200,972360
2016-01-20,60.3600,60.5900,58.3200,59.6400,1797204
2016-01-19,62.2700,62.4900,60.8100,60.8500,1797214
2016-01-15,63.0200,63.1700,61.0600,61.8000,1438533
2016-01-14,64.7200,64.8500,63.2000,63.9500,1691535
2016-01-13,65.6100,67.0800,64.6920,64.8700,1789756
2016-01-12,66.7600,67.1400,64.4200,65.1700,1330661
2016-01-11,66.5000,66.6899,65.8800,66.4500,1034668
2016-01-08,66.5700,67.0200,65.9500,66.1200,989143
2016-01-07,66.0300,67.1900,65.5300,66.5400,1519715
2016-01-06,66.0000,67.2100,65.8500,66.7500,1179952
2016-01-05,66.6000,67.0250,66.0000,66.5800,1277587
2016-01-04,67.4800,67.5100,66.4000,66.8200,980197
2015-12-31,68.5500,68.8569,68.1500,68.2800,699749
2015-12-30,68.9100,69.1750,68.4300,68.7500,789041
2015-12-29,68.2200,69.0200,68.2200,68.9200,760101
2015-12-28,68.2300,68.4000,67.7400,68.0300,649887
2015-12-24,67.5000,68.4400,67.4450,68.4200,459424
2015-12-23,67.1000,67.9300,66.9700,67.7500,992942
2015-12-22,65.7000,67.1800,65.7000,66.8600,961324
2015-12-21,66.1700,66.7800,65.2500,65.6400,1218869
2015-12-18,63.9200,66.4300,63.5900,66.1000,2858228
2015-12-17,63.4700,64.1000,63.0400,64.0400,1653952
2015-12-16,63.0300,63.3700,62.0975,63.1700,1249361
2015-12-15,62.0300,63.0100,62.0000,62.5800,1298216
2015-12-14,62.9500,63.4600,61.5500,61.8100,1287877
2015-12-11,62.8200,63.4000,62.1500,62.9600,1136860
2015-12-10,63.7600,64.1700,63.0900,63.5200,1117812
2015-12-09,63.2500,64.5800,63.0210,63.4500,1185341
2015-12-08,64.5500,64.5550,63.3300,63.4200,1234710
2015-12-07,65.0000,65.6900,64.5600,65.0100,1349082
2015-12-04,64.4600,65.4450,64.2250,64.9800,789232
2015-12-03,65.4700,65.9900,63.9800,64.4000,1474618
2015-12-02,65.8900,66.0600,65.3500,65.4300,882373
2015-12-01,67.0000,67.3599,65.7100,65.9100,1639790
2015-11-30,66.9400,67.1990,66.1800,66.6100,1170180
2015-11-27,67.8200,67.8200,66.6000,67.0100,602950
2015-11-25,67.0900,67.9200,66.9000,67.7700,884941
2015-11-24,68.1900,68.5800,66.8700,67.0500,1784286
2015-11-23,65.7200,68.9000,65.3200,68.3700,2454414
2015-11-20,66.5000,67.2600,65.3200,65.5200,1353051
2015-11-19,66.6000,67.5100,66.0100,66.1300,1338712
2015-11-18,66.3700,66.8500,66.0000,66.5000,1351175
2015-11-17,68.5000,69.0300,65.7450,65.9500,1850587
2015-11-16,68.0000,68.7580,67.9975,68.3700,900207
2015-11-13,67.7000,68.3700,67.5500,68.0400,1469863
2015-11-12,69.0400,69.3600,67.6200,67.7000,1145471
2015-11-11,70.6000,70.8000,69.8500,69.8900,669944
2015-11-10,71.2800,71.5200,70.4300,70.6000,701978
2015-11-09,72.9700,73.3100,71.4100,71.6100,877884
2015-11-06,72.0100,73.1100,71.7300,72.9700,1134451
2015-11-05,71.4500,73.8500,71.4500,73.3200,1563188
2015-11-04,71.6100,71.6100,70.7700,71.0400,1334426
2015-11-03,72.2700,72.2700,70.7200,71.6100,1525490
2015-11-02,72.8600,73.4000,72.0900,72.6600,1238744
2015-10-30,74.0100,74.7900,72.7700,72.9600,1199265
2015-10-29,78.2000,79.1000,72.8800,74.0900,2754126
2015-10-28,78.8200,79.8700,76.6100,79.1200,1124813
2015-10-27,79.0500,79.4500,78.6050,79.2100,882725
2015-10-26,79.4900,79.5200,78.7700,79.2500,610624
2015-10-23,79.4900,79.7700,78.8500,79.4100,482528
2015-10-22,78.3200,79.3000,77.8800,79.0900,625481
2015-10-21,78.2800,78.7700,77.6800,77.9500,572217
2015-10-20,77.8000,78.0950,77.4000,77.9400,608322
2015-10-19,77.6400,78.1000,77.3700,77.8100,764312
2015-10-16,77.4200,77.8100,76.4700,77.7800,656827
2015-10-15,77.3700,77.9400,76.4000,77.1200,684270
2015-10-14,77.3700,77.9800,77.0000,77.3000,743964
2015-10-13,77.0100,78.4200,76.6950,77.4700,1079664
2015-10-12,77.0400,77.3700,76.7301,77.1300,393996
2015-10-09,76.6700,77.4800,76.5400,77.1200,738049
2015-10-08,76.1300,77.2000,75.7600,76.6900,774400
2015-10-07,75.2800,76.3000,74.5100,76.0700,1327710
2015-10-06,74.8500,75.3450,74.6500,75.1100,861109
2015-10-05,74.7400,75.7399,74.4200,75.0100,1466609
2015-10-02,73.0600,74.6150,72.2300,74.5700,1081701
2015-10-01,73.4300,74.0480,72.5000,73.4100,1030098
2015-09-30,73.0900,73.6600,72.6500,73.3000,1465681
2015-09-29,70.9800,72.5100,70.5900,72.3900,1378435
2015-09-28,70.5400,70.5800,68.7500,69.1100,751934
2015-09-25,71.0900,71.8200,70.5900,71.1500,862420
2015-09-24,69.0600,70.8100,68.3100,70.5000,796117
2015-09-23,69.6000,70.4500,69.3800,69.5400,437749
2015-09-22,70.2700,70.2700,69.0500,69.6900,649448
2015-09-21,70.7900,71.8400,70.6300,71.0500,561658
2015-09-18,70.9900,71.5100,70.5100,70.7100,844017
2015-09-17,71.6000,72.1700,71.0500,71.3100,520764
2015-09-16,71.0700,72.0000,71.0700,71.6700,474319
2015-09-15,70.2400,71.1100,70.0000,70.9700,624793
2015-09-14,69.7100,70.1400,69.5000,69.8500,802117
2015-09-11,69.8100,70.0900,69.2000,69.5900,600901
2015-09-10,69.5000,70.9500,69.3900,70.2000,893994
2015-09-09,71.0000,71.2500,69.5400,69.7200,612638
2015-09-08,71.1700,71.2900,70.1999,70.6700,502576
2015-09-04,70.2800,70.4200,69.6900,70.0400,521550
2015-09-03,71.0200,71.9800,70.7400,70.8700,569561
2015-09-02,70.9700,71.3700,70.0500,70.9300,607453
2015-09-01,71.3900,71.8450,70.0100,70.4500,1114258
2015-08-31,72.0200,72.8600,71.9400,72.4500,1589213
2015-08-28,71.7700,72.7200,71.4500,72.5700,1106655
2015-08-27,70.0600,72.5700,69.8100,71.7300,1691377
2015-08-26,70.0150,70.4500,69.2100,69.6400,1879154
2015-08-25,71.8800,72.3700,68.8900,68.9400,1685117
2015-08-24,69.2500,71.3200,67.0600,70.2300,2151442
2015-08-21,72.1800,72.7700,70.9500,70.9600,1120278
2015-08-20,73.9300,73.9500,72.8850,72.9100,987833
2015-08-19,75.3800,75.3800,73.6300,73.7400,1145799
2015-08-18,76.0900,76.5000,75.5400,75.5600,872376
2015-08-17,76.0000,76.4000,75.8050,76.2000,873130
2015-08-14,76.9000,77.0600,76.2300,76.3100,1022193
2015-08-13,77.6100,78.1800,76.4900,76.6100,1102792
2015-08-12,75.8400,77.3900,75.2600,77.3200,1245910
2015-08-11,76.3100,77.0000,75.7500,76.2600,1436954
2015-08-10,76.5000,77.3100,76.3040,76.9900,1386419
2015-08-07,76.8500,77.6300,75.6600,76.2200,1271855
2015-08-06,79.1100,79.1200,76.5800,77.2400,1435622
2015-08-05,79.3000,79.9000,78.5600,78.6700,1083706
2015-08-04,79.9000,80.2500,78.9500,79.0900,969491
2015-08-03,79.7200,80.8300,79.6600,79.8100,1265286
2015-07-31,81.5000,81.7800,79.8100,79.8500,2064558
2015-07-30,81.2000,82.7900,79.9500,81.2500,3147441
2015-07-29,86.6200,86.8400,85.5800,85.6100,1410750
2015-07-28,85.6000,86.6900,85.2400,86.5900,728704
2015-07-27,86.0000,86.4800,85.4100,85.5600,806207
2015-07-24,86.8800,87.1500,85.9000,86.2800,677588
2015-07-23,87.5000,88.0300,86.8300,87.1300,602511
2015-07-22,86.4600,87.6700,85.8000,87.5200,639147
2015-07-21,87.4500,88.0200,86.4500,86.4900,574565
2015-07-20,87.8100,88.2000,87.3800,87.7600,494843
2015-07-17,88.4000,88.4800,86.9900,88.1000,878807
2015-07-16,87.1100,88.0050,86.7650,87.9700,917477
2015-07-15,87.0700,87.3100,85.8700,86.7000,980031
2015-07-14,86.6100,87.3700,86.3800,87.1300,937835
2015-07-13,86.3500,86.4400,85.6050,86.4100,738046
2015-07-10,86.6800,86.8500,85.4810,85.7200,878170
2015-07-09,86.4400,86.9540,85.5500,85.6000,663604
2015-07-08,86.4100,86.7100,85.5600,85.6700,881860
2015-07-07,86.2400,87.0700,85.3300,87.0200,1419961
2015-07-06,87.5800,87.8400,85.7150,86.1200,1541265
2015-07-02,90.0000,90.0000,89.0600,89.5200,832670
2015-07-01,88.4000,90.4000,87.6700,89.8600,1361494
2015-06-30,88.4100,89.0900,87.7900,87.8000,1009110
2015-06-29,88.8500,89.6000,87.7900,87.8600,721557
2015-06-26,90.1900,90.4700,88.7500,89.4400,1416276
2015-06-25,91.7200,91.7200,90.0500,90.2200,757064
2015-06-24,92.5700,92.8000,91.4275,91.4500,484985
2015-06-23,92.5500,93.0300,91.7200,92.8500,720754
2015-06-22,92.3800,92.4800,91.7300,92.1400,550439
2015-06-19,92.0700,92.1200,91.6900,91.9600,758178
2015-06-18,91.3000,92.4000,91.1500,91.9700,757446
2015-06-17,91.0500,91.4200,90.2700,91.3300,814950
2015-06-16,91.1500,91.3300,90.5200,91.1600,557854
2015-06-15,90.9000,91.4600,90.7000,91.0900,486269
2015-06-12,91.3400,91.7300,91.1600,91.6600,426612
2015-06-11,91.6600,92.1799,91.3200,91.8200,771684
2015-06-10,90.0100,91.8500,90.0100,91.7500,1193675
2015-06-09,89.7500,90.2000,89.3300,89.7100,737179
2015-06-08,90.1200,90.2700,89.5300,89.6000,609403
2015-06-05,89.7500,90.3400,89.2100,90.0300,617874
2015-06-04,90.6300,91.3600,90.0100,90.1800,638279
2015-06-03,91.6200,91.6200,90.8400,91.2800,625794
2015-06-02,91.3700,91.8100,91.0200,91.2600,509973
2015-06-01,92.6100,92.7400,91.4200,91.6600,858836
2015-05-29,91.4900,92.7200,91.2300,92.5600,1276285
2015-05-28,91.4400,91.9100,91.2400,91.5200,637545
2015-05-27,90.8400,91.8900,90.2500,91.4400,798102
2015-05-26,90.8800,91.2800,90.3200,90.4500,989324
2015-05-22,91.5000,91.8700,90.8000,91.2200,650985
2015-05-21,91.7600,92.2625,91.6000,91.6200,945436
2015-05-20,91.6600,93.0400,91.6500,92.2400,983843
2015-05-19,91.8500,92.0900,91.1500,91.4300,868910
2015-05-18,91.5100,92.1400,91.1400,91.9200,995105
2015-05-15,91.3300,92.2700,90.6900,91.8600,1212109
2015-05-14,91.1000,91.5690,90.8300,91.2200,1318958
2015-05-13,90.3200,91.2200,90.0500,90.6200,1321118
2015-05-12,89.9100,90.3200,89.7700,89.9800,819992
2015-05-11,89.7300,90.2300,89.4000,89.9500,790477
2015-05-08,90.2000,90.2850,89.7800,89.9100,748759
2015-05-07,89.1100,90.2100,88.5800,89.5000,1994053
2015-05-06,88.5800,88.9000,88.1700,88.6400,1288387
2015-05-05,89.3300,89.4500,87.9600,88.0300,947857
2015-05-04,88.6400,89.7100,88.5300,89.2800,1116265
2015-05-01,86.9700,89.1900,86.6400,88.7800,2418537
2015-04-30,87.0000,89.4900,86.1150,86.3700,2124042
2015-04-29,85.8700,87.1900,85.8600,87.0300,1235899
2015-04-28,86.3300,86.7600,85.6900,86.6600,589155
2015-04-27,85.7500,86.9300,85.6200,86.3200,729693
2015-04-24,86.3300,86.7700,85.5000,85.8000,946245
2015-04-23,84.7400,86.2100,84.4500,85.7100,566101
2015-04-22,84.5300,84.9900,84.3600,84.8500,550058
2015-04-21,85.2700,85.4500,84.0600,84.5700,860704
2015-04-20,85.5600,85.9300,84.8700,84.9200,974160
2015-04-17,86.0400,86.2900,85.2100,85.5500,869829
2015-04-16,87.2100,87.2700,86.4300,86.6500,716164
2015-04-15,86.2100,87.1000,85.4700,86.9500,1142175
2015-04-14,85.4400,86.1500,84.6200,85.8900,1067701
2015-04-13,84.8200,85.6800,84.5100,84.8200,877909
2015-04-10,84.4800,85.0700,84.2700,84.9100,774248
2015-04-09,84.5600,84.8500,83.9900,84.3200,616607
2015-04-08,83.7700,84.7100,83.7400,84.5100,781763
2015-04-07,83.8300,84.8800,83.6200,83.7900,817927
2015-04-06,83.3200,84.7200,83.3200,83.9800,784812
2015-04-02,82.9700,84.3500,82.8300,83.6200,1274859
2015-04-01,82.5200,83.5500,82.2000,83.1600,1516493
2015-03-31,81.4000,82.4000,80.8900,82.3600,1481927
2015-03-30,80.5000,82.1800,80.3400,81.8000,1332556
2015-03-27,79.3300,80.1100,78.6800,80.0700,1513255
2015-03-26,79.2100,79.5100,78.3300,78.5000,1116196
2015-03-25,80.3200,80.3700,79.2000,79.5500,1314554
2015-03-24,81.0000,81.3540,79.8200,79.9100,921108
2015-03-23,79.7600,81.6600,79.6500,81.0400,1379961
2015-03-20,79.2400,80.2100,79.0000,80.1900,1221667
2015-03-19,79.7700,79.8400,78.8500,79.0300,911603
2015-03-18,78.9900,80.4500,78.4000,80.0600,1214814
2015-03-17,78.4900,79.5300,78.4900,78.9600,891898
2015-03-16,79.3500,80.2700,79.1100,79.5300,810836
2015-03-13,80.0200,80.0200,78.7800,79.4100,741973
2015-03-12,79.2000,79.8700,78.7100,79.6600,1126926
2015-03-11,79.3900,79.9400,78.7000,78.8600,1177749
2015-03-10,79.8000,80.0850,79.1200,79.7400,991141
2015-03-09,80.7100,80.9300,79.9400,80.2600,920105
2015-03-06,82.0400,82.3000,80.4100,80.8000,1026406
2015-03-05,81.9400,82.7400,81.6400,82.3000,735474
2015-03-04,81.4500,82.4100,81.2750,82.0200,935170
2015-03-03,81.2900,82.1000,81.0000,81.3900,1312486
2015-03-02,81.5100,81.9400,80.7800,81.6000,1103000
2015-02-27,81.2500,82.1100,81.2500,81.7800,690622
2015-02-26,81.7500,82.1380,81.1400,81.3100,842531
2015-02-25,83.1200,83.1200,81.9600,82.0500,724073
2015-02-24,82.4900,83.1500,82.0600,82.5700,655308
2015-02-23,82.4800,82.9050,82.3400,82.8300,673386
2015-02-20,82.4800,82.8300,82.0900,82.7200,1068222
2015-02-19,82.2400,82.8100,82.2000,82.5000,1071055
2015-02-18,82.7100,82.9800,82.0900,82.8900,1390720
2015-02-17,81.7500,83.0900,81.6600,82.7200,1653292
2015-02-13,80.2500,82.8900,79.8301,82.2200,3111887
2015-02-12,85.6300,87.0000,80.0000,80.4400,5789519
2015-02-11,90.8700,91.5200,90.5300,91.4800,1008773
2015-02-10,90.6000,91.4200,90.2800,91.3400,962921
2015-02-09,90.5000,91.2400,90.2300,90.3100,523707
2015-02-06,91.4300,91.8800,90.5500,90.6700,796457
2015-02-05,90.1800,91.5200,89.4600,91.4700,999724
2015-02-04,90.4200,91.0000,89.0600,89.7100,1202530
2015-02-03,89.6900,90.9200,89.1000,90.2000,1333998
2015-02-02,89.8000,90.7400,88.9400,90.6000,616732
2015-01-30,90.9300,91.5700,89.4400,89.5300,862498
2015-01-29,91.3700,91.5100,90.0300,91.5000,428136
2015-01-28,92.7000,92.8900,90.7000,90.8400,434446
2015-01-27,92.0700,92.5200,91.0200,91.9400,480652
2015-01-26,92.0800,92.7400,91.8400,92.3100,602091
2015-01-23,92.1300,92.7500,91.7800,91.9000,437877
2015-01-22,91.7600,92.4600,91.0300,92.0400,705783
2015-01-21,90.3700,91.7000,90.1300,91.6100,775736
2015-01-20,91.9300,92.4200,90.3800,90.8100,877735
2015-01-16,90.3000,92.0000,90.2900,91.9600,638533
2015-01-15,90.0200,90.9900,89.6600,90.5600,823004
2015-01-14,88.9700,89.8500,88.3400,89.8300,613805
2015-01-13,89.5200,90.9500,88.9600,89.8800,734989
2015-01-12,89.1400,89.3800,87.7900,88.8400,871015
2015-01-09,90.7600,90.8500,89.4000,89.4600,529589
2015-01-08,89.6700,90.6300,88.4100,90.5600,1229510
2015-01-07,88.8600,89.2040,88.1050,88.9300,751914
2015-01-06,89.6100,89.7700,87.6500,88.4700,1861316
2015-01-05,90.9700,91.1900,88.9400,89.3100,1114861
2015-01-02,90.8800,91.4700,90.3500,91.1600,494147
2014-12-31,92.0300,92.1700,90.8400,90.9100,402843
2014-12-30,92.5000,92.8600,92.0300,92.1000,325083
2014-12-29,92.4300,92.9500,91.9500,92.6400,424962
2014-12-26,92.4900,92.8700,92.1400,92.5000,259296
2014-12-24,92.3600,92.7400,92.0300,92.0300,219000
2014-12-23,92.7800,92.7800,91.6300,92.3600,993904
2014-12-22,90.7300,92.3700,90.4200,92.1400,954017
2014-12-19,91.6500,92.2200,90.3900,90.3900,1847787
2014-12-18,91.3600,91.9850,91.0200,91.7300,627805
2014-12-17,88.9000,90.6400,88.8600,90.4000,697244
2014-12-16,89.6800,90.9300,88.7800,88.8600,831051
2014-12-15,90.6000,90.8000,88.7160,89.6900,939332
2014-12-12,92.2300,92.2300,89.9600,90.0200,1203149
2014-12-11,91.1700,93.1650,91.0000,92.8400,1395766
2014-12-10,93.0100,93.0500,90.1400,90.3400,1417479
2014-12-09,91.7400,92.9490,91.6200,92.9100,1211961
2014-12-08,91.7500,93.0000,91.2000,92.4100,1230255
2014-12-05,90.1300,91.9500,89.7500,91.8800,1125942
2014-12-04,90.8000,91.2400,89.5900,89.7800,1203020
2014-12-03,90.6700,91.4500,90.2400,91.2500,1431982
2014-12-02,91.0000,91.2200,90.1660,90.4700,1300997
2014-12-01,90.4500,91.0000,90.0100,90.7700,1347810
2014-11-28,89.9600,90.9100,89.7700,90.7700,381856
2014-11-26,90.1400,90.3600,89.5600,89.8000,808676
2014-11-25,90.1400,90.8700,89.7900,90.3300,1336833
2014-11-24,91.3200,91.5200,89.6800,89.8600,1362342
2014-11-21,91.8300,92.4400,91.0800,91.5000,1319612
2014-11-20,90.0100,91.1800,89.7658,90.6600,879199
2014-11-19,90.4700,90.4700,89.4800,90.1900,565346
2014-11-18,89.5400,90.4900,89.4300,90.0400,696835
2014-11-17,88.4600,89.8600,88.3300,89.6700,1118987
2014-11-14,88.2900,89.4600,88.2000,88.5800,876864
2014-11-13,88.5200,88.9850,88.0600,88.7500,904691
2014-11-12,88.3400,88.9600,87.9400,88.5100,1011223
2014-11-11,88.2900,89.1500,87.9300,89.0400,775152
2014-11-10,88.5700,89.3700,87.9300,88.7500,989998
2014-11-07,88.0400,88.9500,87.9000,88.7600,848644
2014-11-06,89.0000,89.3080,88.3800,88.4500,1042955
2014-11-05,88.2500,89.3250,88.0600,89.2100,1325826
2014-11-04,87.3600,88.1800,86.9800,87.6600,1042300
2014-11-03,88.5800,88.7400,87.3800,87.6900,1408423
2014-10-31,85.7800,88.8500,85.4100,88.6500,2268564
2014-10-30,84.0000,85.4900,82.0000,85.3300,2737425
2014-10-29,84.9000,85.4800,84.1200,84.9900,1359449
2014-10-28,82.7200,84.8300,82.5500,84.7200,1251462
2014-10-27,84.7200,84.7200,83.3300,83.8200,752111
2014-10-24,83.8700,84.6700,83.5600,84.6700,510943
2014-10-23,84.7200,84.7400,83.7830,83.9600,490888
2014-10-22,83.7400,84.9100,83.4000,83.9000,1031075
2014-10-21,82.9700,83.9700,82.2000,83.8800,1025701
2014-10-20,82.0000,82.5600,80.7900,82.4100,1333850
2014-10-17,81.4300,82.6538,81.4300,82.4100,863061
2014-10-16,80.3000,81.5300,79.6300,80.9700,1233503
2014-10-15,81.3000,81.5200,79.4700,81.3500,1728600
2014-10-14,81.9900,83.6800,81.5400,82.2300,1424380
2014-10-13,82.5300,83.1400,81.5700,81.6500,1035129
2014-10-10,83.4000,84.0400,82.5800,82.6200,872620
2014-10-09,84.8000,85.2800,83.3100,83.4300,1283330
2014-10-08,84.4700,85.0700,83.4900,85.0200,1778581
2014-10-07,85.1500,85.5300,84.4400,84.5000,1268742
2014-10-06,84.7300,85.2600,84.1000,85.0600,1257917
2014-10-03,82.1500,83.8200,81.5900,83.6000,1073340
2014-10-02,82.3700,82.9500,81.7450,82.0900,1188288
2014-10-01,84.1100,84.5900,81.8500,82.8100,1579314
2014-09-30,84.0200,84.3900,83.8500,84.2300,953611
2014-09-29,83.9900,84.4300,83.5000,84.1200,514074
2014-09-26,83.6000,84.7800,83.2800,84.5100,462747
2014-09-25,84.9000,84.9000,83.3000,83.6100,697777
2014-09-24,84.3300,85.0825,84.1900,84.9500,573251
2014-09-23,85.2500,85.2500,84.1700,84.4400,819817
2014-09-22,84.9700,85.4440,84.8500,85.2500,656790
2014-09-19,86.1400,86.4300,84.9100,84.9900,1217100
2014-09-18,86.0500,86.4173,85.7800,86.0400,970000
2014-09-17,86.4000,86.4400,85.9000,86.0800,614700
2014-09-16,86.0700,86.4400,85.6900,86.1900,762800
2014-09-15,85.8700,86.2100,85.5748,86.0500,579600
2014-09-12,86.2800,86.3200,85.5300,85.9100,687600
2014-09-11,85.5700,86.4200,85.4800,86.3600,887400
2014-09-10,85.3900,85.5300,84.8800,85.3600,988900
2014-09-09,85.7300,86.0600,85.3900,85.5600,767700
2014-09-08,85.3600,85.8900,84.9300,85.6200,661300
2014-09-05,84.9100,85.5000,84.5600,85.4400,884700
2014-09-04,85.5900,86.5600,84.8600,84.8900,1106800
2014-09-03,85.3600,86.0600,85.1700,85.7700,991400
2014-09-02,84.8800,85.4300,84.4900,85.2700,1196200
2014-08-29,84.3400,84.8700,84.0200,84.6500,674000
2014-08-28,84.1200,84.4600,83.9800,84.2800,523200
2014-08-27,83.8300,84.6000,83.8000,84.5600,669200
2014-08-26,83.7500,84.2750,83.7000,84.1800,915800
2014-08-25,83.2800,83.8300,82.8900,83.5800,765700
2014-08-22,83.0900,83.4200,82.6400,82.8100,577400
2014-08-21,82.2100,83.0700,82.1750,83.0200,688800
2014-08-20,82.6900,82.8400,81.4100,82.2800,878900
2014-08-19,81.8600,83.2000,81.4518,82.8900,1216400
2014-08-18,81.7100,82.5100,81.1050,81.4400,1078400
2014-08-15,81.7300,82.3000,81.1100,81.4500,1286600
2014-08-14,81.9100,82.2300,81.7200,81.9400,1067200
2014-08-13,81.9000,82.2100,81.3100,81.5200,1139700
2014-08-12,81.8500,82.4500,81.7500,81.9900,989100
2014-08-11,80.7800,82.7800,80.6900,82.2400,1404500
2014-08-08,79.7700,80.5200,79.6800,80.2900,1310500
2014-08-07,80.0600,80.4400,79.4700,79.9600,857900
2014-08-06,79.4100,80.0500,79.1600,80.0000,1016500
2014-08-05,80.2600,80.5900,79.6500,79.8400,1117300
2014-08-04,80.5800,80.8000,80.1300,80.2600,1442500
2014-08-01,78.8000,80.9100,78.5300,80.8000,1720600
2014-07-31,75.1400,79.9800,75.1400,78.8400,3918200
2014-07-30,74.2300,74.5600,73.3200,73.6500,1693300
2014-07-29,74.3000,74.6000,74.0900,74.1900,637500
2014-07-28,74.4200,74.5700,73.9900,74.2700,379000
2014-07-25,75.1800,75.2400,74.4000,74.4200,319800
2014-07-24,74.8100,75.4900,74.8100,75.3000,633100
2014-07-23,75.0200,75.1100,74.3500,74.9000,624400
2014-07-22,73.8700,75.0800,73.8700,74.9000,749600
2014-07-21,73.8600,74.1580,73.6400,73.8500,818600
2014-07-18,73.9300,74.1100,73.6000,73.9200,515000
2014-07-17,73.9500,74.2700,73.7701,73.9300,692300
2014-07-16,73.7900,74.3200,73.5000,74.2800,491000
2014-07-15,73.8700,73.9900,73.4300,73.5400,730400
2014-07-14,74.0700,74.5600,73.5800,73.9900,705300
2014-07-11,74.5700,74.6200,73.6200,73.7800,1017700
2014-07-10,74.5100,74.9200,74.0600,74.4400,1240200
2014-07-09,76.3800,76.5580,75.0500,75.1400,881800
2014-07-08,76.7100,77.1400,76.2100,76.2300,869700
2014-07-07,75.8100,76.9400,75.7000,76.7800,641700
2014-07-03,76.2000,76.6700,76.0000,76.0600,538400
2014-07-02,75.7500,76.3200,75.7000,76.1600,649500
2014-07-01,75.9000,76.3700,75.7600,75.9000,589800
2014-06-30,76.0900,76.3000,75.2700,75.6400,1004300
2014-06-27,75.6200,76.4900,75.3300,76.2200,1372200
2014-06-26,74.7500,75.6800,74.3600,75.6200,672300
2014-06-25,74.9300,75.3100,74.5025,74.6800,628100
2014-06-24,75.5400,76.0200,74.8300,74.8600,506900
2014-06-23,75.8700,75.9800,75.3100,75.6400,639500
2014-06-20,75.7600,76.3700,75.7400,75.9500,914100
2014-06-19,75.5000,76.0500,75.4050,76.0000,540200
2014-06-18,75.2700,75.5500,74.4000,75.5200,544500
2014-06-17,74.9500,75.4900,74.5900,75.3600,473300
2014-06-16,74.9900,75.1000,74.7000,74.9700,459600
2014-06-13,75.1000,75.3100,74.7400,74.9700,472400
2014-06-12,75.9000,76.1000,74.9800,75.1100,872300
2014-06-11,76.1800,76.4900,75.7500,75.8100,729800
2014-06-10,76.0600,76.4300,75.8200,76.2200,611200
2014-06-09,76.3900,76.9250,76.1900,76.3300,432300
2014-06-06,76.1000,76.7950,76.1000,76.6000,421900
2014-06-05,75.6400,76.2850,75.1800,76.1200,702500
2014-06-04,76.6200,76.6500,75.0000,75.3700,1524100
2014-06-03,76.7200,77.2400,76.6100,76.6800,981800
2014-06-02,77.8000,77.9500,76.9901,77.0100,733700
2014-05-30,77.5000,78.0700,77.2600,77.7100,1047600
2014-05-29,76.9900,78.3500,76.6600,77.5300,1308700
2014-05-28,75.9400,76.9500,75.7200,76.5400,1217800
2014-05-27,75.6700,76.1500,75.4700,75.8800,686300
2014-05-23,75.6900,76.1000,75.4100,75.7300,722100
2014-05-22,76.1700,76.5360,75.4600,75.5000,690800
2014-05-21,77.4300,77.4300,76.4000,76.4600,793200
2014-05-20,76.6500,77.0700,76.3200,77.0100,1043300
2014-05-19,76.5500,76.6400,76.1400,76.5800,825600
2014-05-16,76.3000,76.8300,76.1400,76.6900,562400
2014-05-15,77.2300,77.2400,76.0800,76.3000,681400
2014-05-14,77.3600,77.8700,77.0600,77.5400,956200
2014-05-13,77.6400,77.8500,77.2650,77.6000,1029500
2014-05-12,77.1200,77.9500,77.1200,77.5500,710800
2014-05-09,77.2700,77.7000,76.7300,76.9400,938900
2014-05-08,77.0200,77.4800,76.3300,76.7600,980400
2014-05-07,75.7700,77.1400,75.5300,77.1000,1395000
2014-05-06,75.5200,76.0100,75.2300,75.4800,1010300
2014-05-05,76.0400,76.1800,75.2200,75.5700,1487200
2014-05-02,75.3500,76.5060,75.1500,76.4000,1825900
2014-05-01,77.6500,77.7000,75.0900,75.3400,3519800
2014-04-30,79.8500,80.5300,79.3500,79.6500,1601500
2014-04-29,79.9500,80.8600,79.8100,79.8100,832900
2014-04-28,81.7500,81.7500,79.6200,79.8800,699400
2014-04-25,80.7400,81.5000,80.1600,81.3800,745100
2014-04-24,80.8100,81.3600,80.3100,80.7700,565100
2014-04-23,80.2000,80.8200,80.0700,80.7700,522100
2014-04-22,79.9700,80.2900,79.5300,80.1100,830400
2014-04-21,80.2100,80.2100,79.4700,79.9900,394800
2014-04-17,81.0500,81.2100,80.1100,80.2500,722900
2014-04-16,80.0100,81.1300,79.8900,81.1200,931200
2014-04-15,79.3500,79.8620,78.8100,79.5800,842400
2014-04-14,78.8300,79.8000,78.4300,79.2600,597100
2014-04-11,79.1900,79.2500,78.0900,78.2500,678900
2014-04-10,80.0500,81.0300,79.2300,79.4000,727100
2014-04-09,80.2000,81.0000,79.5100,80.3600,804300
2014-04-08,78.3600,80.5400,78.0000,79.9900,2151000
2014-04-07,78.0300,78.8800,77.5000,78.0400,1079600
2014-04-04,79.6600,79.8100,77.9700,78.2000,1247300
2014-04-03,79.4700,79.5300,78.4400,79.4900,815500
2014-04-02,79.5200,80.0550,78.7800,79.4700,896900
2014-04-01,79.6100,79.8100,78.9300,79.5600,718800
2014-03-31,79.3700,79.5200,78.7800,79.5100,698300
2014-03-28,78.8000,79.2300,78.4200,78.9800,657400
2014-03-27,77.7500,78.5600,77.2900,78.2300,958700
2014-03-26,78.6200,78.8499,77.4700,77.5000,883900
2014-03-25,78.4100,78.8960,77.9700,78.1600,707700
2014-03-24,78.5000,78.7400,77.7800,77.9600,555900
2014-03-21,78.4900,79.0500,78.2000,78.3500,1145100
2014-03-20,77.8700,78.6300,77.7000,78.2800,645200
2014-03-19,79.2200,79.2200,77.9500,78.1400,534300
2014-03-18,78.5100,79.1100,78.3100,79.0400,740000
2014-03-17,78.2500,79.0000,78.1000,78.5000,836400
2014-03-14,77.9700,78.7800,77.8400,78.1600,774800
2014-03-13,78.5700,79.0380,77.9800,78.0000,1071200
2014-03-12,78.3900,79.4828,78.2400,78.4100,1240400
2014-03-11,80.4900,80.6000,78.7700,79.1000,1095200
2014-03-10,79.7100,80.5900,79.6200,80.5500,942600
2014-03-07,80.2700,80.6900,79.5500,79.9800,1015400
2014-03-06,78.4600,80.3900,78.1100,80.2500,1440700
2014-03-05,78.6300,78.7900,77.7700,78.3800,1068400
2014-03-04,79.3500,79.4400,78.5300,78.8200,1282400
2014-03-03,78.8900,78.9000,77.9600,78.4300,1207900
2014-02-28,79.4600,79.9000,79.0400,79.6100,966600
2014-02-27,79.7900,79.9600,79.1500,79.4900,984700
2014-02-26,80.0000,80.6400,79.8400,80.0400,812900
2014-02-25,79.7500,80.5700,79.6200,80.0100,913800
2014-02-24,79.4000,80.7400,79.4000,79.8800,1177100
2014-02-21,79.1400,79.5800,79.0000,79.3700,1491400
2014-02-20,78.3000,79.5900,78.1700,79.1400,1034500
2014-02-19,78.1200,78.6900,77.9000,78.4000,1084100
2014-02-18,78.5200,78.9200,78.1100,78.3100,929300
2014-02-14,77.2400,78.8200,76.6900,78.6200,1650900
2014-02-13,75.8500,77.4200,75.0000,77.3600,2136400
2014-02-12,75.9300,76.4200,75.4300,75.9300,999500
2014-02-11,75.0100,76.4700,74.5800,76.4000,1041300
2014-02-10,75.0800,75.3800,74.2650,74.6200,1042400
2014-02-07,75.2800,76.1200,74.9300,75.1900,834400
2014-02-06,74.2900,75.3600,74.2900,75.1200,863300
2014-02-05,73.4700,74.7800,73.1200,74.2600,1372400
2014-02-04,74.5800,74.8100,73.2600,73.5100,1764400
2014-02-03,75.5900,76.1600,74.3100,74.4300,973600
2014-01-31,76.0200,76.3700,75.7100,75.7600,666000
2014-01-30,76.0800,76.8000,75.6400,76.6400,681400
2014-01-29,77.0500,77.1950,75.9100,75.9500,885400
2014-01-28,77.0200,77.7100,76.6800,77.4700,931100
2014-01-27,77.3400,77.9200,76.3800,77.0300,1516000
2014-01-24,79.7500,79.8500,77.6300,77.6400,1255000
2014-01-23,80.6700,81.4700,79.9810,80.1000,1003600
2014-01-22,81.8000,81.8000,80.8200,81.0900,658400
2014-01-21,81.3600,81.4800,80.7700,81.3400,661000
2014-01-17,81.3600,81.7400,81.0100,81.3000,502600
2014-01-16,81.5000,81.6550,80.7200,81.4700,962600
2014-01-15,82.0600,82.0600,81.3700,81.5800,874700
2014-01-14,80.9000,82.2300,80.8100,81.8100,647200
2014-01-13,81.0500,81.5800,80.9700,81.0600,712200
2014-01-10,81.3300,82.0000,81.0000,81.4500,560400
2014-01-09,81.6000,81.8400,80.9400,81.2300,713800
2014-01-08,81.4000,81.8200,81.1050,81.3300,695100
2014-01-07,81.1900,81.8800,81.1500,81.6500,968200
2014-01-06,81.5900,81.8700,80.9400,81.0900,1249500
2014-01-03,81.6800,81.6800,80.9500,81.2500,624700
2014-01-02,81.7100,82.2800,81.5600,81.9200,369100
2013-12-31,82.1400,82.3580,81.7100,82.1100,400700
2013-12-30,82.3300,82.5700,81.8300,81.9100,399700
2013-12-27,82.0700,82.4600,81.0900,82.3700,251500
2013-12-26,82.8200,82.8200,82.0200,82.2700,258300
2013-12-24,82.1100,83.1100,81.9900,82.6700,342400
2013-12-23,81.9000,82.3800,81.4600,82.1200,533200
2013-12-20,81.3700,81.6800,80.9100,81.6800,1335900
2013-12-19,81.0700,81.4700,80.5600,81.2600,706300
2013-12-18,81.6100,81.6100,80.0000,81.3500,942100
2013-12-17,80.7100,81.7500,80.0300,81.4100,773000
2013-12-16,80.2700,81.0200,79.9700,80.5100,687400
2013-12-13,80.3400,80.8600,80.1200,80.2200,635700
2013-12-12,80.4300,80.5800,79.8900,80.1900,972700
2013-12-11,81.3200,81.5100,80.4700,80.5300,791200
2013-12-10,81.6900,81.7000,80.5200,81.2400,1330900
2013-12-09,80.7000,82.0400,80.6700,82.0200,881200
2013-12-06,83.3400,84.1800,80.9200,80.9400,810100
2013-12-05,80.3300,80.4300,79.6600,80.3900,587600
2013-12-04,79.4000,80.6700,79.1400,80.3300,734500
2013-12-03,80.3300,80.3300,79.5800,79.7100,687700
2013-12-02,80.4400,80.8100,79.4600,80.3800,697000
2013-11-29,80.5000,80.8100,79.9300,80.1200,225400
2013-11-27,80.7300,80.9400,80.3900,80.5300,502400
2013-11-26,80.4500,80.8700,80.2060,80.6500,699500
2013-11-25,80.9700,80.9900,80.3000,80.3500,632700
2013-11-22,79.9800,80.9200,79.6800,80.7200,620200
2013-11-21,79.8500,80.3100,79.6800,79.9100,679700
2013-11-20,80.1400,80.7600,79.6800,79.8200,683400
2013-11-19,81.5700,81.5700,80.0900,80.2700,1048700
2013-11-18,82.1000,82.1800,80.8600,81.4500,1382800
2013-11-15,82.2300,82.3900,81.7000,81.9400,570100
2013-11-14,81.9900,82.4450,81.6600,82.1700,1081700
2013-11-13,81.7600,82.5150,81.5200,82.4200,872900
2013-11-12,81.2000,82.4300,81.0300,82.2400,827600
2013-11-11,81.0600,81.7500,81.0400,81.4300,625100
2013-11-08,80.7800,81.1500,80.4600,80.9200,957000
2013-11-07,81.8600,81.9900,80.7100,80.7800,1250000
2013-11-06,82.0600,82.2900,81.3000,82.0000,831900
2013-11-05,82.3700,82.5700,81.8400,82.0400,753900
2013-11-04,82.4100,82.9100,82.4100,82.8600,864400
2013-11-01,81.8200,82.6200,81.8200,82.4400,726200
2013-10-31,82.3700,82.6100,81.7900,82.1300,934600
2013-10-30,82.9400,83.1400,81.9307,82.2300,754600
2013-10-29,82.9800,83.4200,82.6700,82.9600,941400
2013-10-28,82.8200,83.4000,82.4000,83.1100,1342200
2013-10-25,80.2900,82.6700,79.9000,82.3900,2049900
2013-10-24,80.5900,81.8000,79.4600,80.1100,1898500
2013-10-23,80.6700,81.3800,80.0400,80.9800,1374500
2013-10-22,77.8900,81.0000,77.6900,80.6300,2001100
2013-10-21,81.6000,82.0400,81.1650,81.3100,1493800
2013-10-18,80.9200,81.3400,80.2300,80.7900,973400
2013-10-17,79.2100,81.0400,79.2100,81.0300,885800
2013-10-16,79.0000,79.7250,78.6000,79.5800,901100
2013-10-15,78.2600,78.8500,78.0900,78.6700,420200
2013-10-14,78.3200,78.7900,78.2500,78.5900,284300
2013-10-11,78.3600,79.0000,78.3000,78.8600,485100
2013-10-10,78.3300,78.8500,78.1200,78.4100,421200
2013-10-09,78.0300,78.9500,77.4850,77.7200,795100
2013-10-08,78.2800,78.9100,78.0300,78.5000,793900
2013-10-07,77.7800,78.6500,77.6300,78.3100,700200
2013-10-04,77.3800,78.8900,77.3500,78.2600,646000
2013-10-03,77.4500,77.8500,76.7000,77.6400,831200
2013-10-02,76.2800,77.8000,75.6200,77.7700,837300
2013-10-01,75.7400,76.3500,75.3200,76.1100,619400
2013-09-30,75.6000,76.0100,75.4101,75.9100,715100
2013-09-27,76.2900,76.4600,75.5700,76.2100,1286800
2013-09-26,77.2600,78.0370,76.6200,76.6500,787500
2013-09-25,77.4900,77.5499,76.9301,77.2900,418600
2013-09-24,77.2600,77.9700,77.2600,77.3400,583000
2013-09-23,77.8600,78.1875,77.1900,77.3600,631300
2013-09-20,78.0400,78.9500,77.9500,78.1000,1008600
2013-09-19,79.3500,79.3900,78.2800,78.4400,437200
2013-09-18,78.8400,79.3500,78.3800,79.1500,618600
2013-09-17,78.5500,79.1600,78.4500,79.1000,579500
2013-09-16,78.3100,79.0000,78.3100,78.5500,653000
2013-09-13,76.9400,77.9800,76.5500,77.8800,533800
2013-09-12,77.3200,77.4400,76.8500,77.2000,357800
2013-09-11,76.4200,77.2900,75.9900,77.2800,607500
2013-09-10,77.4000,77.5500,76.2600,76.5500,985000
2013-09-09,76.8400,77.2600,76.4300,77.0700,441800
2013-09-06,76.6500,77.3500,76.4000,76.4000,530200
2013-09-05,76.1500,76.6500,75.5900,76.5900,427800
2013-09-04,76.2500,76.5000,75.5100,76.2700,551300
2013-09-03,76.1500,76.8600,76.0500,76.3100,594600
2013-08-30,75.4500,75.8600,75.2300,75.7800,376700
2013-08-29,74.7000,75.6650,74.7000,75.2600,448400
2013-08-28,75.3800,75.7900,74.8000,74.8600,642900
2013-08-27,74.9900,76.0900,74.9100,75.5800,526800
2013-08-26,77.0700,77.1500,75.3000,75.4200,942700
2013-08-23,76.5000,77.3800,76.3500,76.7100,420300
2013-08-22,76.5900,77.1000,76.1800,76.5300,465700
2013-08-21,75.6600,76.1700,75.6200,75.8100,564300
2013-08-20,75.5300,76.2100,75.4200,75.8300,633200
2013-08-19,76.0100,76.8100,75.6700,75.6900,567200
2013-08-16,76.0000,76.6600,75.3500,76.2600,590100
2013-08-15,78.0000,78.8300,76.2200,76.2600,920600
2013-08-14,77.7400,78.7500,77.7400,78.2300,647200
2013-08-13,77.1500,78.1500,77.1400,77.8600,620900
2013-08-12,77.0500,77.5500,76.8600,77.2100,472000
2013-08-09,77.0500,77.6000,76.8400,77.1300,749800
2013-08-08,77.0800,77.7200,76.1800,77.3000,627800
2013-08-07,76.4900,77.1100,76.1900,76.9700,621000
2013-08-06,76.6900,77.1300,76.0800,76.4500,727200
2013-08-05,76.7200,76.8400,76.3500,76.7700,449600
2013-08-02,76.6000,76.6800,75.9410,76.6800,437300
2013-08-01,76.3900,76.9600,76.0920,76.5100,668900
2013-07-31,76.7000,77.4500,76.0100,76.0100,1013800
2013-07-30,74.6900,76.6900,74.6900,76.4300,1313000
2013-07-29,74.7700,75.5200,74.6600,74.7900,654300
2013-07-26,74.2700,75.6400,73.7700,74.7600,1414000
2013-07-25,69.5400,74.6200,68.4200,74.5300,2501100
2013-07-24,73.6500,74.3900,73.2700,74.2200,965300
2013-07-23,73.8700,73.9700,73.4900,73.5500,499900
2013-07-22,73.8300,73.9500,73.5200,73.6500,756800
2013-07-19,73.4600,73.9900,73.0800,73.6800,473000
2013-07-18,73.5200,73.8300,73.3700,73.7400,442600
2013-07-17,73.4100,73.8700,73.2500,73.3600,603100
2013-07-16,73.7000,73.8900,72.9400,73.4500,617700
2013-07-15,74.1500,74.4300,73.4200,73.6800,765800
2013-07-12,74.2200,74.3000,73.6100,74.2300,510300
2013-07-11,74.1000,74.7400,73.9400,74.2200,867700
2013-07-10,73.7200,74.2400,73.1100,74.1100,666500
2013-07-09,72.7800,74.2500,72.7800,73.7200,1168000
2013-07-08,71.5900,72.6600,71.4600,72.3800,567800
2013-07-05,72.5300,72.5300,70.9800,71.3500,679100
2013-07-03,71.1000,71.8200,70.8700,71.8000,460100
2013-07-02,71.8600,72.2300,71.0950,71.3600,567000
2013-07-01,70.7700,72.0600,70.5100,71.7800,586300
2013-06-28,70.9900,71.1200,70.4000,70.7700,899800
2013-06-27,70.4200,71.1500,70.2400,71.0500,460900
2013-06-26,69.7400,70.4200,69.4900,70.2500,535800
2013-06-25,69.3800,69.6375,68.9300,69.3200,878900
2013-06-24,69.5800,69.7900,68.6800,69.0000,1372000
2013-06-21,70.6100,70.6500,69.9200,70.1900,1322700
2013-06-20,70.5300,70.8300,70.2700,70.3500,1070100
2013-06-19,71.8000,71.9800,70.9600,70.9800,705900
2013-06-18,71.0000,72.2400,71.0000,71.8200,659100
2013-06-17,71.0300,71.4300,70.3100,71.1400,689400
2013-06-14,72.0200,72.1000,70.4300,70.9400,689900
2013-06-13,70.9300,72.1000,70.2200,71.8400,1025900
2013-06-12,71.2600,71.7300,70.5700,70.6000,1422400
2013-06-11,69.8400,70.2800,69.3800,70.1800,555500
2013-06-10,69.5700,70.0800,69.1900,70.0200,476500
2013-06-07,69.0300,69.5900,69.0300,69.4900,384100
2013-06-06,68.7700,69.0000,68.1800,68.9400,608400
2013-06-05,69.4600,69.4600,68.6700,68.7300,870100
2013-06-04,69.9400,70.0200,69.3000,69.5000,832100
2013-06-03,69.5400,69.9300,69.1500,69.8700,734800
2013-05-31,71.1000,71.3000,69.6000,69.6000,1146800
2013-05-30,71.5600,71.6600,71.0100,71.2700,776400
2013-05-29,70.9200,71.6900,70.3100,71.2900,849400
2013-05-28,71.0900,71.3300,70.2500,70.7000,625800
2013-05-24,70.9100,70.9600,70.3200,70.6900,624300
2013-05-23,70.5000,71.3600,70.1000,71.0700,881900
2013-05-22,71.7800,72.5900,71.4200,71.7000,888800
2013-05-21,71.5400,72.1000,71.4600,71.8300,644500
2013-05-20,71.6800,72.2200,71.4800,71.6200,895500
2013-05-17,71.5500,72.0900,71.2960,72.0700,757700
2013-05-16,71.9900,72.5100,71.3000,71.5000,1073400
2013-05-15,71.6300,72.8200,71.3000,72.5300,1632700
2013-05-14,71.6100,72.1800,71.5300,72.1600,937300
2013-05-13,72.2800,72.3300,71.0500,71.5200,1037000
2013-05-10,72.5000,72.7100,72.0000,72.4400,581500
2013-05-09,72.8500,72.9000,72.0900,72.2400,930400
2013-05-08,71.3600,72.6400,71.3200,72.6000,810700
2013-05-07,71.3200,72.1900,71.2900,71.5100,1271200
2013-05-06,71.0100,71.3700,70.4900,71.3200,605700
2013-05-03,70.8100,71.4400,70.2200,71.1300,885700
2013-05-02,70.8900,71.0700,70.2600,70.4500,924100
2013-05-01,72.0900,72.0900,70.6300,70.9000,796800
2013-04-30,72.3000,72.3900,71.4800,72.2100,1082400
2013-04-29,71.5000,72.2500,71.2800,71.8100,864000
2013-04-26,72.8600,72.9700,70.9200,71.5200,1352400
2013-04-25,70.0100,73.5400,69.8800,72.9700,3115700
2013-04-24,69.0200,69.5500,68.0300,68.3000,2029700
2013-04-23,68.1600,68.9300,67.9400,68.8800,1196100
2013-04-22,68.1200,68.1600,67.2000,67.8400,887600
2013-04-19,67.7100,68.5800,67.5401,68.2600,1061300
2013-04-18,66.5000,67.4500,65.9800,67.2500,1210800
2013-04-17,65.7700,66.6000,65.7400,66.5100,1472300
2013-04-16,66.9600,67.3600,66.0300,66.4000,1831100
2013-04-15,68.5300,68.7300,66.6300,66.7800,1572100
2013-04-12,67.4900,69.2600,66.8600,69.2400,2870900
2013-04-11,67.9000,68.3000,67.2900,67.6200,1440300
2013-04-10,68.5600,68.8900,67.8000,67.9000,2199300
2013-04-09,69.6000,69.6600,68.3800,68.4500,1809600
2013-04-08,69.5300,69.9200,69.2600,69.4900,1326500
2013-04-05,69.8500,70.2900,69.2800,69.4100,1282700
2013-04-04,70.5000,71.1300,70.0300,70.5000,987300
2013-04-03,72.5100,72.5500,70.3200,70.5600,1847300
2013-04-02,73.5800,73.7900,72.3000,72.5500,927500
2013-04-01,73.9700,74.0500,73.2500,73.5100,462500
2013-03-28,73.7800,74.0500,73.5100,73.8300,964800
2013-03-27,73.0700,73.6700,72.8000,73.6600,857000
2013-03-26,73.3800,73.5400,73.0500,73.2400,946100
2013-03-25,74.1400,74.5500,73.1702,73.2800,787700
2013-03-22,73.9000,74.0400,73.3700,73.6900,888500
2013-03-21,74.9800,74.9800,73.5900,73.6500,1123300
2013-03-20,75.4800,75.5300,74.8200,75.1600,518400
2013-03-19,75.4000,75.5500,74.6800,75.2800,549300
2013-03-18,75.8000,75.8000,75.0500,75.3800,481200
2013-03-15,75.9100,76.3000,75.5100,76.2400,1991300
2013-03-14,75.5200,76.4700,75.1900,76.0400,753600
2013-03-13,75.5000,75.8300,75.0700,75.5700,1069800
2013-03-12,74.9500,75.4900,74.5700,75.2900,675700
2013-03-11,75.0500,75.3700,74.5600,74.9200,662800
2013-03-08,75.4200,75.5400,75.0000,75.4000,843200
2013-03-07,75.6800,75.6900,74.9700,75.0700,582900
2013-03-06,74.6700,75.5600,74.2500,75.3900,1026200
2013-03-05,73.8100,74.9800,73.6800,74.6000,957700
2013-03-04,72.8400,73.5300,72.6100,73.5300,874400
2013-03-01,73.3600,73.4500,72.4900,73.1500,1452700
2013-02-28,73.5500,74.3400,73.3700,74.1100,1036400
2013-02-27,72.5000,73.9400,72.5000,73.8900,1251000
2013-02-26,72.9700,72.9900,72.0900,72.7800,1166400
2013-02-25,73.2000,74.1200,72.6000,72.6400,1058500
2013-02-22,73.4500,73.7500,72.9700,73.3900,895300
2013-02-21,74.0500,74.2040,73.0800,73.4400,1088300
2013-02-20,74.7600,74.7700,73.8700,74.0800,1233800
2013-02-19,75.0000,75.1000,74.6900,74.8200,872900
2013-02-15,74.1400,75.4600,74.1000,74.9100,1796100
2013-02-14,73.3500,74.0400,73.1600,73.9900,1554900
2013-02-13,73.5000,73.9000,73.1600,73.4100,1202100
2013-02-12,73.5100,73.9500,73.0600,73.6300,1501200
2013-02-11,73.9700,75.1900,73.3600,73.6100,2367100
2013-02-08,72.1400,74.0200,72.0000,74.0000,2413900
2013-02-07,74.4400,75.4800,71.2599,72.1200,5985900
2013-02-06,79.4500,79.8120,79.1100,79.3800,1595000
2013-02-05,79.5000,80.9900,79.3700,79.9200,1277900
2013-02-04,79.3300,79.4500,78.9000,79.4000,689600
2013-02-01,79.9600,79.9900,79.0900,79.8600,666200
2013-01-31,78.3100,79.7100,78.3100,79.6600,1436600
2013-01-30,79.0300,79.0300,78.5000,78.5600,661600
2013-01-29,78.6300,79.0796,77.6000,78.9500,613700
2013-01-28,78.5000,79.1400,78.0000,79.1000,742500
2013-01-25,78.7400,78.8900,78.1300,78.3800,856900
2013-01-24,78.0000,78.7200,77.1700,78.5200,1242600
2013-01-23,77.8500,78.4700,77.6500,77.8300,810100
2013-01-22,76.8400,78.3750,76.8400,78.0200,1149500
2013-01-18,76.9600,77.0600,76.5000,77.0000,556200
2013-01-17,76.5000,77.4690,76.2500,77.1800,741600
2013-01-16,75.5400,76.5000,75.3200,76.4500,707900
2013-01-15,75.0100,75.8500,74.9800,75.7800,811900
2013-01-14,74.5900,75.4600,74.4350,75.3200,712800
2013-01-11,74.4300,75.0000,73.6800,74.7400,860400
2013-01-10,74.6100,74.8000,74.1000,74.6200,442900
2013-01-09,74.1300,74.7700,73.5800,74.4000,694500
2013-01-08,74.3500,74.4500,73.2900,73.9100,560700
2013-01-07,74.6300,74.6800,73.6600,74.2300,585400
2013-01-04,74.0000,74.6800,73.7200,74.4700,822700
2013-01-03,73.8000,74.1800,73.5200,73.7700,590400
2013-01-02,73.4100,73.9800,73.2200,73.9100,663500
2012-12-31,71.9600,72.8100,71.5300,72.6900,445600
2012-12-28,72.4800,72.9800,71.8800,71.9900,378400
2012-12-27,72.4300,72.9900,72.0600,72.6900,380500
2012-12-26,73.4200,73.5200,72.1600,72.4300,341900
2012-12-24,73.1900,73.3100,72.7900,73.2700,174500
2012-12-21,73.5700,73.7800,72.8200,73.3200,874900
2012-12-20,73.4300,73.9900,73.4100,73.8200,586700
2012-12-19,73.0000,74.0000,72.8000,73.5400,1363000
2012-12-18,72.4000,72.9000,72.1300,72.8700,688300
2012-12-17,72.1500,72.5800,72.0500,72.2700,695200
2012-12-14,72.1400,72.4200,71.7700,72.1400,638000
2012-12-13,72.4300,73.0000,72.2500,72.5900,656800
2012-12-12,73.2600,73.3800,72.1300,72.3100,818000
2012-12-11,72.5000,73.0600,72.2500,72.6500,752900
2012-12-10,72.8100,72.9500,72.4400,72.6400,661300
2012-12-07,72.0000,73.0500,71.8000,72.8900,1194100
2012-12-06,71.8200,72.0000,71.3500,71.7300,671100
2012-12-05,71.5600,72.4850,71.2400,71.4000,1305200
2012-12-04,72.2200,72.3100,71.3900,71.5300,798400
2012-12-03,73.1600,73.3471,72.0000,72.0800,933700
2012-11-30,72.7800,73.1900,72.6801,73.1600,975500
2012-11-29,72.4500,72.7700,72.1700,72.6000,542400
2012-11-28,72.0500,72.4500,71.6700,72.4500,680800
2012-11-27,73.0000,73.3700,72.4100,72.4300,1220600
2012-11-26,72.5700,73.2500,72.5700,73.1900,1068800
2012-11-23,72.5000,73.0600,72.4470,73.0500,265700
2012-11-21,72.1400,72.3381,71.8700,72.1300,519700
2012-11-20,71.8600,72.5600,71.3600,72.3000,1012400
2012-11-19,71.3100,71.9700,70.9800,71.7600,1054600
2012-11-16,70.1500,71.0000,69.8600,70.3300,1137500
2012-11-15,70.6700,71.0300,69.9700,70.4000,828000
2012-11-14,71.9200,72.5800,70.6750,71.0100,1371800
2012-11-13,71.0300,72.0900,71.0300,71.9500,785900
2012-11-12,71.5400,71.7173,71.2000,71.5000,601200
2012-11-09,71.0500,72.3200,70.8100,71.4900,791000
2012-11-08,72.2900,72.5400,71.4500,71.4800,914500
2012-11-07,72.6500,72.6500,71.7900,72.4700,1072800
2012-11-06,72.7200,73.4800,72.2600,73.1000,1008200
2012-11-05,71.7000,72.5400,71.5600,72.4100,853700
2012-11-02,71.9800,72.1500,71.5700,71.9800,1163000
2012-11-01,70.9900,71.9900,70.6600,71.5800,1108700
2012-10-31,70.5600,71.2300,70.4500,71.0300,1244900
2012-10-26,70.6500,70.6800,69.5700,70.0800,1261600
2012-10-25,68.5000,71.2000,68.5000,70.1800,2048500
2012-10-24,69.4900,69.9000,68.2800,68.2800,948700
2012-10-23,69.4300,69.4300,68.4600,69.1200,770800
2012-10-22,70.3500,70.5100,69.2200,69.8700,675800
2012-10-19,70.1600,70.6300,69.8800,70.0700,1149500
2012-10-18,70.0600,70.6100,70.0600,70.5400,1083300
2012-10-17,70.4800,71.0000,69.7200,70.1700,1161800
2012-10-16,69.5000,70.4000,69.1920,70.2600,1475000
2012-10-15,68.7200,69.3400,68.5300,69.1800,881900
2012-10-12,68.4700,68.8800,68.0700,68.5600,1065400
2012-10-11,68.4200,68.7400,67.9000,68.5200,747900
2012-10-10,68.5100,68.5100,67.6900,67.7800,881600
2012-10-09,68.9800,69.1200,68.3800,68.5200,514600
2012-10-08,68.5000,69.0000,68.3800,68.9300,638900
2012-10-05,68.8700,69.4300,68.1400,68.4400,1114300
2012-10-04,68.0100,68.8500,67.6500,68.6700,760200
2012-10-03,67.8500,68.1800,67.3900,67.8700,734200
2012-10-02,67.8900,68.1600,67.4400,67.8400,1152300
2012-10-01,67.3600,68.0000,67.2835,67.7400,1092000
2012-09-28,66.9700,67.4600,66.5500,67.0500,959300
2012-09-27,65.8100,67.7050,65.7715,67.3000,1403800
2012-09-26,66.0600,66.2000,64.9000,65.7800,945100
2012-09-25,65.6700,66.4100,65.4500,66.0700,1183400
2012-09-24,65.1800,65.7000,64.7500,65.4200,928400
2012-09-21,66.0000,66.1800,64.9600,65.0100,1271300
2012-09-20,66.0000,66.1700,65.4500,65.7100,1028100
2012-09-19,67.4100,67.7100,66.0800,66.2300,1057000
2012-09-18,66.7300,67.2700,65.7700,67.1800,1058100
2012-09-17,66.7700,67.3600,66.5100,66.9500,830700
2012-09-14,66.8400,67.4100,66.6028,66.8900,758600
2012-09-13,65.6700,66.9000,65.3500,66.5300,764900
2012-09-12,65.8400,66.4300,65.6550,65.9000,968900
2012-09-11,65.0300,65.5950,64.9000,65.5100,673200
2012-09-10,64.9800,65.5900,64.9200,65.0300,491200
2012-09-07,64.4600,65.2400,64.0000,65.0800,821800
2012-09-06,64.2400,64.9200,64.0000,64.0800,739300
2012-09-05,63.9700,64.4100,63.4700,63.8700,922900
2012-09-04,64.1100,64.2200,63.1800,63.6600,574700
2012-08-31,63.7300,64.0900,63.4700,63.6500,422600
2012-08-30,64.1700,64.1700,63.3600,63.4400,551200
2012-08-29,64.1200,64.7200,63.8400,64.3700,726700
2012-08-28,64.2000,64.4800,63.7900,64.1200,692700
2012-08-27,64.4400,64.6400,63.9300,64.2200,544400
2012-08-24,64.4100,64.6300,63.9600,64.4200,649400
2012-08-23,65.1300,65.5500,64.6500,64.6800,759200
2012-08-22,65.5000,65.5200,65.1100,65.4600,753700
2012-08-21,65.0000,65.8800,64.9400,65.6000,895200
2012-08-20,64.7900,65.3100,64.2194,65.0600,805700
2012-08-17,64.9100,65.0500,64.3900,64.6200,659200
2012-08-16,64.3600,65.3000,64.0000,65.1300,1739900
2012-08-15,64.4100,64.6800,64.1200,64.4800,786000
2012-08-14,65.2100,65.2454,64.4500,64.6100,857500
2012-08-13,64.5600,65.2300,64.5600,64.8300,667100
2012-08-10,64.8000,65.1900,64.7100,64.9700,829100
2012-08-09,65.0700,65.2000,64.7000,64.9300,1654700
2012-08-08,64.4200,65.2900,64.4200,64.7500,1870200
2012-08-07,65.8400,66.1500,64.8600,64.8700,1351900
2012-08-06,65.5100,65.8300,65.1700,65.3700,1073300
2012-08-03,65.9100,66.4600,65.2700,65.4100,1495700
2012-08-02,65.4600,65.8800,64.4100,65.0100,1748600
2012-08-01,66.3000,70.2000,65.8600,66.2300,8797800
2012-07-31,66.1700,66.4600,65.3600,65.7700,1605200
2012-07-30,65.6200,66.5300,65.5900,66.4300,1179700
2012-07-27,64.8600,65.6400,64.8600,65.3700,1335900
2012-07-26,61.8000,65.1000,61.7800,64.8100,2073200
2012-07-25,62.2300,62.6200,61.6600,61.7700,1051700
2012-07-24,62.7300,62.7300,61.6600,61.9800,966400
2012-07-23,62.1500,62.9800,61.8300,62.8400,853700
2012-07-20,63.0600,63.2600,62.3800,63.0900,751000
2012-07-19,63.7200,63.9900,62.9600,63.4500,706700
2012-07-18,61.8000,63.7100,61.6100,63.5500,964100
2012-07-17,62.2800,62.3400,61.1800,61.7700,753000
2012-07-16,62.5100,62.7400,61.8800,61.9300,570700
2012-07-13,61.9900,62.8200,61.8608,62.7700,666500
2012-07-12,61.6400,61.8800,60.9700,61.7600,851900
2012-07-11,61.6500,62.3100,61.5208,62.2000,863500
2012-07-10,61.0100,61.4900,60.8500,61.3600,771200
2012-07-09,62.3000,62.3000,60.7500,60.8200,931800
2012-07-06,62.5700,62.8500,61.8300,62.3000,859400
2012-07-05,63.9300,64.2900,62.9500,63.2400,1160400
2012-07-03,62.7900,64.5500,62.6600,64.3000,740600
2012-07-02,62.7900,63.0100,62.2475,62.6500,908400
2012-06-29,61.6300,63.1700,61.6300,62.7400,1232000
2012-06-28,60.1600,61.3200,59.7950,61.2800,936900
2012-06-27,59.8100,60.6200,59.3500,60.4800,769500
2012-06-26,58.8800,59.7000,58.7400,59.5000,840900
2012-06-25,59.0800,59.1300,58.4700,58.8300,1080500
2012-06-22,59.7000,59.8200,59.0650,59.3200,1949100
2012-06-21,61.0800,61.1100,59.4200,59.5600,1196900
2012-06-20,59.1500,62.0500,59.0300,60.9600,2800700
2012-06-19,58.5000,59.2400,58.5000,59.0300,1031900
2012-06-18,57.7600,58.4000,57.7300,58.2800,621400
2012-06-15,58.3700,58.4000,57.7600,58.1400,944400
2012-06-14,58.3500,58.5400,57.9700,58.3900,765600
2012-06-13,58.8400,58.9200,58.2100,58.3900,517300
2012-06-12,58.4900,59.1000,58.2300,58.8300,903200
2012-06-11,59.6500,59.8600,58.3300,58.3400,950300
2012-06-08,59.7000,59.7000,59.0200,59.3100,758100
2012-06-07,60.6200,60.6900,59.8100,59.9900,809400
2012-06-06,58.8000,60.0100,58.5500,60.0000,963700
2012-06-05,57.7200,58.4600,57.4900,58.3200,1124600
2012-06-04,58.1900,58.3200,57.1000,57.8300,796600
2012-06-01,58.8000,58.8800,58.0000,58.2200,1056400
2012-05-31,60.0400,60.0400,59.3100,59.5000,996300
2012-05-30,61.1500,61.2200,59.8600,60.0200,1390300
2012-05-29,61.7000,62.3100,61.2800,61.8400,1534200
2012-05-25,60.4900,61.0800,60.3200,61.0600,781600
2012-05-24,60.5500,60.7800,60.1000,60.4900,771300
2012-05-23,61.3200,61.5700,60.0300,60.5900,1380200
2012-05-22,60.8600,60.9300,59.6400,59.9700,853700
2012-05-21,59.7400,60.7850,59.6600,60.6200,751900
2012-05-18,60.6100,61.0600,59.6400,59.7800,1093800
2012-05-17,61.0200,61.6900,60.5600,60.6000,895600
2012-05-16,61.5300,62.2600,61.0600,61.2800,875100
2012-05-15,62.3100,62.4100,61.1600,61.4900,1381700
2012-05-14,62.2300,63.0000,62.1200,62.5200,1185200
2012-05-11,63.5400,64.3400,63.1500,63.1800,1383400
2012-05-10,64.9900,65.1900,64.2600,64.4200,1098400
2012-05-09,64.0000,65.2095,63.4700,64.7600,1377800
2012-05-08,63.7500,64.6300,63.3700,64.5600,1498800
2012-05-07,64.0000,64.6500,63.5700,63.6700,1351200
2012-05-04,64.6000,64.8500,63.8800,64.5100,1070100
2012-05-03,65.1900,65.3000,64.5400,64.7700,1450600
2012-05-02,65.5400,65.5900,64.9650,65.0000,977700
2012-05-01,64.7600,66.1200,64.5900,65.6300,1628700
2012-04-30,64.5600,64.7240,64.1800,64.5000,1032900
2012-04-27,65.1500,65.4500,64.1300,64.5000,2196800
2012-04-26,64.5000,66.0400,63.6200,65.6900,4396500
2012-04-25,67.0700,67.6600,66.5600,67.4400,1322700
2012-04-24,65.5700,66.7300,65.5200,66.2500,1340200
2012-04-23,66.0200,66.1500,65.4400,65.5700,1796200
2012-04-20,66.8700,66.9200,66.1901,66.2500,1334100
2012-04-19,67.9400,67.9400,66.4800,66.7300,1533100
2012-04-18,67.5300,67.9300,66.8100,67.8200,917200
2012-04-17,67.6000,67.6650,66.5300,67.5100,1563800
2012-04-16,68.0100,68.3800,67.2200,67.4000,1119700
2012-04-13,68.5000,68.6100,67.6050,67.9900,746600
2012-04-12,67.6900,68.6700,67.5500,68.4100,943200
2012-04-11,67.6300,68.0000,67.2900,67.7100,736600
2012-04-10,67.6400,68.0100,66.7150,66.8200,888800
2012-04-09,67.7000,67.7400,67.0800,67.4700,864100
2012-04-05,68.4300,68.6600,67.7300,68.4600,1380800
2012-04-04,68.0400,68.3700,67.6940,68.1700,1084700
2012-04-03,69.5100,69.7200,68.1900,68.7800,1635800
2012-04-02,68.4100,69.7900,68.4000,69.7300,1814400
2012-03-30,67.7500,68.4900,67.3400,68.4400,1346000
2012-03-29,66.9100,67.3100,66.4500,67.2100,1173400
2012-03-28,67.2700,67.6000,66.7200,67.2100,1223600
2012-03-27,67.8300,68.1400,67.2900,67.3900,954200
2012-03-26,67.4100,68.4000,67.2800,68.0500,1156800
2012-03-23,67.2200,67.5220,66.7000,67.2400,940000
2012-03-22,67.5800,67.9300,66.6300,67.0500,1038400
2012-03-21,68.0000,68.3600,67.5700,67.9300,780500
2012-03-20,67.3100,68.3500,67.2500,68.1200,1082400
2012-03-19,68.1800,68.4200,67.3800,67.5100,808000
2012-03-16,68.2900,68.4450,67.9500,67.9800,1031600
2012-03-15,67.2200,68.0300,67.1400,67.9300,1346500
2012-03-14,67.9500,67.9900,66.9300,67.1100,930700
2012-03-13,66.9600,67.7400,66.7600,67.7300,881700
2012-03-12,66.3700,66.8900,66.2500,66.4900,760700
2012-03-09,66.5200,67.0200,66.1700,66.3700,747300
2012-03-08,66.1200,67.0650,66.0000,66.6200,1208800
2012-03-07,65.0600,65.9900,64.7000,65.8200,1282000
2012-03-06,66.1800,66.1800,64.5900,65.0600,1521200
2012-03-05,67.0400,67.4800,66.5100,67.1300,970400
2012-03-02,67.4300,67.6100,66.6200,67.1600,1027000
2012-03-01,67.4700,67.7300,66.8200,67.3700,852800
2012-02-29,67.4600,68.2700,66.9900,67.3200,1250900
2012-02-28,66.9500,67.4850,65.4800,67.3300,1646700
2012-02-27,67.6000,67.6300,66.7100,66.9900,1069400
2012-02-24,67.8300,68.0000,67.2600,67.9100,840000
2012-02-23,67.1400,68.0000,66.6700,67.8300,1218300
2012-02-22,67.2500,67.4000,66.4500,67.0700,1380700
2012-02-21,66.7400,67.2600,66.4000,67.0600,1023000
2012-02-17,66.2600,66.7500,65.9300,66.5600,979600
2012-02-16,65.7600,66.3900,65.6400,66.2700,2034400
2012-02-15,65.8200,66.5290,65.4120,65.9000,2352600
2012-02-14,63.9150,65.8210,63.8100,65.6700,3383900
2012-02-13,63.9900,64.2100,63.5800,63.9500,1127000
2012-02-10,62.5000,64.0000,62.4500,63.4800,2329600
2012-02-09,61.2300,63.6500,60.7200,62.9900,4524600
2012-02-08,58.7100,59.7900,58.7100,59.7400,1682500
2012-02-07,58.0300,58.7501,57.9500,58.4700,1412900
2012-02-06,57.7800,58.1500,57.6000,58.1500,796100
2012-02-03,57.8100,58.2100,57.7300,57.9100,1084100
2012-02-02,58.0000,58.0700,57.0000,57.2200,1327700
2012-02-01,57.7000,58.3700,57.7000,57.8800,1059800
2012-01-31,57.4200,57.4200,56.2000,57.2700,2003800
2012-01-30,57.6100,57.8100,57.1200,57.3600,1058000
2012-01-27,58.3600,58.4125,57.7800,57.8300,1070200
2012-01-26,59.4800,59.8700,58.1800,58.4300,1641500
2012-01-25,58.2400,59.3500,57.9800,59.2100,1195200
2012-01-24,58.1200,58.5000,57.5900,58.2600,788900
2012-01-23,58.6100,58.8300,57.5900,58.1300,908100
2012-01-20,58.3700,58.6800,57.5000,58.6100,990100
2012-01-19,58.7900,59.1500,57.9800,58.3200,908100
2012-01-18,58.0000,58.6400,57.4000,58.5500,957500
2012-01-17,59.5000,59.5100,57.7500,57.9200,1238900
2012-01-13,58.9800,59.2000,58.2500,58.7700,754800
2012-01-12,58.6000,59.7300,58.2800,59.5200,917900
2012-01-11,58.6500,58.8000,58.2617,58.7200,563000
2012-01-10,58.9500,59.3300,58.1500,58.8600,1051100
2012-01-09,58.4300,58.7600,58.0500,58.4800,838900
2012-01-06,58.4200,58.7200,58.0200,58.1900,629000
2012-01-05,58.5100,58.8600,57.4400,58.5300,967900
2012-01-04,58.6700,59.0800,57.9700,58.7500,892000
2012-01-03,58.3200,59.1900,58.3200,58.7400,1219500
2011-12-30,57.0600,57.3700,56.9900,57.2000,602300
2011-12-29,56.2800,57.3400,56.2800,57.2300,754800
2011-12-28,57.8000,57.8900,56.1200,56.3300,918900
2011-12-27,58.0000,58.1500,57.5000,57.7500,745200
2011-12-23,57.7000,58.3500,57.6700,58.0900,647800
2011-12-22,57.7400,58.2400,57.3500,57.9500,994200
2011-12-21,56.8100,57.6300,56.4850,57.5800,811600
2011-12-20,56.4200,57.6200,56.2700,57.3800,1105500
2011-12-19,56.9100,56.9999,55.6400,55.8600,895000
2011-12-16,57.5000,57.6900,55.8500,56.6100,1774700
2011-12-15,58.0000,58.3200,57.1900,57.3200,1092100
2011-12-14,58.2200,58.6500,57.0800,57.3400,1477800
2011-12-13,60.3000,60.8000,58.2500,58.6700,1878000
2011-12-12,61.0200,61.0600,60.1700,60.9800,830900
2011-12-09,61.5700,62.0100,61.0300,61.7900,742900
2011-12-08,62.2200,62.4100,61.3700,61.4900,733600
2011-12-07,62.5000,63.1600,61.9300,62.8000,767000
2011-12-06,62.0300,62.9400,62.0300,62.7900,756900
2011-12-05,63.4200,63.4200,61.7800,62.1600,923200
2011-12-02,63.4000,63.8000,62.5600,62.7000,641300
2011-12-01,62.5800,63.1775,62.3300,62.9300,940700
2011-11-30,62.1400,62.5600,61.7800,62.5000,1181100
2011-11-29,60.7800,61.2716,60.3800,60.5000,708200
2011-11-28,60.2600,61.1200,59.6200,60.7100,909100
2011-11-25,58.7800,59.6100,58.4900,58.8700,360700
2011-11-23,59.0600,59.4700,57.8200,58.9900,1301700
2011-11-22,59.4100,60.4800,59.1500,59.5500,917600
2011-11-21,60.0200,60.1400,59.1400,59.6800,1268300
2011-11-18,61.5100,61.5400,60.7212,60.8300,791700
2011-11-17,62.5300,62.6200,60.3700,60.8300,1464300
2011-11-16,62.6100,62.9700,62.0000,62.2600,1043400
2011-11-15,62.4200,63.2900,62.0700,63.0200,202210
2011-11-14,62.6100,62.9800,62.4500,62.8600,216163
2011-11-11,62.0800,62.7500,61.7900,62.5600,604600
2011-11-10,62.0700,62.4600,60.8500,61.2500,978400
2011-11-09,61.0300,62.1100,60.8900,61.5800,1135100
2011-11-08,62.0200,62.3300,61.5650,62.2500,860300
2011-11-07,61.1000,61.9700,60.8900,61.7800,1814400
2011-11-04,60.9600,61.5100,60.5200,61.1800,1071900
2011-11-03,61.7400,62.0700,60.9600,61.7300,1075300
2011-11-02,61.6700,62.2300,61.0000,61.5000,1575500
2011-11-01,59.7700,61.4600,59.5800,61.0100,2232700
2011-10-31,61.6400,62.2200,61.4200,61.7700,1555500
2011-10-28,62.1400,63.0300,62.0680,62.2700,1671500
2011-10-27,60.0000,63.1600,59.0000,62.0800,3471400
2011-10-26,58.9700,59.8000,58.1100,59.5800,1524500
2011-10-25,58.5600,58.8300,57.9200,58.1700,1074200
2011-10-24,57.1200,59.1500,57.1100,58.9400,1430000
2011-10-21,57.6500,58.4400,57.5200,57.7900,1038400
2011-10-20,56.6700,56.9200,55.6300,56.7800,1025500
2011-10-19,56.5600,57.4600,56.1800,56.5000,1220200
2011-10-18,56.9600,57.2000,55.7000,56.6800,1798200
2011-10-17,58.7200,58.8000,57.0700,57.1200,705100
2011-10-14,58.4900,59.3600,58.1800,59.0400,1350000
2011-10-13,57.6200,57.9900,56.4219,57.9100,962900
2011-10-12,57.7900,58.6600,57.2500,57.6300,2574500
2011-10-11,56.6100,57.8300,56.4700,57.2000,1953100
2011-10-10,57.1300,57.5200,56.4000,56.9200,5862400
2011-10-07,57.8400,58.0100,55.7600,55.8500,3300300
2011-10-06,57.0800,58.0000,57.0000,57.4600,2024300
2011-10-05,56.2700,57.4600,55.3100,57.0900,1520800
2011-10-04,54.9900,55.9900,54.0301,55.9800,2100000
2011-10-03,57.7300,57.8100,55.0000,55.5100,2293100
2011-09-30,58.1600,59.2600,57.6300,58.2900,2178100
2011-09-29,60.0700,60.3800,57.9500,58.9600,890000
2011-09-28,60.2200,60.5100,58.5300,58.6200,1396700
2011-09-27,58.9500,61.8700,58.8000,60.1900,1827800
2011-09-26,56.9600,57.1600,54.9300,57.1100,813500
2011-09-23,54.9900,57.0800,54.9400,56.6200,1063700
2011-09-22,58.4700,58.6230,55.0000,56.1000,2430100
2011-09-21,62.6100,62.8600,60.4300,60.4300,1281700
2011-09-20,63.2900,63.8400,62.8200,62.8800,660600
2011-09-19,63.0300,63.5800,62.5500,63.2500,585500
2011-09-16,63.9000,64.9500,63.8200,64.1600,1040800
2011-09-15,63.4200,63.8400,62.6400,63.5500,746700
2011-09-14,62.1100,63.4800,61.5800,63.0200,777100
2011-09-13,61.9100,62.3600,61.6400,61.9800,965700
2011-09-12,61.7800,62.6200,60.6000,61.9600,644100
2011-09-09,62.7800,63.2000,61.7100,62.5200,796500
2011-09-08,64.4100,65.0700,63.6400,63.7800,1007100
2011-09-07,63.6700,65.3500,63.5500,65.1000,896900
2011-09-06,61.0900,62.7600,60.9600,62.7400,616900
2011-09-02,63.1800,64.0400,62.8000,63.1600,779000
2011-09-01,64.5600,65.0000,63.9600,64.5600,933700
2011-08-31,64.3700,65.0900,64.0600,64.7100,1401300
2011-08-30,63.4700,64.5000,62.9800,64.0200,913800
2011-08-29,62.7500,64.4900,62.7500,63.7600,819500
2011-08-26,60.0200,62.3000,59.1900,62.0200,1145400
2011-08-25,62.0200,62.0200,60.2200,60.4100,826200
2011-08-24,61.6000,62.2200,60.9203,61.9100,923500
2011-08-23,60.0900,62.0400,59.5700,62.0400,1020200
2011-08-22,61.0000,62.0000,59.3100,59.5900,937500
2011-08-19,60.0700,61.6700,59.7900,59.9200,936200
2011-08-18,61.7300,62.0600,60.3100,60.8100,857900
2011-08-17,63.1900,64.2100,63.1900,63.5800,779600
2011-08-16,62.4900,63.3200,62.0200,62.7700,812600
2011-08-15,61.6900,63.2600,61.6200,62.9900,956200
2011-08-12,62.1400,62.1400,60.5700,61.1800,812600
2011-08-11,59.7200,62.3700,59.3700,61.6000,1416800
2011-08-10,59.7900,60.5100,58.5900,58.8900,1176000
2011-08-09,59.1800,60.5100,57.1800,60.4900,2054500
2011-08-08,61.7000,62.1300,58.4500,58.6300,2451100
2011-08-05,63.9900,64.3200,60.9000,63.7500,1682500
2011-08-04,67.0100,67.0100,63.4700,63.5100,2248900
2011-08-03,67.4000,68.2400,66.5100,68.0800,1068800
2011-08-02,68.1100,68.6200,67.3900,67.6600,1335700
2011-08-01,69.7000,69.7500,67.8500,68.8800,899200
2011-07-29,68.7100,69.3000,68.0700,68.8100,852200
2011-07-28,72.7200,73.2200,68.1200,69.4400,2226100
2011-07-27,71.3800,71.9200,70.8000,70.9900,1248800
2011-07-26,72.9000,73.0200,71.5500,71.8100,853600
2011-07-25,72.1500,73.1600,72.1500,72.7100,552800
2011-07-22,72.5800,73.4900,72.1400,73.0800,702500
2011-07-21,71.9600,73.3300,71.7300,72.7700,851400
2011-07-20,70.5100,71.7300,70.1400,71.3900,803300
2011-07-19,69.0900,70.6200,68.9100,70.3600,551200
2011-07-18,69.5900,69.7800,68.0200,68.6100,718700
2011-07-15,69.4100,70.2400,69.1200,70.0900,801300
2011-07-14,69.7800,70.8900,69.0800,69.2200,717900
2011-07-13,70.0100,70.4900,69.5675,69.7600,626300
2011-07-12,69.5000,70.0300,69.3800,69.5100,565800
2011-07-11,70.1700,70.6800,69.5100,69.7600,550800
2011-07-08,70.2600,71.3200,69.7600,71.2400,722800
2011-07-07,71.1500,71.8200,70.9800,71.2700,843500
2011-07-06,70.3100,70.6900,69.8800,70.3800,716500
2011-07-05,69.8300,70.7500,69.5200,70.7500,923300
2011-07-01,69.0700,69.7900,68.6900,69.7200,692800
2011-06-30,68.7900,69.2100,68.5000,68.9500,830000
2011-06-29,67.8900,69.1200,67.7604,68.4900,1090500
2011-06-28,66.4300,67.3300,66.3300,67.1700,828200
2011-06-27,66.4200,67.0500,66.0700,66.4000,705000
2011-06-24,66.4000,66.6000,65.7900,66.4800,1275700
2011-06-23,64.9300,66.1400,64.7900,66.1200,1202100
2011-06-22,66.5400,67.3900,66.0100,66.0500,871300
2011-06-21,65.6700,67.1800,65.5900,66.9900,809300
2011-06-20,65.4400,65.7300,64.8100,65.4200,809600
2011-06-17,65.8000,66.6000,65.3800,65.8000,1350100
2011-06-16,66.0900,66.7100,64.3700,65.5000,1410300
2011-06-15,66.7700,67.1100,65.8300,66.2800,1449000
2011-06-14,67.1600,67.8650,66.3500,67.5200,1441200
2011-06-13,67.3300,67.6600,66.6700,66.8900,551900
2011-06-10,68.4300,68.6600,67.1200,67.3100,1042100
2011-06-09,68.3300,69.5200,67.7700,68.8900,1424700
2011-06-08,69.2500,69.3800,68.2200,68.3000,1342900
2011-06-07,70.7600,70.7700,69.5300,69.5500,956300
2011-06-06,72.0000,72.0700,70.3400,70.3500,947300
2011-06-03,72.9500,72.9600,72.1500,72.2000,724100
2011-06-02,73.3500,74.0300,73.1100,73.8900,773800
2011-06-01,74.3800,74.6300,73.0000,73.1600,1022000
2011-05-31,74.1700,74.5000,73.8700,74.4500,1539700
2011-05-27,72.8500,74.0400,72.8500,74.0400,1188900
2011-05-26,72.0000,72.8400,71.2400,72.7600,873400
2011-05-25,72.0400,72.5000,71.7400,72.2400,971000
2011-05-24,71.4100,72.5590,71.1200,72.0600,619200
2011-05-23,72.9700,73.0099,71.9400,72.1200,699200
2011-05-20,73.4000,74.0000,72.7400,73.8300,1177500
2011-05-19,74.3700,74.4100,72.3100,73.4000,1472600
2011-05-18,73.3700,74.5100,73.0100,74.4000,1016400
2011-05-17,73.0400,73.7300,72.9600,73.4600,896300
2011-05-16,72.9800,74.3100,72.6500,73.6600,1116200
2011-05-13,72.2900,73.0600,71.9400,73.0000,890500
2011-05-12,72.1200,72.5000,71.5929,72.4700,929000
2011-05-11,73.3100,73.4200,72.1200,72.5600,757800
2011-05-10,73.9900,73.9900,73.2300,73.8300,584200
2011-05-09,72.3700,73.9900,72.2600,73.8500,652300
2011-05-06,73.2700,73.9100,72.2100,72.6200,825600
2011-05-05,73.6000,74.2900,72.6750,72.9700,1248500
2011-05-04,75.0000,75.1300,72.7200,74.0200,1140700
2011-05-03,74.6300,74.9400,73.6200,74.8800,1110100
2011-05-02,75.5000,75.9500,75.0000,75.2600,1247600
2011-04-29,73.9000,75.5000,73.7300,75.4400,1461800
2011-04-28,75.9000,76.1250,72.9000,73.4800,2058000
2011-04-27,75.4000,75.4900,73.8700,74.3400,1266500
2011-04-26,74.8300,75.0500,74.0900,75.0000,930100
2011-04-25,73.7800,74.5100,73.3400,74.4800,876300
2011-04-21,73.4000,73.7500,73.0000,73.7200,523600
2011-04-20,72.7400,73.5000,72.3900,72.8800,751200
2011-04-19,70.8600,71.8200,70.7500,71.6600,784800
2011-04-18,71.0200,71.7000,69.5800,70.6100,919600
2011-04-15,72.0100,72.4100,71.4000,72.0700,806000
2011-04-14,71.1900,71.7200,70.3700,71.6000,780700
2011-04-13,72.0000,72.3400,70.7900,71.3700,778400
2011-04-12,72.3000,72.4100,70.7100,71.7200,1312300
2011-04-11,72.0600,73.5300,71.9000,72.6200,821300
2011-04-08,72.8200,73.2550,71.7500,71.9800,742400
2011-04-07,72.1500,72.6700,71.5800,72.6300,1154300
2011-04-06,74.1400,74.4000,71.9300,71.9900,1571700
2011-04-05,73.2900,74.3000,73.2300,73.9700,832700
2011-04-04,73.7500,73.8800,72.5100,73.2000,679000
2011-04-01,73.0700,74.2500,73.0100,73.8000,1036700
2011-03-31,73.0300,73.6100,72.2900,72.3300,1252400
2011-03-30,71.5300,72.9200,71.2300,72.8300,1238800
2011-03-29,70.7200,71.1700,70.5100,71.0700,529900
2011-03-28,71.0100,71.8000,70.8800,70.9400,1004500
2011-03-25,70.6100,71.2800,70.1200,70.8000,799200
2011-03-24,70.7300,70.8400,69.4000,70.3700,697100
2011-03-23,70.9900,71.2000,70.2100,70.6400,877000
2011-03-22,69.2500,69.6300,68.8100,69.3200,745200
2011-03-21,67.7700,68.8500,67.2600,68.7900,712800
2011-03-18,67.6800,67.6800,66.6100,67.0000,959500
2011-03-17,67.3700,67.7300,66.7000,66.8300,860800
2011-03-16,68.2500,68.7000,66.2500,66.5800,925200
2011-03-15,66.2300,68.7500,65.5100,68.1400,1226900
2011-03-14,68.8200,69.3500,67.9800,68.4200,692700
2011-03-11,67.6300,69.3000,66.6300,69.1500,1339800
2011-03-10,69.3200,69.3200,68.0800,68.1800,1246900
2011-03-09,70.3500,70.7500,69.6700,70.4300,506700
2011-03-08,70.9000,71.2950,70.2200,70.9700,761600
2011-03-07,71.9700,72.1700,70.5700,70.6800,1047100
2011-03-04,72.7200,72.8500,71.0948,71.9000,546800
2011-03-03,72.0500,72.5000,71.2700,72.1000,1201500
2011-03-02,70.7100,71.7000,70.7000,71.4800,1503900
2011-03-01,72.2000,72.5000,70.0200,70.8200,1310700
2011-02-28,72.2000,72.4900,71.5100,72.1700,1346300
2011-02-25,71.2900,71.6900,70.7300,71.4900,1529700
2011-02-24,70.4500,71.4500,69.9200,70.7400,1077100
2011-02-23,72.0500,72.0500,69.3400,70.5900,1832600
2011-02-22,73.3500,74.1600,72.1400,72.2800,1116400
2011-02-18,74.5400,74.8700,73.5900,74.2400,1048500
2011-02-17,74.4700,74.7200,73.0640,74.2200,1480600
2011-02-16,72.4200,74.8100,72.4200,74.4500,2119200
2011-02-15,72.4400,72.7800,71.6800,72.3100,1440800
2011-02-14,71.5400,72.4781,71.5400,72.3000,1539800
2011-02-11,69.6800,71.5000,69.5100,71.3600,2366200
2011-02-10,70.3800,71.4500,67.3800,69.0300,2529800
2011-02-09,70.3300,70.7800,69.1200,69.7800,1842100
2011-02-08,69.8500,70.0700,69.4000,69.8700,828500
2011-02-07,70.0000,70.3500,69.5300,69.7000,1103200
2011-02-04,69.6900,69.9200,69.0500,69.9100,1112700
2011-02-03,69.5700,69.9000,68.7000,69.6200,953400
2011-02-02,68.9100,70.0000,68.7600,69.5200,1192500
2011-02-01,69.0700,70.4000,68.5000,68.6900,1638300
2011-01-31,66.9100,68.3300,66.2500,68.0700,1524500
2011-01-28,68.7400,68.7400,66.6300,66.8200,1125600
2011-01-27,69.0800,69.1500,67.9700,68.3700,903200
2011-01-26,68.6400,69.1400,68.3000,69.0000,994500
2011-01-25,68.9900,69.2600,68.1100,68.4800,1130700
2011-01-24,68.3500,70.0000,67.5500,69.2700,1669700
2011-01-21,70.0500,70.7200,69.8500,70.0400,999400
2011-01-20,70.3100,70.3800,68.5600,69.4800,1737900
2011-01-19,72.3600,72.6500,70.6100,70.9000,2190000
2011-01-18,70.9300,71.2400,70.0400,70.4400,1410500
2011-01-14,70.7100,70.9000,69.9600,70.8900,1730400
2011-01-13,67.5400,70.2300,67.5400,69.8600,2828000
2011-01-12,67.1050,68.1500,66.9300,67.2900,1093200
2011-01-11,67.1700,67.2700,66.2700,66.5800,1361400
2011-01-10,67.0700,67.4700,66.2100,66.5000,869700
2011-01-07,67.1600,67.6300,66.2801,66.8900,870700
2011-01-06,66.9300,67.3800,66.5900,67.3800,1630600
2011-01-05,65.8300,67.0100,65.5700,66.8500,2169200
2011-01-04,65.7900,65.9600,65.0300,65.4300,1379600
2011-01-03,65.9500,66.0000,64.9500,65.3900,1024900
2010-12-31,65.3300,65.8900,64.8901,65.5200,534600
2010-12-30,64.7900,65.4000,64.7100,65.1900,609000
2010-12-29,64.4400,65.1500,64.1200,64.5800,1041500
2010-12-28,64.3500,64.4400,63.8800,64.3100,567900
2010-12-27,64.1000,64.3300,63.8300,64.2200,552200
2010-12-23,63.9400,64.4800,63.4800,64.0000,1269200
2010-12-22,62.3400,64.2000,62.2900,63.7500,1385100
2010-12-21,62.3000,62.7400,61.9000,62.2400,1426200
2010-12-20,62.8700,62.9100,61.9200,62.0200,1044700
2010-12-17,61.9900,62.0400,61.6700,62.0400,1608200
2010-12-16,62.0600,62.8890,61.3600,61.6500,1400500
2010-12-15,62.7500,63.4000,61.3600,61.5100,1233500
2010-12-14,62.7200,62.9100,62.2200,62.6200,576500
2010-12-13,62.6000,62.7100,61.5300,62.5600,1115800
2010-12-10,62.6300,62.9399,62.2600,62.3900,1224400
2010-12-09,63.0700,63.4300,62.2000,62.6900,1228700
2010-12-08,63.8100,64.4900,62.9700,63.2400,1231800
2010-12-07,64.9000,65.0600,63.8000,63.8200,1350400
2010-12-06,64.0000,64.9700,63.7000,64.3600,1264100
2010-12-03,62.4400,64.1400,62.2400,63.9400,1715700
2010-12-02,61.8500,62.7200,61.5000,62.5400,841400
2010-12-01,61.6800,62.0400,61.5000,61.9800,1318800
2010-11-30,60.1300,61.3800,60.0500,60.8200,1150200
2010-11-29,61.2400,61.5400,60.1200,60.7800,1102000
2010-11-26,61.5100,62.6700,61.5100,61.6700,322500
2010-11-24,61.1900,62.3800,61.1600,62.3000,973900
2010-11-23,60.8100,60.8900,60.0700,60.6000,778500
2010-11-22,61.5200,61.7900,60.7000,61.3900,826400
2010-11-19,61.2200,61.5600,60.9600,61.5200,566200
2010-11-18,60.7600,61.8500,60.7600,61.3200,848000
2010-11-17,59.3900,60.3100,59.1600,60.1800,771300
2010-11-16,59.5800,59.9300,59.0000,59.5400,1083200
2010-11-15,60.5000,61.1700,59.8000,60.1800,1123700
2010-11-12,61.6000,61.8200,59.8000,60.3700,1114100
2010-11-11,61.3400,62.3000,60.8200,62.1700,1020700
2010-11-10,61.4100,61.8500,60.6900,61.8500,837700
2010-11-09,60.0100,62.3200,60.0100,61.3200,1739900
2010-11-08,60.2600,60.2800,59.5000,59.8100,835800
2010-11-05,60.6900,61.1500,60.0100,60.2500,1118800
2010-11-04,60.4700,60.9300,59.2600,60.6200,975800
2010-11-03,59.9000,59.9000,59.0500,59.6700,786400
2010-11-02,61.2000,61.2000,59.4600,59.9400,945100
2010-11-01,60.5800,61.5600,60.5000,60.6500,1007300
2010-10-29,60.2500,61.0000,58.8500,60.0700,1485100
2010-10-28,62.8600,63.1300,58.3600,58.9500,2961500
2010-10-27,61.4300,62.3740,61.3800,61.7000,1145500
2010-10-26,62.0600,62.5300,61.1500,62.2100,1034200
2010-10-25,62.0700,62.8600,62.0400,62.5600,1293300
2010-10-22,61.2600,61.8200,60.7100,61.7400,941500
2010-10-21,61.1200,61.8700,60.7201,61.2400,948900
2010-10-20,60.2700,61.2799,60.2300,60.6500,699500
2010-10-19,60.1600,60.5900,58.0100,60.0400,1162100
2010-10-18,60.8900,60.9900,60.4100,60.7800,639600
2010-10-15,61.5900,61.7000,60.1500,60.6500,1043600
2010-10-14,61.8100,61.8700,60.9000,61.0400,765000
2010-10-13,61.8600,62.4900,61.0300,61.6500,1438500
2010-10-12,59.9900,61.3400,59.9900,60.8400,948500
2010-10-11,60.9700,61.9800,60.4000,61.3100,1313700
2010-10-08,59.1400,61.0000,59.1400,60.3700,1617800
2010-10-07,58.3600,58.8000,57.4101,58.7600,985500
2010-10-06,57.8900,58.9200,57.8200,58.0900,997900
2010-10-05,57.8800,58.5000,54.8000,57.8400,4595800
2010-10-04,57.0300,57.7400,56.5000,57.6300,1375500
2010-10-01,59.5850,59.6100,56.3800,57.4500,3038400
2010-09-30,61.5700,61.6700,58.1600,59.1600,2014100
2010-09-29,61.4000,61.9800,60.8000,61.1900,1053700
2010-09-28,60.7400,61.6100,60.0301,61.6100,1162200
2010-09-27,60.8700,61.0600,60.0600,60.3500,1096600
2010-09-24,60.1500,61.5100,60.0100,60.7400,2011700
2010-09-23,57.9100,60.1700,57.8000,59.4700,2371800
2010-09-22,56.4900,58.8950,56.3500,58.6300,1272900
2010-09-21,57.4500,57.7000,56.4400,56.6600,1227400
2010-09-20,57.8900,57.8900,56.9600,57.5000,1028100
2010-09-17,57.3100,57.5500,56.4600,57.4600,1000900
2010-09-16,56.6000,57.2800,56.3900,57.0900,471900
2010-09-15,56.0000,56.9600,55.6300,56.6500,838300
2010-09-14,57.5900,57.8700,56.0400,56.0900,1691900
2010-09-13,57.4200,58.2400,57.1300,58.1000,873300
2010-09-10,57.0500,57.6881,56.7000,57.0400,914900
2010-09-09,56.2500,57.2000,56.2500,56.7000,899500
2010-09-08,55.0300,56.3500,55.0000,55.9300,1349000
2010-09-07,55.5500,55.5500,54.7400,54.8600,790600
2010-09-03,56.7000,56.9700,54.9900,55.6500,1245500
2010-09-02,53.9600,55.8000,53.8100,55.6500,1445600
2010-09-01,53.8600,54.5000,53.6200,53.8800,1099900
2010-08-31,51.3600,53.2500,51.2400,53.0000,1201300
2010-08-30,52.2500,52.7799,52.0000,52.0000,799500
2010-08-27,51.3300,53.0700,50.5200,52.8400,1260800
2010-08-26,51.7400,52.4000,51.0000,51.1300,1269800
2010-08-25,51.2500,52.3100,51.0000,52.0500,1003100
2010-08-24,52.8200,52.8200,51.0500,51.9500,1376900
2010-08-23,54.2400,54.6800,53.1110,53.1200,684800
2010-08-20,53.9500,54.0400,53.0600,53.6400,675500
2010-08-19,54.7000,54.7000,53.3200,54.0700,1139400
2010-08-18,55.0000,55.0700,54.2500,54.7600,954700
2010-08-17,55.0100,55.6000,54.0604,54.8100,1462400
2010-08-16,54.1700,54.2500,53.6200,54.0000,1306600
2010-08-13,54.0800,54.8500,53.9000,54.1900,627900
2010-08-12,52.1700,54.7993,51.8200,54.4100,1405700
2010-08-11,53.8100,53.9550,52.9950,53.2100,1553500
2010-08-10,54.3100,56.2600,54.3100,54.9200,1601500
2010-08-09,55.8200,56.0000,54.6200,54.9700,1626200
2010-08-06,55.5000,55.8600,54.2600,55.6600,3690200
2010-08-05,51.3000,54.9300,51.0600,54.4800,3969700
2010-08-04,51.4900,52.1900,51.3500,51.6100,1537900
2010-08-03,51.7200,52.2700,51.4500,51.5700,2033900
2010-08-02,50.2900,52.7450,50.2900,52.1400,3854900
2010-07-30,46.1700,50.2500,46.1700,49.6500,4411000
2010-07-29,48.8200,48.8400,45.8301,46.2900,8176000
2010-07-28,55.7150,55.8500,53.7900,53.9700,1975100
2010-07-27,55.3600,55.9500,55.0400,55.8300,1432600
2010-07-26,55.1100,56.3500,54.9800,55.1000,1705100
2010-07-23,53.9200,55.2500,53.9200,55.0800,1595700
2010-07-22,54.3400,55.0000,53.6700,53.9500,2350400
2010-07-21,53.4400,54.0800,53.3400,53.6200,1429800
2010-07-20,51.7100,53.5400,51.7100,53.4100,637800
2010-07-19,52.3400,52.5900,51.7600,52.0600,785300
2010-07-16,53.9700,54.2200,51.8500,51.9800,1735200
2010-07-15,54.0000,54.2000,53.1100,54.0000,1512500
2010-07-14,53.9500,54.1200,53.4900,54.0600,835800
2010-07-13,53.9300,54.9000,53.8607,53.9600,1654600
2010-07-12,53.9800,54.3200,53.4000,53.5800,925800
2010-07-09,53.2100,54.0800,53.0000,53.9400,1021100
2010-07-08,53.0100,53.3000,52.1600,53.1800,1034900
2010-07-07,50.1000,52.2000,50.1000,52.1800,1017900
2010-07-06,50.0400,50.9400,49.5700,50.0600,816300
2010-07-02,50.1600,50.5000,49.4600,49.7800,833200
2010-07-01,49.0900,49.8600,48.7400,49.8100,1005600
2010-06-30,49.0900,50.1200,49.0200,49.1900,1273900
2010-06-29,51.0300,51.1300,49.2600,49.3900,1360700
2010-06-28,52.0200,52.5100,51.6600,51.9600,672300
2010-06-25,51.3800,52.7500,51.3000,52.2900,1248100
2010-06-24,52.8400,52.9100,51.0900,51.2800,1370400
2010-06-23,52.7100,53.1300,52.1950,52.7200,957900
2010-06-22,53.4000,54.1100,52.7400,52.7600,1141100
2010-06-21,54.2200,54.2200,53.4200,54.0400,1399200
2010-06-18,53.5900,53.8200,53.0800,53.2400,834600
2010-06-17,53.2100,53.7200,53.0400,53.6100,716500
2010-06-16,53.8400,54.1899,52.9900,53.3300,1076500
2010-06-15,52.5500,54.4500,52.2700,54.3700,1490500
2010-06-14,52.3200,52.8800,51.9600,52.2600,1041800
2010-06-11,50.4600,52.4100,50.3900,52.2300,1215200
2010-06-10,51.2500,52.4800,50.8400,50.9400,1531300
2010-06-09,49.2800,51.9000,49.2800,50.2500,3148700
2010-06-08,47.2500,47.9000,47.0700,47.7600,1089200
2010-06-07,49.0100,49.0300,47.4200,47.4500,1092700
2010-06-04,48.4900,49.9300,48.3600,48.6000,1600200
2010-06-03,49.0800,49.5270,48.3300,49.0900,660500
2010-06-02,48.6600,49.2200,48.0000,49.1500,907200
2010-06-01,48.3100,49.1400,48.1400,48.1400,1015400
2010-05-28,49.1700,49.4000,48.6000,48.7600,998200
2010-05-27,49.0600,49.6800,48.6100,49.3900,1341000
2010-05-26,47.7400,48.6299,47.1300,47.9600,1984800
2010-05-25,46.4900,47.5800,45.3600,47.1900,2392500
2010-05-24,48.0200,48.4900,47.3900,47.5200,1602200
2010-05-21,47.3000,48.5500,47.1600,47.8400,1853300
2010-05-20,49.1600,49.1600,47.8500,48.0700,1594300
2010-05-19,50.6000,50.6800,49.2000,50.0100,1582600
2010-05-18,51.1200,52.6300,50.9500,51.0200,1476600
2010-05-17,50.9300,51.8800,49.4700,50.4900,1359100
2010-05-14,51.5000,52.0700,50.0600,50.7300,1437100
2010-05-13,55.0000,55.0000,51.5600,51.7300,2575100
2010-05-12,51.4000,54.9300,51.2100,54.7500,2520000
2010-05-11,51.9200,51.9900,50.8600,51.2400,1122200
2010-05-10,53.8800,53.8800,51.4300,51.9000,1966200
2010-05-07,50.6400,51.5500,50.0800,51.4800,2582000
2010-05-06,51.0600,52.0100,48.1100,50.7600,3016400
2010-05-05,51.8400,52.0800,50.4900,51.2500,1610800
2010-05-04,53.0300,53.4900,51.9600,52.3200,1550800
2010-05-03,53.4500,53.8500,52.9500,53.6200,1360200
2010-04-30,53.5700,54.7300,52.4700,52.9500,3507200
2010-04-29,56.7200,57.7500,53.3900,53.5000,3774100
2010-04-28,56.4000,57.6900,56.4000,57.2800,1547800
2010-04-27,58.0000,58.0000,56.2000,56.3300,1446300
2010-04-26,58.8300,59.7000,57.9200,58.0500,1319000
2010-04-23,58.1600,58.7800,57.8000,58.7300,1045800
2010-04-22,58.0900,58.4500,57.7900,58.4400,890900
2010-04-21,60.0000,60.0000,58.2700,58.4600,1900900
2010-04-20,59.8300,60.2500,59.5200,59.7300,1150300
2010-04-19,59.9300,59.9300,58.7500,59.7400,805300
2010-04-16,59.9700,60.7700,59.7500,59.9400,1100000
2010-04-15,60.5300,61.0900,60.1300,60.4100,1206000
2010-04-14,59.9500,60.6800,59.7500,60.6700,1092300
2010-04-13,61.3000,61.5200,59.7900,59.8100,1339900
2010-04-12,60.6400,61.6900,60.3600,61.6300,1568900
2010-04-09,59.7600,60.4800,59.2600,60.3500,1716000
2010-04-08,59.6200,59.6200,58.9500,59.2200,1620500
2010-04-07,60.0600,60.1400,59.6000,59.7800,2211100
2010-04-06,60.8300,61.3900,60.1000,60.1800,1462100
2010-04-05,62.2900,62.5500,60.9100,61.0000,1193600
2010-04-01,61.9200,62.7400,61.7200,61.8500,1043500
2010-03-31,62.8200,63.0100,61.2500,61.6300,1810200
2010-03-30,63.8800,63.9500,62.5800,63.2500,1070200
2010-03-29,63.9900,64.0600,63.1800,63.5300,1181500
2010-03-26,63.8400,64.0600,63.3400,63.8400,805400
2010-03-25,64.6900,64.8300,63.6800,63.7600,880000
2010-03-24,65.0700,65.0700,63.9500,64.3800,967900
2010-03-23,63.2800,66.0200,63.1300,65.3400,2440900
2010-03-22,61.8600,63.2100,61.2000,63.1600,1096900
2010-03-19,62.0100,62.0700,61.0900,62.0100,1488700
2010-03-18,61.6400,62.4800,61.4600,61.9900,1792000
2010-03-17,60.0200,61.8100,60.0200,61.6800,1544300
2010-03-16,60.6700,60.6700,59.6000,60.0100,852600
2010-03-15,60.4600,60.7300,59.8800,60.4800,585900
2010-03-12,62.4900,62.5900,60.5850,60.8400,1092800
2010-03-11,61.4300,61.5000,60.5100,60.9400,867200
2010-03-10,62.2400,62.6000,61.0800,61.8500,657600
2010-03-09,62.1000,62.8100,62.1000,62.3700,493800
2010-03-08,63.5000,63.8500,62.0800,62.2000,1132000
2010-03-05,61.5000,63.4500,61.3400,63.2700,1378500
2010-03-04,61.4200,62.1500,60.3400,60.8900,685200
2010-03-03,61.5400,62.0800,61.1200,61.5700,686100
2010-03-02,60.4800,61.8100,60.4000,61.4100,945200
2010-03-01,59.7000,60.3900,59.7000,60.2600,519600
2010-02-26,60.0200,60.6600,59.5800,59.5900,952700
2010-02-25,59.6200,60.4800,59.0800,60.4000,1607900
2010-02-24,60.0800,60.1600,58.6300,60.0500,1922700
2010-02-23,61.4200,61.6800,59.9900,60.1300,1180400
2010-02-22,61.6800,61.8700,60.9400,61.5000,1030700
2010-02-19,61.3200,61.6700,60.6900,61.3100,1101500
2010-02-18,60.8400,61.4100,60.3400,61.2100,749900
2010-02-17,60.0300,61.2600,59.9700,61.2400,1537100
2010-02-16,59.2800,60.1300,58.6600,59.7000,1281700
2010-02-12,58.2900,58.7100,57.3280,58.6600,1235800
2010-02-11,57.6800,58.8800,57.3700,58.7600,1161900
2010-02-10,57.9100,58.2200,57.1500,58.0600,996200
2010-02-09,57.2800,58.2650,57.2500,57.8600,1023100
2010-02-08,58.5700,58.9500,56.8700,56.9000,1635200
2010-02-05,58.3700,59.0500,57.3300,58.7500,2077300
2010-02-04,57.5000,59.2800,57.5000,58.5500,2898900
2010-02-03,61.5100,61.5400,59.8500,60.5000,1577800
2010-02-02,60.0200,61.4300,59.9500,61.3900,1179400
2010-02-01,59.2400,60.7500,58.8800,59.6700,1432100
2010-01-29,60.4800,61.1900,58.5400,58.7900,2487800
2010-01-28,61.9900,62.0800,59.6400,60.0700,2081600
2010-01-27,63.3200,63.5000,60.8300,61.4900,2353900
2010-01-26,62.6300,62.9900,62.0000,62.0200,1152700
2010-01-25,63.2800,63.8800,62.5500,62.6700,1864900
2010-01-22,64.1400,64.8800,62.8100,62.8800,1294900
2010-01-21,67.7300,67.9700,63.8200,64.0800,2629700
2010-01-20,68.0400,68.6400,67.0600,67.7500,1362000
2010-01-19,70.0300,70.1900,67.8900,69.0000,1797400
2010-01-15,71.0000,74.0400,69.2100,69.8500,3176000
2010-01-14,67.6900,68.9500,66.1700,68.0700,1036600
2010-01-13,68.4500,68.8200,66.9500,68.1300,1388400
2010-01-12,69.4600,69.5900,67.7100,68.6100,1513800
2010-01-11,71.6800,72.7500,70.0200,70.2800,1934400
2010-01-08,70.6500,71.3800,70.6500,71.2900,1828300
2010-01-07,68.8900,71.2500,68.3000,70.9300,3962900
2010-01-06,67.8900,69.3600,67.2500,69.0500,3211500
2010-01-05,64.9400,67.1500,64.9400,66.8800,1852700
2010-01-04,64.2500,65.2100,64.1100,64.6500,820700
2009-12-31,64.0800,64.7500,63.8300,63.8300,541400
2009-12-30,63.4300,64.2900,63.3500,63.9900,852500
2009-12-29,63.1900,64.7100,63.1900,63.5200,680900
2009-12-28,63.1200,63.4600,62.8150,63.3100,571500
2009-12-24,61.1200,63.0000,61.1100,63.0000,320100
2009-12-23,62.1200,62.5100,61.6500,61.9700,514800
2009-12-22,61.8900,62.9900,61.6500,61.8200,762800
2009-12-21,62.6500,63.5400,61.7900,61.8800,948100
2009-12-18,62.9100,62.9100,61.7100,61.8600,1479300
2009-12-17,63.3100,63.6900,62.5600,62.7400,1923400
2009-12-16,63.2100,64.2700,63.2100,63.7700,1240500
2009-12-15,61.8000,63.6000,61.8000,63.0500,1365200
2009-12-14,62.4200,62.8600,61.0100,61.5800,1999600
2009-12-11,62.8400,63.8400,62.0000,62.2400,1590500
2009-12-10,63.6800,63.6900,61.8000,62.3900,1903700
2009-12-09,63.1000,63.6500,61.5200,63.4600,2276800
2009-12-08,64.7900,65.4500,62.5200,63.2400,2450700
2009-12-07,65.5000,66.2400,65.0400,65.0800,1044300
2009-12-04,65.4200,66.6800,64.5600,65.4000,1286800
2009-12-03,65.1900,66.3097,64.8100,64.9000,1451600
2009-12-02,64.4200,66.0400,64.0000,64.8700,1337900
2009-12-01,62.5700,64.9900,62.5200,64.4800,2156300
2009-11-30,61.7900,62.6000,61.1000,61.9000,966200
2009-11-27,61.6200,62.6000,61.2200,61.8100,514600
2009-11-25,63.0000,63.8900,62.8000,63.0200,970400
2009-11-24,63.6300,63.9400,61.9300,62.6800,1948600
2009-11-23,64.0700,64.4500,63.2100,63.6800,1327500
2009-11-20,63.2800,63.6000,61.3600,63.3100,2814100
2009-11-19,61.8800,63.4100,61.4800,63.4100,2745400
2009-11-18,59.2800,62.8200,59.1000,62.6000,5259700
2009-11-17,58.9800,59.4600,58.4500,58.8900,2275100
2009-11-16,58.4800,59.9300,58.0100,58.9800,2476300
2009-11-13,57.0800,58.4600,56.7600,58.2700,1328200
2009-11-12,58.5000,59.1300,57.0000,57.1700,1477300
2009-11-11,58.8800,59.5000,57.9400,58.2900,1233900
2009-11-10,57.7900,58.9300,57.7100,58.5500,2702400
2009-11-09,57.5300,58.7500,57.5300,58.0000,1634500
2009-11-06,58.6600,59.1800,56.8300,57.1100,3018300
2009-11-05,58.7400,59.1000,57.9500,58.9400,1041900
2009-11-04,58.8300,59.5000,58.0200,58.2300,1482600
2009-11-03,56.2500,58.5100,56.0000,58.4800,2011300
2009-11-02,57.2800,58.0800,56.4600,57.1300,1289200
2009-10-30,60.1900,60.1900,56.1400,57.0600,3106500
2009-10-29,59.8700,60.7200,59.5500,60.4200,1767400
2009-10-28,61.3400,61.6000,58.5200,59.3600,2859400
2009-10-27,62.6900,63.2200,61.0000,61.3900,2032900
2009-10-26,63.1300,64.1695,62.5000,62.5900,1742900
2009-10-23,64.8800,65.2000,62.7700,63.5400,1884900
2009-10-22,63.4900,64.7900,61.4500,64.5800,4837900
2009-10-21,67.2300,68.2800,66.5100,66.9000,1223600
2009-10-20,68.5900,68.5900,66.5600,67.4600,1121500
2009-10-19,67.0000,68.9200,66.6000,68.5100,1510100
2009-10-16,65.5700,67.0300,65.5700,66.3400,1309400
2009-10-15,65.2000,66.1700,65.0400,66.1200,1385300
2009-10-14,65.5400,66.0100,64.9100,65.2500,1371400
2009-10-13,64.4800,65.2000,63.8200,64.7900,1190100
2009-10-12,64.0200,65.2500,64.0100,64.2900,805800
2009-10-09,64.2000,64.6600,63.1200,64.0100,1016800
2009-10-08,62.0800,64.1700,62.0600,64.1100,1589200
2009-10-07,61.1900,62.4200,61.1900,61.8800,907400
2009-10-06,61.8500,63.1400,61.3200,61.5200,1458000
2009-10-05,61.5000,61.8900,60.2100,61.3500,1163300
2009-10-02,60.6000,61.8800,60.0700,61.5000,5058100
2009-10-01,62.6900,63.2200,60.8500,60.9600,1474200
2009-09-30,61.8600,62.9500,61.8200,62.6100,1591600
2009-09-29,60.8900,62.0500,59.9200,61.8800,1650000
2009-09-28,60.9400,61.0800,59.2500,61.0100,2643700
2009-09-25,60.4200,61.4500,60.0500,61.0700,1461100
2009-09-24,62.5000,62.7400,59.8000,60.8400,1758900
2009-09-23,63.6800,63.6800,62.2600,62.3500,906100
2009-09-22,63.2500,63.9400,62.8300,63.4300,898500
2009-09-21,62.0200,63.1200,60.5100,62.8100,2099300
2009-09-18,63.2500,63.7200,62.3800,62.5000,1448500
2009-09-17,64.4800,64.8600,62.7800,63.3000,2171900
2009-09-16,65.0000,65.3400,63.7300,64.2500,2062000
2009-09-15,64.4800,65.1800,62.9000,64.4200,2170300
2009-09-14,65.0000,65.0000,63.1200,63.9700,1734600
2009-09-11,66.9400,67.5000,65.2600,65.6200,1210900
2009-09-10,66.8200,67.1900,65.1500,66.6100,1912200
2009-09-09,67.6200,67.9500,66.4600,67.0300,1038200
2009-09-08,66.5100,68.4100,66.5100,67.6500,1484800
2009-09-04,66.0600,66.3700,64.9200,66.1900,1422600
2009-09-03,65.2800,65.9500,64.7500,65.6300,890100
2009-09-02,64.7500,65.9150,64.2900,65.0300,1434700
2009-09-01,66.4900,68.3400,65.0000,65.1700,1533700
2009-08-31,67.9400,68.2400,66.4100,67.0100,2045600
2009-08-28,69.0500,69.9000,67.8100,68.7500,2089400
2009-08-27,67.2400,69.2000,65.6700,68.5900,2432200
2009-08-26,66.1300,68.0400,66.1300,67.2100,1554100
2009-08-25,67.2800,68.6000,66.2400,66.8200,1605800
2009-08-24,66.0800,68.2900,65.8800,67.1900,1503300
2009-08-21,65.9600,66.5000,65.6200,66.3000,1214100
2009-08-20,65.2800,66.0000,65.0000,65.6400,1135100
2009-08-19,63.7100,65.2100,62.5300,65.1200,1676300
2009-08-18,63.2000,64.6500,63.2000,64.3000,1874100
2009-08-17,66.1000,66.1000,62.2900,62.9200,2354100
2009-08-14,66.3000,67.0300,65.8100,67.0300,2608700
2009-08-13,66.0900,67.0000,65.2000,66.0300,8542200
2009-08-12,65.7700,67.4250,65.6300,66.6700,2406900
2009-08-11,67.6300,68.0100,65.8500,66.0400,2894200
2009-08-10,71.6900,71.9500,70.5300,70.8400,715800
2009-08-07,72.9600,72.9600,71.0500,71.8700,1412500
2009-08-06,71.6700,72.9790,71.6300,72.4100,1072400
2009-08-05,72.0000,72.2900,69.8600,71.5500,736500
2009-08-04,71.0000,71.8800,69.8400,71.8200,1340600
2009-08-03,70.6800,72.0000,70.0000,71.8100,1248600
2009-07-31,69.0000,70.5000,68.5500,69.9700,959200
2009-07-30,68.3800,69.9650,68.3800,69.4400,1277700
2009-07-29,70.2200,70.2200,67.4100,67.6800,1097000
2009-07-28,70.2300,71.4100,69.0000,70.7800,1781200
2009-07-27,69.6500,70.9100,69.1100,70.5500,1867400
2009-07-24,67.0200,70.2400,67.0200,70.0600,1619200
2009-07-23,65.0300,69.2200,64.2500,67.5300,2670300
2009-07-22,64.8700,65.5200,62.9200,65.4400,1455400
2009-07-21,66.3100,67.0400,64.4700,65.7700,1024000
2009-07-20,65.4800,67.0900,65.0700,65.8600,1364300
2009-07-17,65.0000,65.7900,64.6400,64.9500,1554200
2009-07-16,63.4000,65.3700,63.4000,65.0500,1471000
2009-07-15,60.6800,63.9600,60.3300,63.5500,2186900
2009-07-14,58.7500,60.2800,58.7500,60.1200,1290000
2009-07-13,56.1500,59.2700,55.9300,59.1800,1979100
2009-07-10,55.4200,57.5500,55.1900,56.4900,1516100
2009-07-09,54.6400,56.4000,54.6400,55.8000,866800
2009-07-08,56.2800,56.2800,53.9950,54.4400,1805600
2009-07-07,58.6000,58.9800,55.8200,56.0800,1858800
2009-07-06,59.0000,59.4200,57.9500,58.9600,1079900
2009-07-02,60.8100,61.0200,59.3200,59.7000,1061900
2009-07-01,60.7500,62.1200,60.7500,61.5900,1478500
2009-06-30,61.4200,61.9800,59.6600,60.2500,1715400
2009-06-29,61.7500,62.2400,60.6000,61.8400,1339900
2009-06-26,60.6200,62.2100,59.2200,61.8400,1708400
2009-06-25,60.6200,61.3200,59.3100,61.0200,1447800
2009-06-24,59.6800,62.1900,59.5100,61.0600,1798300
2009-06-23,57.9300,59.3500,57.5800,59.1000,1366300
2009-06-22,59.6100,60.4200,57.9000,57.9300,1589400
2009-06-19,60.7400,62.3500,60.5900,60.8700,1436600
2009-06-18,60.0000,61.8900,59.2200,60.5800,1902900
2009-06-17,61.4000,61.4000,58.7000,59.7900,2633200
2009-06-16,63.8800,64.4300,61.7200,62.0400,1467500
2009-06-15,65.0400,65.5400,62.7300,63.7400,1538800
2009-06-12,66.2200,67.6800,65.4100,66.4000,1224900
2009-06-11,66.3900,67.0800,65.7500,66.6700,1274800
2009-06-10,65.5800,67.0000,65.3500,66.3000,1553500
2009-06-09,63.8800,66.0500,63.7500,65.4100,1517000
2009-06-08,63.7800,63.8700,61.8500,63.1600,1228600
2009-06-05,66.0300,66.3000,63.4900,64.2400,1521900
2009-06-04,64.2600,65.7500,62.5800,65.3900,1531800
2009-06-03,67.5800,67.5800,63.2100,64.1100,2133400
2009-06-02,65.8800,69.6700,65.5000,67.8900,2684100
2009-06-01,63.6800,66.4400,63.6800,65.5200,2385200
2009-05-29,61.7000,63.2800,61.5000,63.2700,1423600
2009-05-28,61.2800,62.0100,60.5180,61.2100,1630600
2009-05-27,61.8000,61.8400,60.5600,61.0700,2057800
2009-05-26,61.6200,62.3600,60.5500,61.7300,2027100
2009-05-22,60.0400,63.6400,59.9000,62.3600,2637200
2009-05-21,59.6200,60.0200,58.0800,59.3500,1883600
2009-05-20,59.0800,61.3900,58.8200,60.3900,3149900
2009-05-19,57.7300,59.1300,57.4000,58.7100,1553100
2009-05-18,56.0800,57.8600,55.6200,57.7300,1764100
2009-05-15,55.8700,57.2100,54.9700,55.6200,1471100
2009-05-14,55.4500,56.5050,54.4200,56.2600,1608600
2009-05-13,56.4000,56.9600,55.2200,55.3900,2416100
2009-05-12,55.0300,57.7340,54.6500,56.6900,2823200
2009-05-11,55.0000,55.3100,54.0000,54.5100,2084700
2009-05-08,52.0900,55.8400,52.0900,55.3600,2682700
2009-05-07,50.8500,52.6900,50.8500,51.7400,2199300
2009-05-06,49.6800,51.1800,49.6800,50.7100,1830800
2009-05-05,50.3900,50.9600,48.6100,49.4000,1925600
2009-05-04,49.0300,50.6900,49.0300,50.5600,2371000
2009-05-01,47.9900,49.2500,47.4700,48.8400,2244700
2009-04-30,47.6800,48.9000,47.2900,48.0100,3272200
2009-04-29,46.7500,47.8500,46.6200,47.4200,2419800
2009-04-28,46.4300,46.9300,45.8200,46.5800,2021200
2009-04-27,47.1500,47.1600,46.2000,46.7300,2471500
2009-04-24,47.4100,48.6200,46.9000,48.0800,3814500
2009-04-23,50.3000,50.5800,46.6600,47.4600,8782200
2009-04-22,53.2200,55.6100,53.2200,54.5000,2279400
2009-04-21,53.5500,54.5000,53.0800,53.8600,2285400
2009-04-20,56.3400,56.8700,53.7000,54.0700,1370900
2009-04-17,58.0800,58.3900,56.9400,57.3300,1178200
2009-04-16,56.0800,58.0700,55.4700,57.6300,1570400
2009-04-15,55.5100,57.2400,55.2600,55.9200,1662600
2009-04-14,57.0000,58.6100,55.4200,56.0100,1986600
2009-04-13,57.2900,58.0300,56.5200,57.2200,1717100
2009-04-09,57.7300,58.1300,55.9000,57.1200,1448900
2009-04-08,56.0300,56.7200,55.2900,55.8700,2167900
2009-04-07,56.4500,58.0200,55.4700,55.7900,1778100
2009-04-06,58.8200,59.2800,56.7400,58.1100,1962700
2009-04-03,58.4200,59.3400,58.1400,59.0200,1266300
2009-04-02,59.1100,59.9000,57.9300,58.2000,1542300
2009-04-01,56.0200,58.1000,55.0800,57.9400,1091500
2009-03-31,55.9500,57.5500,55.5600,56.6500,1460400
2009-03-30,56.8700,57.6700,54.2301,55.1000,2006900
2009-03-27,58.8200,59.9900,57.5000,59.1000,1315100
2009-03-26,59.0000,60.4300,58.8200,59.3300,1882900
2009-03-25,59.1100,60.2100,57.0700,58.6900,1405000
2009-03-24,57.9100,60.8000,57.5000,58.8500,1675600
2009-03-23,58.0000,59.9600,57.9300,58.9600,1572900
2009-03-20,57.5700,58.0000,56.0600,56.4600,1739600
2009-03-19,56.0800,57.9600,56.0100,57.3700,1842200
2009-03-18,54.9500,57.2000,54.9500,55.7900,1843300
2009-03-17,54.9100,56.4800,54.2900,55.8400,1565700
2009-03-16,52.3500,56.1500,52.0000,55.0500,2006700
2009-03-13,51.7500,52.4300,50.7900,52.2500,1328800
2009-03-12,49.5100,51.7200,49.5000,51.4900,1945900
2009-03-11,51.6800,52.0000,49.9100,50.2200,1754000
2009-03-10,49.7000,51.4400,49.2500,51.3400,1748500
2009-03-09,47.8400,49.8500,47.3000,48.0800,2077500
2009-03-06,46.6700,49.7050,46.5100,47.8800,2050000
2009-03-05,45.7200,48.2200,44.4000,46.7800,2759200
2009-03-04,44.9600,47.5100,44.8800,47.0100,2018600
2009-03-03,42.8800,44.8900,42.3400,44.4900,2261600
2009-03-02,46.4100,46.4100,42.4800,42.5800,1908200
2009-02-27,46.2200,48.3200,45.4200,46.8800,1734100
2009-02-26,48.4800,49.3900,46.3600,46.3800,1833500
2009-02-25,48.6400,49.5100,47.4900,48.1200,1669200
2009-02-24,47.2800,48.4800,46.4800,48.3600,1688400
2009-02-23,48.4800,48.4800,46.6700,47.1600,2210000
2009-02-20,46.7700,48.8800,46.3800,48.0300,2156500
2009-02-19,49.0600,50.1100,48.0000,48.1000,2155900
2009-02-18,48.0400,49.2400,47.4700,48.7900,1630100
2009-02-17,50.8000,50.8000,47.5000,48.0400,2539600
2009-02-13,50.9600,52.6800,50.8300,51.7700,1136400
2009-02-12,49.6500,51.1900,48.4400,50.9600,1675900
2009-02-11,49.9900,50.8400,48.1500,50.1300,2465400
2009-02-10,51.6500,53.7400,49.6100,49.9100,2196800
2009-02-09,49.8300,53.1900,49.6300,51.8700,2510800
2009-02-06,49.2500,51.9100,48.5300,49.9500,2830300
2009-02-05,42.1900,49.7300,42.0500,49.0700,5014400
2009-02-04,42.3700,43.0396,42.0000,42.5900,2237000
2009-02-03,42.0200,42.6500,41.3400,42.0300,1918900
2009-02-02,42.4200,43.4500,41.8500,42.2900,1749600
2009-01-30,45.8000,46.7300,42.7100,42.9400,1610300
2009-01-29,46.0200,46.2400,44.6300,45.5300,1633000
2009-01-28,46.9800,47.0200,45.4500,46.5300,1741700
2009-01-27,44.7500,46.0100,44.6900,45.4000,1581500
2009-01-26,46.6000,47.1389,44.8000,44.9500,2375600
2009-01-23,44.4200,46.4300,43.5800,46.2800,2249600
2009-01-22,44.0200,45.8700,42.9400,44.7900,2704700
2009-01-21,42.8800,44.8800,41.5400,44.5000,2838300
2009-01-20,42.9900,44.4700,41.8600,42.1000,1745500
2009-01-16,42.9700,45.1500,41.6300,43.8300,3032400
2009-01-15,41.5000,42.0400,39.2607,41.6100,2338500
2009-01-14,43.4000,43.4000,38.7500,41.6100,7175500
2009-01-13,48.1500,49.4269,47.4400,48.1700,1704500
2009-01-12,50.7500,50.7500,47.1500,48.3100,1935400
2009-01-09,51.6200,52.5800,49.7000,51.4200,1709200
2009-01-08,54.0000,54.0000,51.3000,51.7700,2147100
2009-01-07,55.9900,57.3900,53.5800,54.4900,2363700
2009-01-06,56.3600,56.6700,54.5300,55.7300,2407200
2009-01-05,53.0500,56.8500,52.9900,54.7400,2341100
2009-01-02,51.2300,53.2900,51.1000,53.1700,986800
2008-12-31,49.9500,52.8200,49.9500,51.7700,1549100
2008-12-30,49.9500,50.5700,49.0100,50.0800,1670800
2008-12-29,48.6000,50.0000,47.2200,49.6300,1463600
2008-12-26,46.0700,48.3400,45.9200,48.0700,619300
2008-12-24,46.0000,46.2500,44.7100,45.8400,544800
2008-12-23,45.2100,46.9000,44.8800,45.8700,1361300
2008-12-22,45.1100,46.0000,43.6200,44.2900,1453900
2008-12-19,46.9700,47.0000,44.2000,45.6900,1529800
2008-12-18,48.0800,49.9800,45.6635,46.2200,1961200
2008-12-17,47.1800,48.7300,46.3400,47.7500,1919500
2008-12-16,42.8800,48.0000,42.8800,47.6500,2855600
2008-12-15,42.2900,45.1800,41.4800,41.9300,2619500
2008-12-12,40.7500,42.7500,40.0400,42.3600,2208000
2008-12-11,43.6200,46.9400,42.1000,42.8000,2669400
2008-12-10,42.5200,44.8800,42.4300,44.5900,1781100
2008-12-09,42.0000,44.1000,40.6200,41.9000,2366500
2008-12-08,40.0000,41.4200,39.0700,41.3400,2424700
2008-12-05,35.9700,38.9100,32.8300,38.9100,4143500
2008-12-04,36.9500,39.3800,36.8900,37.2900,2331900
2008-12-03,37.7600,38.4800,36.6200,37.5100,2427700
2008-12-02,39.7000,39.7000,36.1300,37.9200,3151200
2008-12-01,41.0100,41.0100,37.0000,38.1900,2696100
2008-11-28,40.4800,42.5000,39.4800,42.4600,1274600
2008-11-26,37.4900,40.3800,36.0200,40.3000,3849000
2008-11-25,37.9900,39.9900,37.2800,37.7200,3324200
2008-11-24,36.0200,40.0000,35.6900,38.2900,2772100
2008-11-21,33.5700,35.5000,30.9000,35.5000,3054100
2008-11-20,35.4300,37.1000,32.0000,32.7600,4207300
2008-11-19,38.6700,40.9100,36.7800,36.9100,3074500
2008-11-18,39.1100,41.4400,37.7600,39.5200,3550300
2008-11-17,37.3300,41.1400,37.3300,38.9000,2024400
2008-11-14,40.9000,41.4600,37.9200,38.7000,2795900
2008-11-13,40.6900,40.8400,34.4300,40.6800,5335700
2008-11-12,41.9900,43.2800,39.4500,39.8300,3037400
2008-11-11,42.2800,44.0000,41.1500,43.5000,2387300
2008-11-10,47.4900,47.4900,42.4900,44.2200,2599500
2008-11-07,41.9900,44.2200,41.0200,44.2200,2274600
2008-11-06,42.3300,45.0400,40.7000,41.0000,3908600
2008-11-05,46.3700,46.4900,44.0000,44.1600,2915800
2008-11-04,44.9900,47.1500,44.6375,45.3100,3618100
2008-11-03,39.0500,41.9900,38.4000,41.7200,3523200
2008-10-31,36.7300,40.7500,34.8500,38.4100,4302500
2008-10-30,34.9900,37.9300,34.2100,35.8800,4173400
2008-10-29,30.9800,35.0000,30.5000,33.8100,5512500
2008-10-28,33.4900,34.0000,27.6000,29.9900,5895400
2008-10-27,34.5000,34.5000,31.0000,31.0000,3732800
2008-10-24,33.2200,36.3500,33.0100,34.6200,3838500
2008-10-23,37.0900,39.8000,34.2100,37.9900,7908600
2008-10-22,40.4600,40.4600,33.7100,35.2500,4739300
2008-10-21,44.4900,44.6400,40.5500,40.9700,2358800
2008-10-20,43.9200,47.7200,43.2000,44.5100,2452600
2008-10-17,37.8300,43.7300,35.5000,42.4600,5416700
2008-10-16,40.9300,41.1900,37.0000,38.3600,4310200
2008-10-15,44.3900,44.3900,38.8200,39.2500,3430000
2008-10-14,48.0800,48.8100,44.6100,45.6000,2904400
2008-10-13,42.7700,47.4000,42.1700,45.7900,2789900
2008-10-10,40.0100,43.0000,35.0100,39.2000,3781400
2008-10-09,43.7500,47.5800,39.8800,42.8700,2681000
2008-10-08,41.0000,47.3200,39.0100,43.2800,5071900
2008-10-07,48.9000,49.4100,42.0000,43.8200,3323400
2008-10-06,47.8700,48.3400,41.0000,46.8800,4469000
2008-10-03,51.0600,55.5900,49.2500,50.3100,3712800
2008-10-02,58.5000,59.0000,46.9700,50.1600,7691300
2008-10-01,64.0000,65.2500,62.3900,63.0000,2512700
2008-09-30,61.8500,64.7900,60.0000,63.1800,2715400
2008-09-29,69.5200,69.5200,58.8300,60.1000,4542600
2008-09-26,71.2700,72.6900,69.4500,69.8700,2284300
2008-09-25,73.9100,75.5000,73.2000,73.3800,1669000
2008-09-24,74.3500,75.8000,72.5100,74.3500,1632000
2008-09-23,72.3900,76.0000,71.4700,72.7100,2831200
2008-09-22,74.1500,74.5000,70.5800,72.9400,2380600
2008-09-19,72.8000,73.5000,69.6500,72.9500,4062000
2008-09-18,72.4600,73.1800,67.5600,69.7700,3516000
2008-09-17,72.0800,72.9900,70.3000,71.4900,3084600
2008-09-16,69.8000,72.8800,67.3400,72.2600,4348600
2008-09-15,73.0200,74.2100,70.8900,71.1800,1676900
2008-09-12,71.8100,76.3100,71.1800,75.8600,3844200
2008-09-11,72.0000,72.1100,70.0900,71.8400,4789100
2008-09-10,71.5100,75.1600,70.4400,73.0500,4435400
2008-09-09,79.8200,79.8200,70.1600,71.3900,5835500
2008-09-08,83.7500,84.9500,79.2500,79.9500,1810100
2008-09-05,80.0000,82.7500,78.6900,82.4900,3159600
2008-09-04,82.9700,85.3900,80.2200,80.3600,2764600
2008-09-03,83.8300,86.6500,82.9000,83.6900,2833100
2008-09-02,87.9600,88.9300,84.0000,85.0100,2104000
2008-08-29,90.3300,91.4900,89.2500,89.3600,1000600
2008-08-28,91.5600,92.0400,89.0500,90.6800,1508400
2008-08-27,91.1900,91.9800,90.5900,91.1600,899900
2008-08-26,90.3700,90.6000,89.4200,90.2100,1393000
2008-08-25,91.3700,91.3700,88.7200,89.3300,1137600
2008-08-22,91.6100,92.0900,90.0100,91.4300,1725600
2008-08-21,91.6800,93.0000,91.5100,92.2400,1630500
2008-08-20,93.0000,93.9700,91.6300,92.7000,1080400
2008-08-19,90.2500,92.9900,89.1500,92.1700,1660100
2008-08-18,90.9800,92.2700,88.6200,89.5800,2048100
2008-08-15,94.3800,94.3800,89.2400,90.2700,2506800
2008-08-14,96.0900,97.5400,94.1100,94.1700,1761900
2008-08-13,94.6300,98.7500,93.2100,97.7000,2246000
2008-08-12,91.2500,95.3600,91.0400,94.5100,2028700
2008-08-11,93.0000,93.0100,90.3900,90.8500,2490400
2008-08-08,92.4000,93.8600,91.0800,93.0800,1932400
2008-08-07,93.9000,93.9000,91.6900,93.1100,1564600
2008-08-06,91.9900,94.1100,90.0400,93.3800,2453300
2008-08-05,92.8800,93.4500,88.7500,91.5000,3931200
2008-08-04,97.6800,97.9200,92.7900,93.5300,2594400
2008-08-01,100.2500,100.2500,96.2400,98.1800,2333100
2008-07-31,102.8800,102.8800,98.0000,98.9200,1326900
2008-07-30,98.1000,102.4900,98.1000,101.9000,1797800
2008-07-29,100.0000,100.2600,95.8100,97.4000,1957900
2008-07-28,99.7200,101.5000,98.6400,99.5300,1586900
2008-07-25,99.7400,101.8700,96.4600,100.8100,2268700
2008-07-24,104.2600,106.6700,95.9100,97.0700,6594500
2008-07-23,99.0700,99.5900,97.0000,99.3200,2433900
2008-07-22,98.9900,99.9000,97.7700,99.0400,1465500
2008-07-21,99.1000,100.0500,94.5500,98.8700,2530900
2008-07-18,100.9400,101.5800,97.7900,98.7900,1360500
2008-07-17,100.9300,102.0000,98.6200,100.9100,1963700
2008-07-16,97.9000,100.1700,95.9300,100.1700,2077400
2008-07-15,97.0800,99.0000,95.5600,97.4500,1959500
2008-07-14,98.3800,98.4200,95.4900,96.9500,1425800
2008-07-11,99.2200,99.5200,95.0000,96.1200,2977100
2008-07-10,102.2000,102.4900,99.1000,100.5300,1707000
2008-07-09,101.1000,104.5000,100.5100,100.7500,2632500
2008-07-08,100.4200,101.2500,97.4000,100.6300,3294400
2008-07-07,97.7500,100.4100,97.5200,99.1200,3041600
2008-07-03,100.0100,100.9899,93.5500,97.1300,3140100
2008-07-02,103.2600,106.3700,100.0900,100.7000,2209900
2008-07-01,105.2900,106.0000,102.2900,105.0400,2382100
2008-06-30,107.9300,109.1900,106.3500,107.6900,2671300
2008-06-27,104.7500,107.2900,104.7300,105.5200,1695000
2008-06-26,108.7600,108.9500,105.0910,105.8100,2200900
2008-06-25,111.2500,111.7200,106.1200,107.5000,3238900
2008-06-24,112.3700,113.8700,108.5400,109.7300,5201000
2008-06-23,125.9900,127.6400,106.2700,110.7000,19111600
2008-06-20,121.5900,123.0000,119.4000,122.1700,1748100
2008-06-19,120.9600,122.3500,118.1400,121.0800,1972100
2008-06-18,122.6900,122.8100,118.0000,119.8600,1565300
2008-06-17,123.7500,124.0000,120.4200,122.7400,1632400
2008-06-16,117.8500,122.2300,117.3900,121.8100,2213500
2008-06-13,119.4500,120.4900,116.0000,117.8500,2393500
2008-06-12,122.2000,123.4300,114.6400,119.7700,3315700
2008-06-11,123.4600,123.9400,120.0700,122.4000,3268700
2008-06-10,121.3900,122.7900,120.2500,121.9300,1420300
2008-06-09,119.9500,123.9800,119.7700,122.1500,2056600
2008-06-06,122.4200,122.4200,117.9300,118.2700,1076900
2008-06-05,120.4100,122.4900,118.4500,122.4900,1654000
2008-06-04,123.4700,124.9700,118.7100,120.3900,1933500
2008-06-03,124.3200,124.8500,120.4100,121.5700,2145000
2008-06-02,119.5500,121.8300,118.8500,120.1500,1434300
2008-05-30,118.2600,120.5500,117.9800,119.3700,1287900
2008-05-29,117.5600,119.8000,117.5600,118.3500,2232700
2008-05-28,116.9700,118.4800,115.5600,117.9000,1874300
2008-05-27,116.4500,117.7300,114.5100,117.0700,994600
2008-05-23,117.9200,119.3000,115.8600,117.0200,1575400
2008-05-22,117.8100,120.3600,117.0000,117.9500,1113800
2008-05-21,123.3600,123.3600,117.8200,118.4400,1763600
2008-05-20,123.3900,123.4000,119.5310,122.3400,1510900
2008-05-19,124.3700,127.2500,121.2000,122.6300,2392500
2008-05-16,119.5500,124.9400,118.1000,124.4800,3109700
2008-05-15,116.1100,117.9600,115.2200,117.3300,1464100
2008-05-14,116.3300,119.4300,113.7500,115.3900,2753300
2008-05-13,120.0200,120.5000,113.8400,116.7300,3266200
2008-05-12,119.5600,122.2200,118.2700,121.1100,2139300
2008-05-09,118.4000,120.5000,117.8900,120.0700,1614600
2008-05-08,119.0800,119.0800,115.2200,118.7400,1407100
2008-05-07,115.7000,118.0000,114.6600,117.0500,2604000
2008-05-06,115.0000,117.8100,113.6700,115.2400,1686000
2008-05-05,111.9300,116.6200,111.7300,115.9100,2233200
2008-05-02,113.0000,113.0600,107.9000,111.3200,1904100
2008-05-01,113.9900,113.9900,106.5700,110.6100,2690200
2008-04-30,112.8900,116.2500,111.8100,114.0900,3013400
2008-04-29,117.3000,118.3100,111.9101,113.0000,2815400
2008-04-28,122.9800,122.9800,118.0701,118.7100,2286200
2008-04-25,120.0200,123.5800,117.2300,123.2800,2530300
2008-04-24,121.0000,123.4400,111.0500,120.5600,6201700
2008-04-23,119.1200,120.0000,117.1200,119.6900,3006600
2008-04-22,119.9900,119.9900,116.8200,118.1800,2527000
2008-04-21,117.8500,119.8500,115.3400,119.0000,2623300
2008-04-18,116.7500,119.3900,115.3300,117.1400,3089500
2008-04-17,118.2900,120.0000,114.8000,117.0000,3278200
2008-04-16,111.6000,122.7200,110.6300,120.3400,4882300
2008-04-15,110.1800,111.7700,107.4900,108.5800,1882300
2008-04-14,103.0000,109.9900,103.0000,109.4200,2599100
2008-04-11,103.9900,104.7500,102.4000,103.3700,1801000
2008-04-10,103.0700,104.9600,100.5000,104.9200,1897100
2008-04-09,104.4900,104.9400,100.2700,101.2500,3332300
2008-04-08,101.5000,104.7300,101.3600,103.1100,2202300
2008-04-07,97.3100,104.9700,96.6500,102.8700,4776100
2008-04-04,94.5600,96.8200,92.0000,96.3900,3714200
2008-04-03,87.0200,96.4000,86.8200,92.6100,4570500
2008-04-02,88.0000,89.5500,87.0600,87.9200,2614500
2008-04-01,88.7400,89.7600,86.3400,88.1800,3961100
2008-03-31,89.0000,90.4600,84.7900,86.8800,3617000
2008-03-28,94.4000,94.4000,88.1400,89.2900,2970900
2008-03-27,94.1500,96.0000,91.3400,93.1700,2902300
2008-03-26,97.9300,99.4500,94.6800,95.1500,2520100
2008-03-25,97.9800,99.0000,96.4800,97.0500,2725300
2008-03-24,90.6600,94.8400,90.4400,94.6600,2332800
2008-03-20,89.6800,92.0000,85.4400,89.9600,5471000
2008-03-19,97.1500,100.6600,91.3200,91.8400,5086300
2008-03-18,93.5000,96.1200,89.5100,95.4900,3663300
2008-03-17,90.7700,93.5800,88.0100,90.3000,4809900
2008-03-14,93.9100,95.7300,91.6800,94.1800,3955600
2008-03-13,91.2300,93.4900,86.6600,92.0000,7765900
2008-03-12,97.9400,98.7400,93.3900,94.9500,4095600
2008-03-11,99.5000,100.7400,96.8000,97.6300,3255500
2008-03-10,105.7500,106.2100,94.9100,96.0000,4028200
2008-03-07,107.5000,110.3900,105.4700,106.3000,2456400
2008-03-06,111.9800,113.0000,107.7800,108.2400,1586500
2008-03-05,110.2400,112.6500,108.3300,111.5700,1569800
2008-03-04,110.2900,114.9600,107.5900,109.2700,2764700
2008-03-03,107.0100,111.4400,102.3500,111.2500,5599600
2008-02-29,111.3100,112.6900,108.8000,110.8400,1414800
2008-02-28,110.0700,115.0000,109.5100,111.8300,1694900
2008-02-27,111.0900,111.4200,108.9601,110.1700,2137000
2008-02-26,111.8100,113.6000,110.9000,111.7600,1613600
2008-02-25,109.2000,112.6000,108.7400,112.3000,1790600
2008-02-22,112.7000,112.7000,107.2900,109.7900,1673900
2008-02-21,113.5000,115.9100,110.1000,111.6100,1484000
2008-02-20,110.7400,113.2299,109.1400,112.7300,1043800
2008-02-19,112.3000,113.9800,110.8100,112.4300,1480700
2008-02-15,109.5500,111.0000,107.5900,110.6800,1446400
2008-02-14,109.3500,112.5500,108.2600,108.9200,1757700
2008-02-13,113.9399,114.0000,104.7900,109.3500,3853600
2008-02-12,115.2300,118.6200,112.7300,113.5800,1817200
2008-02-11,110.5200,115.4200,109.9100,115.2700,2200900
2008-02-08,111.0600,113.4800,108.6500,109.2900,1690300
2008-02-07,114.9000,117.0000,108.1800,112.6600,4901200
2008-02-06,123.0000,125.3800,121.0500,123.5800,1504200
2008-02-05,121.0400,124.0000,120.0500,121.3400,1268000
2008-02-04,125.3200,125.9000,122.2000,122.6100,1065000
2008-02-01,118.2900,125.4100,118.2700,125.1900,1770700
2008-01-31,119.1100,120.5700,115.5000,117.0300,1756600
2008-01-30,116.2500,122.1700,113.0701,119.5400,1963000
2008-01-29,118.7200,119.2500,114.8700,115.1100,1021500
2008-01-28,113.1000,118.0200,112.9800,117.3200,1782500
2008-01-25,115.6400,117.8700,112.2000,112.8900,1717000
2008-01-24,110.0300,113.5700,108.5700,112.1600,1700500
2008-01-23,105.4200,106.8900,101.8800,105.2900,2618300
2008-01-22,99.2900,108.3600,98.2000,106.2100,2432400
2008-01-18,110.5100,112.7000,105.3200,109.1200,2290300
2008-01-17,117.0500,118.0000,110.0000,110.7800,3307400
2008-01-16,125.6300,126.5000,118.0300,118.7300,2689800
2008-01-15,133.4500,135.0000,126.5900,127.2100,1601800
2008-01-14,131.3600,134.2600,131.0000,133.0000,1635900
2008-01-11,125.3500,130.5000,125.3500,129.3500,1034700
2008-01-10,128.8800,128.8800,125.1800,127.1000,810500
2008-01-09,127.9800,131.5100,124.7601,128.5900,2868700
2008-01-08,127.7600,131.6400,126.1400,127.2200,1911100
2008-01-07,122.2600,126.9300,121.0000,125.9200,2059900
2008-01-04,123.4850,123.5000,120.4000,121.0000,1199000
2008-01-03,124.0500,125.4500,120.2200,124.2300,2423600
2008-01-02,117.5600,122.9800,115.2400,122.1000,2022200
2007-12-31,118.0600,118.7500,116.1800,116.4100,644000
2007-12-28,118.7400,119.9000,117.7500,119.0300,723800
2007-12-27,119.3700,119.9700,116.7400,117.3000,890700
2007-12-26,119.5200,119.5200,116.7300,119.1300,744900
2007-12-24,120.1000,120.1000,117.7400,118.1300,426800
2007-12-21,120.9200,120.9600,118.5900,118.7300,1164800
2007-12-20,118.6300,120.7300,116.8500,119.5000,1305800
2007-12-19,117.5800,117.5900,115.9500,117.0000,862600
2007-12-18,118.6200,120.2200,115.0100,117.0200,1405100
2007-12-17,114.4000,120.2100,114.4000,118.6800,1536800
2007-12-14,116.7100,116.7100,114.6200,115.5900,1069200
2007-12-13,117.3300,119.0000,115.4800,116.7700,897000
2007-12-12,122.9400,122.9400,117.3100,117.8000,1536800
2007-12-11,125.5300,125.5300,119.3700,119.3700,1329800
2007-12-10,124.0000,125.1400,121.3300,124.2300,918900
2007-12-07,123.5400,125.4100,121.8401,123.8400,1014700
2007-12-06,120.4300,123.6000,118.3200,123.0200,928300
2007-12-05,121.3600,121.7100,118.4501,120.2900,1033600
2007-12-04,119.5200,122.4700,118.1100,120.5000,2005200
2007-12-03,112.5000,119.8900,111.9000,118.9200,1971600
2007-11-30,114.7500,115.0000,110.2100,112.3400,1219800
2007-11-29,116.5000,117.1000,111.0900,113.4500,1565300
2007-11-28,110.0300,116.8600,109.3300,116.3000,1883600
2007-11-27,108.6700,109.2700,106.2700,109.2700,941400
2007-11-26,105.5300,109.5800,105.5000,107.8000,952400
2007-11-23,109.8800,110.7000,105.3500,106.0200,487800
2007-11-21,107.6500,110.0000,106.6100,108.6500,660700
2007-11-20,108.0000,109.4400,106.5000,108.9700,1209000
2007-11-19,108.8100,109.0300,105.0000,107.5000,1607000
2007-11-16,107.8200,110.1500,106.3800,110.0200,840100
2007-11-15,107.5200,107.9800,105.0500,106.9400,816100
2007-11-14,111.1400,111.9800,107.7400,107.9000,1100400
2007-11-13,106.0000,110.5600,104.8200,110.0300,1592300
2007-11-12,109.1900,111.0000,102.2500,103.1500,1437200
2007-11-09,109.7900,111.9400,107.6000,109.8600,1440700
2007-11-08,106.1800,110.3800,106.0000,110.0600,1821900
2007-11-07,107.4700,109.0800,105.7000,106.6500,1650300
2007-11-06,103.1500,107.9700,103.1500,107.9700,2114400
2007-11-05,103.4500,104.0300,102.1000,103.0200,1456700
2007-11-02,103.2500,103.9900,100.6400,103.6600,3738000
2007-11-01,111.3100,111.3100,102.2000,103.1100,4165500
2007-10-31,114.0900,115.2300,112.5000,115.1900,880600
2007-10-30,115.1500,119.0000,112.9400,114.0900,778600
2007-10-29,115.6200,115.8500,114.2400,115.1500,883900
2007-10-26,115.3600,116.3999,113.9500,114.9000,1256800
2007-10-25,120.6000,122.0000,112.0300,116.7500,4146400
2007-10-24,109.1600,112.1900,107.9100,112.0500,1214100
2007-10-23,105.5900,109.4600,105.2100,109.1700,894400
2007-10-22,105.9200,105.9200,102.3700,104.6400,1025300
2007-10-19,107.5600,107.7600,105.7100,106.0100,666200
2007-10-18,106.4100,108.3900,104.7400,107.3700,818000
2007-10-17,108.2900,109.5300,105.1400,106.5900,1017400
2007-10-16,102.9500,108.3400,102.5900,107.7000,1202300
2007-10-15,103.9000,103.9000,102.5901,103.5000,569600
2007-10-12,104.5500,106.5000,103.6400,103.8200,683400
2007-10-11,108.0000,108.2400,103.0400,104.0800,1171100
2007-10-10,104.5000,109.1800,104.1600,107.1700,1013600
2007-10-09,104.0000,106.5500,102.4510,105.4400,1029800
2007-10-08,102.3500,103.7500,102.2000,103.3100,818400
2007-10-05,103.5000,104.6100,101.8500,102.1900,783000
2007-10-04,102.8000,103.5500,101.6700,102.4400,1449000
2007-10-03,105.1000,105.8300,102.5700,102.8000,1393900
2007-10-02,109.0800,110.4200,102.9600,105.1000,2065300
2007-10-01,108.0000,108.9300,106.7500,108.3500,1021000
2007-09-28,104.7500,107.7600,104.7500,107.4500,1672000
2007-09-27,103.2700,105.5900,103.2700,105.3800,994900
2007-09-26,104.0000,105.8200,102.0500,103.0700,961000
2007-09-25,100.8900,103.3300,100.2400,103.0800,802600
2007-09-24,103.3000,104.1400,100.6000,101.5900,1099800
2007-09-21,100.0000,104.6500,99.5300,102.5200,1846500
2007-09-20,100.0000,100.4500,98.5000,99.1800,772400
2007-09-19,100.9900,101.1000,99.7900,100.0800,1018500
2007-09-18,97.4200,100.5000,95.9801,99.7500,1542300
2007-09-17,97.2000,97.6800,95.7200,96.6000,366000
2007-09-14,97.0400,97.2600,95.5600,97.0500,485700
2007-09-13,98.0500,98.4300,96.6700,97.2100,904000
2007-09-12,96.3300,98.1500,95.7200,98.0100,956300
2007-09-11,95.0700,98.9000,95.0700,96.9600,1717800
2007-09-10,91.8300,96.7000,91.3700,95.0700,1456900
2007-09-07,92.8700,92.9500,90.8800,91.7400,784100
2007-09-06,92.3700,94.0000,92.3700,92.8800,715700
2007-09-05,92.4900,93.1700,91.9100,92.4700,709500
2007-09-04,91.9100,94.1300,91.9100,93.5900,1382500
2007-08-31,91.3400,91.7500,90.7000,91.4400,950500
2007-08-30,86.5000,90.6000,86.4700,89.8800,761300
2007-08-29,86.8300,87.4200,86.3100,87.3200,335300
2007-08-28,88.1400,88.3000,85.9900,86.5200,619100
2007-08-27,87.3500,89.2300,86.8300,88.3500,468600
2007-08-24,86.7500,88.4500,86.3300,88.3400,623200
2007-08-23,87.6000,87.9000,86.2800,86.6700,714600
2007-08-22,87.5200,87.8700,86.7900,87.6800,864000
2007-08-21,84.3000,86.8100,84.0100,86.2400,1217300
2007-08-20,80.7300,86.0200,80.7300,84.2000,623800
2007-08-17,82.9000,84.7300,82.2900,83.1300,1174500
2007-08-16,83.5200,84.6300,80.7300,81.0000,1723700
2007-08-15,84.7500,87.3300,84.5500,84.8000,1110000
2007-08-14,86.7900,88.5100,85.2300,85.2300,810400
2007-08-13,89.0100,89.6800,86.5300,86.7900,931100
2007-08-10,89.8200,89.8200,86.7860,87.8800,1587400
2007-08-09,90.8600,91.5000,84.0000,89.8700,2030300
2007-08-08,93.3600,93.5400,91.0700,91.4600,1367100
2007-08-07,92.7300,93.7400,91.8000,91.9400,1588500
2007-08-06,92.0600,92.9100,90.9500,92.7200,1532400
2007-08-03,94.2800,94.6200,92.0000,92.1700,1239300
2007-08-02,90.6500,95.1200,90.4100,94.2300,1895300
2007-08-01,91.3500,92.1000,89.5500,90.4600,1883300
2007-07-31,91.0800,93.6300,90.2700,90.6100,1777600
2007-07-30,88.4200,91.2600,88.3000,90.2400,1841200
2007-07-27,88.9000,90.4600,86.8500,88.3200,2307600
2007-07-26,87.5500,94.6300,86.3500,88.9900,6140600
2007-07-25,85.8500,86.3500,84.7100,85.0800,1290100
2007-07-24,85.3700,86.6200,85.0800,86.0000,998900
2007-07-23,86.2000,86.4400,84.6400,86.1500,868500
2007-07-20,86.6400,86.9100,84.9500,85.7400,1157200
2007-07-19,84.1300,86.8000,84.1300,86.6400,947700
2007-07-18,84.4400,84.8500,83.0600,84.1900,831400
2007-07-17,84.9000,86.4200,84.3000,84.3600,949900
2007-07-16,84.7500,85.1500,84.1500,84.9600,758200
2007-07-13,84.5000,84.9800,83.6800,84.7000,1055700
2007-07-12,84.1000,84.8000,83.9900,84.5000,714100
2007-07-11,83.6400,84.9000,83.5000,84.1000,888600
2007-07-10,86.2300,86.3600,83.8500,84.0000,1419000
2007-07-09,87.1700,88.0600,85.8500,86.4100,1010900
2007-07-06,85.8500,88.2800,85.6100,87.1700,1243700
2007-07-05,87.3000,87.7100,84.5000,84.9100,1077800
2007-07-03,86.5000,87.3300,85.5000,87.3000,515200
2007-07-02,84.5000,86.6400,84.5000,86.5500,1532200
2007-06-29,82.3600,84.7500,81.8200,84.5000,1579800
2007-06-28,80.5000,82.5000,80.3100,82.1100,1160400
2007-06-27,79.3100,80.2500,78.6100,80.1100,958300
2007-06-26,80.0500,81.3000,79.6000,80.4200,1099100
2007-06-25,81.5100,81.5100,79.4200,79.8700,1070200
2007-06-22,81.0000,83.7100,79.8200,81.5200,6571100
2007-06-21,81.3500,81.6500,79.7100,81.4200,669500
2007-06-20,81.5200,82.6000,80.9800,81.2800,643000
2007-06-19,81.3000,81.6200,80.6956,81.4100,870100
2007-06-18,81.7600,82.5900,81.3900,81.8900,1037700
2007-06-15,81.5000,82.0400,80.9000,81.4600,731100
2007-06-14,80.2299,82.2500,79.9600,80.9400,1438300
2007-06-13,77.8000,79.7300,77.7300,79.6300,1467100
2007-06-12,76.8700,77.7400,76.4700,77.1100,1433800
2007-06-11,74.8500,77.2700,74.8500,76.8700,979100
2007-06-08,73.7600,75.2200,73.0000,75.0300,645100
2007-06-07,74.7500,75.5800,73.6600,73.7800,811500
2007-06-06,76.5500,76.5500,74.8600,75.1600,1106800
2007-06-05,77.8600,77.8600,76.4900,76.9100,830600
2007-06-04,78.5000,78.6070,76.4800,76.8500,980400
2007-06-01,78.2400,78.8800,77.3801,78.5900,1063900
2007-05-31,78.2000,78.5700,77.3200,78.1200,851100
2007-05-30,77.6700,78.7700,76.4200,78.2900,1158500
2007-05-29,78.1800,78.1800,77.0000,77.6600,662500
2007-05-25,78.9500,79.0600,78.0400,78.1300,603000
2007-05-24,79.5500,80.2800,78.2300,78.5500,1022800
2007-05-23,79.5500,81.0000,79.5300,79.7200,850700
2007-05-22,79.7200,80.6800,79.0200,79.5700,1404800
2007-05-21,79.7200,79.7200,78.6600,79.1700,1665900
2007-05-18,76.7100,79.7200,76.4400,79.7200,2273000
2007-05-17,74.8700,75.9600,74.8100,75.7000,1265600
2007-05-16,72.5500,75.0100,72.3800,74.8600,1840400
2007-05-15,71.4800,73.3500,70.9700,72.2300,1267200
2007-05-14,73.4500,73.5400,71.6000,71.8100,1085700
2007-05-11,72.2500,73.3800,72.1000,73.2500,972700
2007-05-10,74.5900,75.0400,71.8800,72.2400,1718000
2007-05-09,74.9100,75.0300,74.2200,74.6300,960400
2007-05-08,75.7600,76.0000,74.8000,74.9500,750000
2007-05-07,75.7600,76.8100,75.3500,75.6000,501900
2007-05-04,76.3000,76.5000,75.3200,76.3600,521400
2007-05-03,76.1800,76.4300,75.5600,76.2600,399400
2007-05-02,75.5300,76.7400,75.1700,76.2300,848900
2007-05-01,75.4800,75.5600,74.4000,75.3400,1101200
2007-04-30,77.0900,77.4300,75.7600,75.7600,869900
2007-04-27,77.7400,77.9100,76.6000,77.0900,972700
2007-04-26,78.3330,78.5400,74.7500,77.7900,3527400
2007-04-25,78.6000,79.5400,78.0000,78.7000,1156400
2007-04-24,78.9200,78.9900,78.2500,78.5400,858900
2007-04-23,77.5500,79.4300,76.8600,78.9200,951800
2007-04-20,77.5400,79.2300,77.0200,77.5500,1192100
2007-04-19,74.9400,76.9000,74.5500,76.7400,1127300
2007-04-18,75.2500,75.9600,75.0000,75.7800,930800
2007-04-17,74.7700,75.7600,74.0000,75.5000,1924400
2007-04-16,76.3399,76.5800,73.8900,74.7700,2247400
2007-04-13,76.4000,76.7900,75.3500,76.1000,896200
2007-04-12,76.9500,77.1500,76.3000,76.5600,760800
2007-04-11,76.9000,77.3300,76.6200,77.0000,1030200
2007-04-10,77.0000,77.2900,76.4500,76.9000,824300
2007-04-09,77.2700,77.4600,76.5100,76.8100,951900
2007-04-05,79.1100,79.1500,76.5600,77.0900,1976100
2007-04-04,80.9000,81.3500,78.4700,78.8100,1992500
2007-04-03,77.6400,82.5200,76.3900,81.4000,6319400
2007-04-02,82.3000,83.8600,82.1000,83.6900,914300
2007-03-30,82.9500,83.7500,81.5100,82.2200,1069900
2007-03-29,82.0000,82.9900,81.2800,82.2400,623200
2007-03-28,80.7800,81.8000,80.5200,81.6100,554500
2007-03-27,81.5100,81.6800,80.0700,80.2800,562800
2007-03-26,79.8800,81.7500,79.7500,81.7500,1064000
2007-03-23,79.1000,79.9700,79.0900,79.8900,510500
2007-03-22,79.8100,80.8000,79.2800,79.3500,443500
2007-03-21,78.0000,80.6900,77.5200,79.6100,1357200
2007-03-20,75.7000,77.9000,75.5800,77.8000,813800
2007-03-19,75.8800,76.5000,75.1000,75.7500,758000
2007-03-16,76.7500,77.3200,75.8800,75.8800,931700
2007-03-15,75.5500,76.9900,75.5000,76.7500,637000
2007-03-14,75.6000,76.2200,73.7100,75.7100,1324800
2007-03-13,78.5500,79.0600,75.5700,75.6900,706200
2007-03-12,78.3500,79.0000,77.6400,78.5500,991600
2007-03-09,78.0000,78.8300,77.6500,78.3400,442500
2007-03-08,76.9500,78.1300,76.8500,77.8400,777700
2007-03-07,76.5000,78.0400,75.9300,76.3000,990600
2007-03-06,75.8500,77.0200,75.6730,76.7300,943600
2007-03-05,74.9300,76.2800,74.5100,75.0200,966200
2007-03-02,79.2999,79.6000,76.8100,76.9700,1288900
2007-03-01,78.0000,80.6900,77.1000,80.5200,1340600
2007-02-28,78.8700,79.7100,78.1000,79.2700,1132900
2007-02-27,82.3500,83.6100,76.5000,78.9600,2170700
2007-02-26,84.5000,85.4900,83.5700,84.2400,627700
2007-02-23,84.9900,85.0000,84.0100,84.3000,584700
2007-02-22,85.4600,85.6800,84.2500,85.2600,1477400
2007-02-21,83.1200,85.5600,82.9400,85.1800,1675500
2007-02-20,81.2750,83.8000,80.8400,83.5200,1850300
2007-02-16,80.5000,80.8500,80.1700,80.5600,554900
2007-02-15,79.9000,81.1000,79.8400,80.4500,1085900
2007-02-14,80.1500,80.5500,79.8600,79.9200,887800
2007-02-13,79.7100,80.0500,79.4200,79.7500,884600
2007-02-12,80.0200,80.1300,78.9500,79.7000,884000
2007-02-09,81.2500,81.4900,79.5500,80.0100,1296700
2007-02-08,79.5000,80.5000,78.2400,79.7500,2518700
2007-02-07,78.0000,78.8200,77.6000,78.2900,1365100
2007-02-06,78.3500,78.4600,77.8900,78.2500,1115500
2007-02-05,79.2000,79.2500,78.0600,78.5100,1247600
2007-02-02,78.5000,78.5000,77.2500,78.2000,1285300
2007-02-01,78.3500,79.8500,76.9400,79.6500,1758900
2007-01-31,76.7600,77.2000,76.6300,76.9500,828300
2007-01-30,76.5000,76.5110,75.7600,76.2800,608600
2007-01-29,76.0000,77.3000,75.9900,76.6200,785200
2007-01-26,75.6600,76.2500,75.6600,75.9100,764600
2007-01-25,75.5200,76.4500,75.1800,75.6200,863800
2007-01-24,75.8500,75.8700,75.2500,75.5200,916100
2007-01-23,75.1500,77.3800,74.9500,76.3800,1335000
2007-01-22,75.0000,75.5000,74.6500,75.2500,666800
2007-01-19,74.5000,75.1700,74.1308,75.0500,786100
2007-01-18,74.6800,74.6800,74.0000,74.6000,573300
2007-01-17,75.8500,75.9700,74.1600,74.7000,1109400
2007-01-16,71.0500,76.0000,71.0000,75.8700,1960800
2007-01-12,71.0000,71.6800,70.5500,71.1300,834000
2007-01-11,70.8200,71.4800,70.6800,71.1700,629100
2007-01-10,70.8500,71.0800,70.1600,70.7500,501700
2007-01-09,71.3500,72.4100,70.9401,71.2800,649600
2007-01-08,71.0000,72.3100,70.2400,71.3500,704100
2007-01-05,71.0900,71.0900,69.9100,70.1300,821400
2007-01-04,71.5000,72.4700,70.9500,71.2100,1149900
2007-01-03,72.5100,72.5100,71.1600,71.6000,656600
2006-12-29,73.0100,73.3300,72.4200,72.5100,620300
2006-12-28,72.2000,73.5400,72.2000,73.1200,820100
2006-12-27,71.2000,72.6000,71.2000,72.2000,696600
2006-12-26,70.6100,71.1000,70.2100,71.0400,482800
2006-12-22,70.1800,71.1000,69.6800,70.6100,431900
2006-12-21,70.3900,71.3000,70.0600,70.1800,462700
2006-12-20,70.6500,70.9000,70.0500,70.2700,733600
2006-12-19,70.5500,70.7100,69.8700,70.5000,637600
2006-12-18,72.8500,72.8900,70.5200,71.0200,1036400
2006-12-15,73.4200,73.4600,72.3500,72.8500,660500
2006-12-14,72.4800,73.2200,71.8800,73.1700,812800
2006-12-13,72.8000,72.9300,71.9000,72.0000,817200
2006-12-12,73.0000,73.1500,71.8800,72.4400,1561900
2006-12-11,72.7500,73.2500,72.2100,73.1200,839100
2006-12-08,72.1500,72.6600,72.0700,72.6000,469800
2006-12-07,72.0200,72.3600,71.7200,72.0000,1363300
2006-12-06,70.8300,72.2000,70.6200,72.0100,1727500
2006-12-05,70.6000,71.7000,70.6000,71.4300,841600
2006-12-04,69.9500,71.5800,69.9100,70.9000,971300
2006-12-01,70.6500,70.9000,69.8400,69.9800,628000
2006-11-30,69.9500,70.8900,69.7900,70.5000,1060600
2006-11-29,68.2500,69.7800,68.1800,69.7800,961400
2006-11-28,67.8500,67.9900,67.1300,67.7100,972500
2006-11-27,69.4200,69.4200,67.6300,68.1000,1296300
2006-11-24,69.4800,69.9500,69.2400,69.5400,379600
2006-11-22,68.0000,69.6500,68.0000,69.0300,1506100
2006-11-21,66.2000,68.5000,66.1600,68.5000,2157000
2006-11-20,65.5000,66.2100,65.2902,66.1200,535100
2006-11-17,66.1800,66.3700,65.7900,66.0300,964300
2006-11-16,66.2000,66.6100,64.8400,66.1800,1332800
2006-11-15,65.8600,66.0000,65.3500,65.9300,3432600
2006-11-14,67.2900,67.3000,65.6700,65.8600,2513400
2006-11-13,67.5000,67.5900,66.6100,67.3400,380600
2006-11-10,68.0800,68.3800,66.8600,67.6100,855000
2006-11-09,67.0000,69.7000,67.0000,68.1600,1947800
2006-11-08,65.0000,66.5700,64.7800,65.9300,1050300
2006-11-07,64.8000,65.6200,64.7500,65.1400,1013400
2006-11-06,64.7400,64.8100,64.3700,64.7500,941200
2006-11-03,64.2900,64.8900,64.2400,64.5800,715400
2006-11-02,64.6600,64.8500,64.1000,64.2300,522500
2006-11-01,64.1200,65.8500,64.1200,64.5700,1631500
2006-10-31,62.0200,64.2400,61.8000,64.1100,2760100
2006-10-30,60.8000,62.4400,60.7500,62.2700,1644800
2006-10-27,61.8500,62.2000,61.5000,61.6000,1220500
2006-10-26,59.0000,63.2900,59.0000,62.6900,3420800
2006-10-25,58.0600,58.8600,57.7400,58.8600,1533400
2006-10-24,57.8500,58.6800,57.8000,58.3700,1518300
2006-10-23,59.0900,59.2200,57.3100,57.8500,1972700
2006-10-20,59.7700,59.8900,59.3800,59.8700,435900
2006-10-19,60.0000,60.0000,59.3400,59.9200,529300
2006-10-18,59.9900,60.0000,59.1100,59.5000,1526700
2006-10-17,60.1100,60.3900,59.8200,60.1000,910700
2006-10-16,60.0000,60.3600,59.7000,60.3600,707100
2006-10-13,59.4000,60.2500,59.1600,60.0000,1106000
2006-10-12,58.3600,59.4000,58.1900,59.4000,816100
2006-10-11,58.0000,58.6200,57.3200,58.3600,613800
2006-10-10,58.7500,58.7700,57.7800,58.1800,1074400
2006-10-09,58.2500,58.8400,58.1000,58.7300,370000
2006-10-06,58.3200,58.6100,57.9800,58.1900,462300
2006-10-05,57.9000,58.3900,57.8500,58.3300,314000
2006-10-04,57.9100,57.9800,57.4000,57.8700,893100
2006-10-03,58.1500,58.6000,57.6200,58.2600,547700
2006-10-02,57.5600,58.3000,57.5300,58.1300,446600
2006-09-29,56.9000,58.1500,56.9000,57.9500,699000
2006-09-28,57.3600,57.5500,56.7100,57.1300,598400
2006-09-27,57.5200,57.9700,57.2000,57.3500,656900
2006-09-26,57.7500,57.8100,57.3400,57.4800,389500
2006-09-25,56.4800,57.0000,56.3800,56.8200,597200
2006-09-22,57.9900,58.0000,56.8900,57.1500,698000
2006-09-21,58.5500,58.6000,57.6800,57.9200,529200
2006-09-20,58.2400,59.2700,58.1300,58.6500,1094300
2006-09-19,57.6500,58.1800,57.4700,58.0700,573000
2006-09-18,57.5800,58.2500,57.3400,57.5200,745000
2006-09-15,56.2200,57.5000,56.2100,57.5000,1096000
2006-09-14,55.2500,56.1000,55.2500,56.0500,843900
2006-09-13,55.4600,55.8600,55.3700,55.5800,595800
2006-09-12,54.9600,55.3600,54.6000,55.3000,744800
2006-09-11,55.5400,55.8800,54.9600,54.9700,695300
2006-09-08,55.3700,55.6000,55.0600,55.4400,491300
2006-09-07,54.8100,55.3900,54.7900,55.3200,609800
2006-09-06,55.7600,55.7600,54.1200,54.7000,839600
2006-09-05,56.1300,56.1499,55.3000,55.7600,403400
2006-09-01,56.0000,56.2700,55.7700,55.8600,507000
2006-08-31,55.5400,56.3900,55.4100,56.3400,1029000
2006-08-30,55.2000,55.6000,55.0000,55.4200,468000
2006-08-29,53.5500,55.2800,53.5400,55.2700,948600
2006-08-28,52.4500,53.3400,52.3100,53.3200,427700
2006-08-25,52.4600,53.0000,52.3000,52.4000,405300
2006-08-24,52.5000,52.7800,52.2000,52.4500,961900
2006-08-23,54.4200,54.4200,52.4800,52.4900,1010900
2006-08-22,54.3800,54.7100,53.9400,54.3500,431900
2006-08-21,54.7600,55.6500,54.3800,55.2500,469000
2006-08-18,54.4900,54.8900,53.9600,54.7500,443100
2006-08-17,55.1800,55.1800,54.2900,54.5100,385300
2006-08-16,54.0800,55.1800,54.0800,55.1800,558400
2006-08-15,53.5000,54.3600,53.5000,54.1000,285900
2006-08-14,54.0300,54.1900,53.5100,53.5800,231500
2006-08-11,53.6000,54.0300,53.1500,53.8900,567500
2006-08-10,53.6000,53.6200,52.9800,53.2500,518100
2006-08-09,54.3000,54.5200,53.7200,53.7400,474800
2006-08-08,54.8600,55.4000,54.1800,54.3000,512200
2006-08-07,54.4500,54.6100,54.0900,54.3800,475300
2006-08-04,54.4400,54.8800,53.6500,54.6800,472600
2006-08-03,54.1000,54.5400,53.3800,54.3900,472700
2006-08-02,53.9300,54.9500,53.7500,53.8100,646900
2006-08-01,54.5800,54.9900,53.4600,53.9400,758600
2006-07-31,55.2500,55.4400,54.4900,54.5800,979100
2006-07-28,54.4800,55.0100,53.7900,54.8800,789700
2006-07-27,53.5400,55.7800,53.0000,54.4900,2239100
2006-07-26,51.9900,52.4200,51.4800,51.5400,1424900
2006-07-25,50.4100,51.9900,50.1800,51.6900,970100
2006-07-24,49.9900,50.9300,49.7500,50.4100,982900
2006-07-21,50.9500,50.9500,49.7800,49.9900,1238200
2006-07-20,51.6500,51.7000,50.6700,50.8300,898500
2006-07-19,52.2000,53.7300,51.9500,52.0200,1357200
2006-07-18,51.7700,52.3700,51.5500,52.1000,590600
2006-07-17,51.6800,52.0500,51.4800,51.7600,396800
2006-07-14,52.0000,52.5000,51.7400,51.8000,1198400
2006-07-13,52.1000,52.7500,51.5300,51.9100,990800
2006-07-12,51.5100,52.3700,51.4200,52.1000,803100
2006-07-11,51.1800,51.8800,50.7100,51.7000,579700
2006-07-10,51.0300,52.0700,50.8900,51.2900,397900
2006-07-07,51.3000,51.3000,50.1500,51.0000,747000
2006-07-06,51.1400,51.8800,50.8600,51.4800,716200
2006-07-05,50.5100,51.1700,50.1400,50.9800,850600
2006-07-03,50.2500,51.0500,49.9000,50.5100,490400
2006-06-30,49.5500,50.9700,49.5500,50.2500,1192200
2006-06-29,48.2300,49.6400,48.0400,49.4200,1131500
2006-06-28,48.3800,48.3800,47.8500,48.2300,727400
2006-06-27,49.0600,49.1300,48.0100,48.3800,1110400
2006-06-26,49.9000,49.9500,47.2500,49.0000,4094200
2006-06-23,52.0000,53.9000,51.6600,52.4400,683200
2006-06-22,53.0600,53.4300,51.8400,52.2300,1131800
2006-06-21,53.1400,53.4400,52.9000,53.0600,888600
2006-06-20,53.1300,53.8301,52.8800,53.1400,457800
2006-06-19,53.4500,53.6000,52.8100,53.2900,971100
2006-06-16,52.6000,53.8500,52.5600,53.4000,1263000
2006-06-15,54.2400,54.3400,51.6200,52.8200,2142700
2006-06-14,52.7000,54.1400,52.7000,53.4600,534600
2006-06-13,54.3200,54.9800,51.9500,52.5900,1306900
2006-06-12,56.0300,56.7900,54.8400,55.1100,1253500
2006-06-09,55.7700,57.2700,55.0000,56.2500,1643500
2006-06-08,56.0700,56.1200,52.6100,53.7600,1735400
2006-06-07,56.0000,56.6600,55.0300,56.3200,847000
2006-06-06,56.3000,56.9000,55.3700,56.1800,749500
2006-06-05,56.4000,57.3500,55.7500,56.0700,738600
2006-06-02,56.5800,57.0000,56.0000,56.4000,561500
2006-06-01,56.6300,56.7200,55.5800,56.5700,611800
2006-05-31,56.7500,57.2700,56.0600,56.6000,696600
2006-05-30,57.2900,57.7400,56.6500,56.9000,1677700
2006-05-26,57.8600,57.9400,57.3000,57.5100,837400
2006-05-25,58.2200,58.4600,56.6300,57.8600,729500
2006-05-24,55.6900,59.9400,55.6400,58.2200,2610200
2006-05-23,56.5500,57.3000,55.4900,55.5300,933600
2006-05-22,55.9300,56.6500,54.6300,56.3900,1010500
2006-05-19,56.7500,56.7500,55.6600,56.4300,1190700
2006-05-18,57.4500,57.9900,56.3400,56.6800,1097700
2006-05-17,58.3400,58.3500,56.4800,57.4800,1051400
2006-05-16,58.8100,58.9900,57.9100,58.3800,841400
2006-05-15,58.6900,58.7000,57.4100,58.7000,986200
2006-05-12,60.0100,60.0200,57.9196,58.6900,2043600
2006-05-11,61.3700,61.9600,59.8800,60.2800,1537600
2006-05-10,60.9400,62.1900,60.8000,61.1600,1818600
2006-05-09,59.4000,60.9100,58.8700,60.6700,2506000
2006-05-08,57.5500,59.1200,57.5200,59.0200,1446500
2006-05-05,57.4000,58.2400,56.8500,57.1400,1162300
2006-05-04,56.5000,58.1600,56.2500,57.0200,2168500
2006-05-03,59.1000,59.5400,58.1600,58.5500,1269500
2006-05-02,56.7500,59.7500,56.5000,59.1500,2443100
2006-05-01,53.1800,57.6300,53.1800,56.7500,2644600
2006-04-28,54.4000,54.6000,52.9800,53.3500,1935800
2006-04-27,53.6000,55.7700,53.0000,54.7600,4308800
2006-04-26,58.0000,58.4800,57.7500,58.0000,973800
2006-04-25,58.8100,58.8500,57.9200,58.0200,1529300
2006-04-24,57.9100,59.3400,57.8900,59.1900,2154600
2006-04-21,54.9000,57.7500,54.8400,57.6600,2130100
2006-04-20,55.5700,55.6300,54.8100,55.1500,537900
2006-04-19,55.7500,55.8000,55.1000,55.3700,526900
2006-04-18,55.1200,55.6400,55.0400,55.5000,474700
2006-04-17,54.7000,55.3000,54.3700,54.9000,417000
2006-04-13,55.3900,55.6800,54.0600,54.7100,1404900
2006-04-12,55.8000,55.9700,55.3300,55.8700,373900
2006-04-11,55.9300,56.4800,55.6600,55.8100,454300
2006-04-10,56.0000,56.4900,55.6500,55.6800,861300
2006-04-07,55.7500,56.0200,55.1400,55.9500,720000
2006-04-06,56.9900,57.0000,55.6400,55.7500,531700
2006-04-05,55.7200,56.1900,55.5600,56.0500,613600
2006-04-04,55.8300,55.8400,54.6500,55.2600,839900
2006-04-03,55.7100,56.5600,55.6000,55.9300,1048300
2006-03-31,55.0800,55.8900,55.0000,55.7100,1206300
2006-03-30,54.8200,55.6800,54.3300,55.0900,1586700
2006-03-29,52.5700,54.9300,52.2200,54.6500,2597100
2006-03-28,50.0200,52.4500,50.0000,51.0000,1762900
2006-03-27,50.0000,50.5200,49.8600,50.0200,986000
2006-03-24,51.0100,51.5000,50.1600,50.3700,1251100
2006-03-23,52.9300,53.1500,51.2300,51.2300,1150700
2006-03-22,53.3000,53.8900,52.5000,52.6800,492400
2006-03-21,53.3000,53.8500,53.0000,53.1300,326400
2006-03-20,53.0500,53.5200,52.5500,53.2900,725700
2006-03-17,54.0100,54.2100,53.2100,53.5000,591200
2006-03-16,51.5000,54.2400,51.2200,53.7200,1783800
2006-03-15,52.0400,52.3000,50.8600,51.5000,863500
2006-03-14,51.1100,52.1400,51.0500,51.9000,940100
2006-03-13,50.9200,51.4700,50.5300,51.2100,1210600
2006-03-10,51.2900,51.6000,50.3500,50.5000,1390200
2006-03-09,51.2500,52.7100,51.1400,51.2900,2310800
2006-03-08,53.7300,53.7300,52.4200,53.2500,1553500
2006-03-07,54.5800,54.6400,53.2700,53.7300,880500
2006-03-06,55.9000,55.9000,54.5700,55.0200,814400
2006-03-03,55.9400,56.0000,55.5200,55.8000,446500
2006-03-02,55.8900,56.3000,55.3800,55.9400,1034300
2006-03-01,56.7900,56.9000,56.0200,56.1000,1093000
2006-02-28,57.7000,57.7400,56.6200,56.6900,584700
2006-02-27,58.2000,58.2500,57.1600,57.5500,570900
2006-02-24,57.6800,57.7100,56.3000,57.4500,897700
2006-02-23,57.5501,58.2000,57.2500,58.0300,490500
2006-02-22,57.1500,57.9400,56.8100,57.5700,884900
2006-02-21,58.1000,58.4800,56.2900,56.5300,1060100
2006-02-17,58.2500,58.4800,58.0000,58.1000,700200
2006-02-16,57.2500,58.2500,57.1000,58.1500,1261400
2006-02-15,56.7000,57.0900,56.6100,56.8700,777100
2006-02-14,55.5000,57.0000,55.4900,56.8500,1074600
2006-02-13,55.7000,55.8900,55.5500,55.5500,1272400
2006-02-10,57.2800,57.6100,55.4200,55.5300,1519300
2006-02-09,59.4300,59.4300,55.2901,56.3200,4812000
2006-02-08,60.0000,60.1400,59.1000,59.4300,2263200
2006-02-07,58.8000,61.0000,58.8000,60.2900,1150600
2006-02-06,60.0300,60.3200,58.4500,58.6100,1048600
2006-02-03,59.2800,60.2200,59.2500,59.7800,652100
2006-02-02,60.0000,60.5200,58.8600,59.2800,1535300
2006-02-01,59.0000,61.4000,59.0000,59.7800,3733700
2006-01-31,58.1000,59.3300,57.6500,58.9600,1260300
2006-01-30,58.6300,58.7900,57.8100,57.9700,766400
2006-01-27,58.9600,59.0000,57.3600,58.4400,783400
2006-01-26,58.3400,59.8699,58.1900,58.9600,1278500
2006-01-25,57.6500,58.4400,57.1000,58.0900,653200
2006-01-24,56.4500,57.5200,56.4000,57.4000,902000
2006-01-23,56.9000,57.0900,55.5400,56.2500,1280200
2006-01-20,58.2500,58.2500,56.7000,56.9000,725900
2006-01-19,58.3700,58.8500,57.9200,58.1600,531700
2006-01-18,57.8300,58.2500,57.3600,58.1200,638400
2006-01-17,58.5100,58.7000,57.2500,57.8300,857500
2006-01-13,58.5800,59.0100,58.3000,58.9400,752400
2006-01-12,58.3900,59.0000,58.1300,58.6800,821000
2006-01-11,58.2900,58.7300,58.1100,58.3900,1126600
2006-01-10,56.8500,58.7400,56.7500,58.4000,1149500
2006-01-09,57.7500,57.8000,56.7700,56.8800,710000
2006-01-06,58.7200,58.9900,57.1310,57.9300,814700
2006-01-05,58.5500,58.9900,58.1800,58.4600,782700
2006-01-04,58.9700,59.9400,58.1400,58.8000,1387100
2006-01-03,57.8700,57.8900,56.8600,57.5000,824100
2005-12-30,56.9100,56.9200,56.2700,56.6100,235800
2005-12-29,56.5000,57.8300,56.4000,57.0100,811600
2005-12-28,55.9300,56.7400,55.9000,56.3200,315500
2005-12-27,56.4800,56.7400,55.8900,55.8900,313100
2005-12-23,56.9300,56.9600,55.9100,56.2900,479900
2005-12-22,55.0000,57.3000,54.9800,56.4700,1521400
2005-12-21,54.1100,54.9700,54.1100,54.9300,1428500
2005-12-20,54.4300,55.2400,53.8600,53.8600,832900
2005-12-19,54.0100,54.3500,53.9500,54.2500,814200
2005-12-16,54.0500,54.1000,53.9300,53.9700,625100
2005-12-15,53.8000,54.3500,53.6000,53.8500,775500
2005-12-14,54.0500,54.1400,53.5000,53.8000,655700
2005-12-13,53.4500,54.2800,53.4300,53.6000,739500
2005-12-12,52.4300,53.7200,52.3000,53.4500,661500
2005-12-09,53.0100,53.0700,52.3100,52.6800,798400
2005-12-08,53.3500,53.7200,53.0700,53.2000,731800
2005-12-07,53.2500,53.9300,53.0100,53.3400,1053300
2005-12-06,53.8700,54.1900,53.3900,54.1100,730300
2005-12-05,53.5900,54.0100,53.4300,53.9100,788200
2005-12-02,53.6500,53.8500,53.4900,53.5900,633300
2005-12-01,53.6000,53.8600,53.2200,53.5000,843600
2005-11-30,53.7900,54.6300,53.3000,53.5000,1101700
2005-11-29,53.1000,53.5000,53.0000,53.4300,793800
2005-11-28,53.0000,53.1500,52.5800,53.0500,548800
2005-11-25,52.5800,53.4900,52.5800,53.1100,335700
2005-11-23,52.5000,55.0000,52.0500,52.4300,1360300
2005-11-22,50.3900,51.4800,50.1400,51.3400,890800
2005-11-21,49.0100,50.1400,49.0100,50.1400,988800
2005-11-18,49.2500,49.6500,49.1100,49.4800,495600
2005-11-17,49.1600,49.3700,48.7500,49.2300,523900
2005-11-16,49.9000,49.9300,48.8700,49.1600,865100
2005-11-15,49.7600,50.0600,49.3600,49.4800,445300
2005-11-14,51.3200,51.3200,49.6700,49.9500,421700
2005-11-11,49.9500,51.5200,49.5000,51.4700,548900
2005-11-10,50.8100,51.1500,49.9200,50.2900,1025900
2005-11-09,51.2500,51.4800,50.7600,50.8000,794200
2005-11-08,51.9700,52.0700,51.4000,51.5000,791300
2005-11-07,52.0700,52.6000,51.7600,51.9700,828000
2005-11-04,51.6800,52.3200,51.3700,52.0700,765300
2005-11-03,51.1000,51.9700,51.1000,51.8000,1016200
2005-11-02,50.7100,51.3900,50.3300,51.1000,839000
2005-11-01,51.7700,52.1900,50.2500,50.8400,854500
2005-10-31,51.9500,52.5700,51.7300,51.9400,1190600
2005-10-28,50.0000,52.8100,49.8600,52.0800,2354300
2005-10-27,50.4200,50.4300,46.6500,48.3000,4045000
2005-10-26,50.9000,51.4600,50.3300,50.4300,649600
2005-10-25,50.8200,51.1300,50.5900,50.9800,615000
2005-10-24,50.7500,51.5900,50.6200,50.7900,1261400
2005-10-21,52.7000,52.7000,51.2400,51.5800,1097800
2005-10-20,52.9300,53.2200,52.4900,52.6700,456700
2005-10-19,53.5200,53.5300,52.4500,52.8800,981600
2005-10-18,54.1100,54.1800,53.5900,53.7800,409400
2005-10-17,54.3300,55.0500,54.2700,54.3200,481300
2005-10-14,54.7700,54.7900,53.6900,54.2000,665400
2005-10-13,55.5200,55.5400,54.2500,54.5200,693300
2005-10-12,54.1500,55.7000,54.0600,55.5200,1433900
2005-10-11,52.9000,54.8300,52.9000,54.5500,1132200
2005-10-10,53.3500,53.6000,52.8800,52.8900,462000
2005-10-07,52.7000,53.3900,52.6800,53.2200,913500
2005-10-06,52.8600,53.1000,52.3600,52.8100,848900
2005-10-05,52.4900,52.8100,52.3200,52.6100,992100
2005-10-04,52.1900,52.5200,51.6300,52.3600,766000
2005-10-03,52.6200,52.8000,51.5100,51.6700,1082600
2005-09-30,51.6300,52.6400,51.5700,52.6200,471500
2005-09-29,52.4500,52.4600,51.1000,51.9500,815800
2005-09-28,52.6600,53.0000,52.3300,52.9900,785500
2005-09-27,52.9300,52.9400,51.4000,52.6500,2292200
2005-09-26,54.5000,54.5500,53.6500,53.6800,702900
2005-09-23,54.4000,55.1300,53.8000,54.4900,1216000
2005-09-22,53.4400,54.3400,53.4400,54.1500,1021900
2005-09-21,54.7000,54.7000,53.3900,53.4400,1295400
2005-09-20,54.7700,55.1000,54.5500,54.6500,640100
2005-09-19,55.6800,55.9900,54.6180,54.8400,355900
2005-09-16,55.5500,56.0300,55.4000,55.7300,586900
2005-09-15,55.2900,55.9000,55.2900,55.4200,416400
2005-09-14,56.0300,56.1800,54.9200,55.1500,907800
2005-09-13,56.8000,57.0000,56.1700,56.1900,477800
2005-09-12,57.1000,57.4400,57.0000,57.0500,509200
2005-09-09,57.4600,57.6400,56.7300,56.9600,577300
2005-09-08,55.9900,57.5500,55.7400,57.3200,1090400
2005-09-07,57.4200,57.4200,54.4500,55.6000,3341800
2005-09-06,58.2300,58.2600,57.2500,57.4100,444900
2005-09-02,58.1000,58.1000,57.1000,57.7800,584100
2005-09-01,58.7000,58.7800,57.4700,57.7500,1253500
2005-08-31,58.4800,58.7900,57.7100,58.7200,691600
2005-08-30,57.8300,58.6400,57.8300,58.4800,651900
2005-08-29,58.2500,58.2500,56.6400,57.8300,689300
2005-08-26,59.4700,59.5000,58.6500,58.7300,336400
2005-08-25,59.0200,59.6100,59.0200,59.3900,530000
2005-08-24,58.8000,59.5000,58.5100,59.0200,739700
2005-08-23,58.1000,58.9300,58.1000,58.8900,973500
2005-08-22,56.7100,58.5800,56.5900,58.5800,1131600
2005-08-19,57.0500,57.1000,56.6000,56.7100,877100
2005-08-18,58.0300,58.3000,57.2400,57.3300,594800
2005-08-17,58.4000,58.6000,58.1200,58.2000,381600
2005-08-16,59.7600,59.7600,58.4000,58.5000,307000
2005-08-15,59.4400,59.8100,59.1100,59.6900,575700
2005-08-12,59.5500,59.9600,58.9100,59.4000,465000
2005-08-11,58.4000,59.5600,58.4000,59.4500,712800
2005-08-10,58.3400,59.1200,58.3140,58.5500,536000
2005-08-09,58.1700,58.7200,58.0600,58.3300,417400
2005-08-08,58.1900,58.6500,57.9720,58.1000,857600
2005-08-05,59.1000,59.9800,58.2600,58.3600,812600
2005-08-04,58.5600,59.0200,58.1100,58.8900,670000
2005-08-03,58.5600,58.9500,58.4300,58.6300,886500
2005-08-02,59.6000,60.1100,58.5500,58.5500,2717800
2005-08-01,61.4000,61.8400,59.4000,59.7900,1306900
2005-07-29,60.0000,61.4800,59.9032,61.3900,1242700
2005-07-28,60.9000,60.9500,58.2500,59.5000,3333100
2005-07-27,63.0000,63.0100,61.5000,62.0000,1482500
2005-07-26,64.8100,64.8500,63.9000,64.0000,681500
2005-07-25,65.8200,65.8200,64.3000,64.6600,312300
2005-07-22,65.3600,65.9900,64.2100,65.6500,519800
2005-07-21,67.0600,67.0700,65.2500,65.5100,694300
2005-07-20,67.0000,67.4500,66.2500,67.3100,513300
2005-07-19,65.4000,67.9900,65.3500,67.2500,945100
2005-07-18,65.0200,65.7400,65.0000,65.4800,783800
2005-07-15,64.6100,65.3500,64.6100,65.0500,454900
2005-07-14,65.1000,65.6400,64.6700,64.9100,725200
2005-07-13,64.9500,65.3000,64.8500,65.0100,298100
2005-07-12,64.6100,65.3500,64.6100,65.2000,373500
2005-07-11,64.7300,65.1100,64.1100,64.5600,569700
2005-07-08,65.0800,65.5000,65.0100,65.1200,290800
2005-07-07,64.6000,65.3300,64.3200,65.3300,218700
2005-07-06,64.9300,65.4500,64.5200,64.6200,518200
2005-07-05,63.9500,65.0800,63.9000,64.9300,500600
2005-07-01,63.3300,64.4100,63.1000,63.7400,453600
2005-06-30,64.1000,64.2500,63.0000,63.4000,361900
2005-06-29,63.9500,64.2400,63.5500,63.8500,458400
2005-06-28,63.0000,63.4400,62.8100,63.2600,426900
2005-06-27,62.7400,63.0700,62.2200,63.0700,630200
2005-06-24,63.7400,63.7400,62.3700,62.7400,386300
2005-06-23,64.8800,65.0300,63.5700,63.8100,514500
2005-06-22,63.7500,65.2000,63.6900,65.1000,979000
2005-06-21,62.8500,65.1300,62.6700,63.6000,1144500
2005-06-20,62.5000,62.8500,62.0700,62.1800,350900
2005-06-17,61.9100,63.4200,61.7300,62.8000,770100
2005-06-16,62.2000,62.2500,61.8700,61.9500,305100
2005-06-15,61.8400,62.2500,61.8000,62.1500,427900
2005-06-14,61.7900,62.2800,61.7800,62.0100,325700
2005-06-13,61.5000,62.1900,61.5000,61.7000,379300
2005-06-10,61.7700,62.1900,61.3900,61.5000,476200
2005-06-09,60.3000,61.8900,60.2500,61.8700,395700
2005-06-08,62.9800,62.9800,61.0400,61.2400,590400
2005-06-07,62.0000,63.6600,61.9900,63.0500,991400
2005-06-06,61.9900,62.4800,61.8000,61.9800,505300
2005-06-03,61.1300,61.9600,61.1300,61.9500,732300
2005-06-02,61.2000,61.3900,60.4500,61.1000,860800
2005-06-01,62.0400,62.0400,60.9800,61.2104,807600
2005-05-31,61.3600,62.0400,60.5000,62.0400,1540100
2005-05-27,60.6400,61.2100,60.4200,61.1100,653800
2005-05-26,59.6700,60.5000,59.6400,60.2000,570300
2005-05-25,60.0400,60.0500,59.3200,59.6700,358500
2005-05-24,60.1000,60.4500,59.6500,60.0400,793700
2005-05-23,58.4200,60.4300,58.3600,59.8900,1142700
2005-05-20,57.5000,58.4900,57.1800,58.1900,547300
2005-05-19,57.8900,57.9200,57.4400,57.7300,438200
2005-05-18,57.1800,58.4900,57.0300,57.6600,755900
2005-05-17,56.9100,57.2000,56.4000,56.9800,1045000
2005-05-16,56.4800,56.9100,56.1900,56.9100,1154300
2005-05-13,56.0100,56.8700,55.9000,56.2300,1198500
2005-05-12,56.3000,56.4200,55.8200,56.2900,549000
2005-05-11,56.0000,56.3500,55.5500,56.2600,2402800
2005-05-10,55.8000,56.2900,55.5500,55.7300,531500
2005-05-09,55.2100,55.9300,55.0500,55.8000,943700
2005-05-06,56.1000,56.2900,55.5000,55.5400,616900
2005-05-05,56.2500,56.2500,55.4600,55.8500,827800
2005-05-04,55.9600,56.7000,55.9000,56.2500,1395500
2005-05-03,56.3200,56.5300,55.5700,55.8100,1002600
2005-05-02,57.0000,57.0400,56.0500,56.3100,933500
2005-04-29,56.7600,57.0000,56.1000,56.8000,1434400
2005-04-28,55.0000,57.9900,54.9500,56.3200,2208600
2005-04-27,53.0100,53.9000,52.2700,53.6600,1163100
2005-04-26,53.4500,53.4500,52.8800,53.0400,446900
2005-04-25,52.5900,53.5300,52.5900,53.2200,659600
2005-04-22,51.8600,52.5100,51.6600,52.2400,730200
2005-04-21,51.0200,51.9700,51.0000,51.9200,726300
2005-04-20,51.2200,51.2500,50.2600,50.4600,371700
2005-04-19,50.1700,51.2200,50.1000,51.0900,672800
2005-04-18,50.0000,50.7200,48.6700,50.2100,1027000
2005-04-15,50.4800,50.9000,48.3400,48.9900,1149100
2005-04-14,51.7500,51.8000,50.3900,50.6900,579700
2005-04-13,52.6000,52.9800,51.7000,51.8000,343900
2005-04-12,52.5200,52.6000,51.8200,52.4400,452600
2005-04-11,52.7000,52.7000,52.0500,52.1700,594300
2005-04-08,52.6300,53.0000,52.0500,52.6100,746500
2005-04-07,51.7000,52.7100,51.7000,52.5000,593700
2005-04-06,54.2800,54.2900,51.5300,51.5700,1421100
2005-04-05,54.4500,54.4900,53.3000,54.2900,468200
2005-04-04,54.8200,54.8200,54.2000,54.4500,469900
2005-04-01,54.1000,54.9200,53.7000,54.8200,814900
2005-03-31,52.9000,54.0000,52.7000,53.8800,641600
2005-03-30,51.7200,52.7000,51.6600,52.5200,668200
2005-03-29,51.6200,52.2000,51.4800,51.5900,561400
2005-03-28,51.1800,51.8900,51.1800,51.6000,561200
2005-03-24,51.6000,51.6000,51.0600,51.3300,339600
2005-03-23,51.3000,51.5500,50.8500,51.2100,533700
2005-03-22,51.4100,52.1200,50.7700,51.5600,647200
2005-03-21,51.4100,51.4700,50.7400,51.2700,776900
2005-03-18,52.8400,52.8400,50.7530,51.4000,1139200
2005-03-17,53.2900,53.4400,52.0000,52.8500,700200
2005-03-16,54.4900,54.5500,53.2600,53.5400,443500
2005-03-15,55.6500,55.6500,54.5200,54.5600,281300
2005-03-14,55.6500,55.6500,54.7700,55.3000,374100
2005-03-11,55.0000,55.7200,54.9900,55.4200,823800
2005-03-10,54.2200,55.1500,53.8800,54.9700,658500
2005-03-09,53.8600,54.0300,53.5000,53.8100,250900
2005-03-08,53.6500,54.0000,53.1600,53.8600,709000
2005-03-07,54.4700,54.4900,54.0600,54.1400,552300
2005-03-04,53.9500,54.4200,53.8500,54.2800,588500
2005-03-03,54.0000,54.2900,53.4700,53.9000,309500
2005-03-02,54.2200,54.2200,53.6300,53.8900,974800
2005-03-01,54.4600,54.8900,54.0700,54.2200,762600
2005-02-28,53.7600,54.9900,53.2000,54.7100,1080100
2005-02-25,51.7700,53.6300,51.6900,53.5100,630500
2005-02-24,51.2000,52.1900,50.8100,52.0000,871700
2005-02-23,50.9500,51.3900,50.3300,51.1900,830300
2005-02-22,52.2000,52.2500,50.6000,50.8400,887900
2005-02-18,52.9000,53.0700,52.3900,52.4900,824500
2005-02-17,53.7100,53.8100,53.0200,53.3500,1181600
2005-02-16,51.0000,53.9000,49.4000,53.7100,2872200
2005-02-15,53.0500,53.0500,50.2500,50.9900,4188400
2005-02-14,53.9800,54.2000,53.3500,53.4200,914500
2005-02-11,55.5000,55.5000,53.7200,54.2900,1429400
2005-02-10,55.7200,55.8900,55.1100,55.5200,387900
2005-02-09,56.0000,56.6200,55.1200,55.4500,735300
2005-02-08,57.0000,57.0000,53.3000,56.0200,2521900
2005-02-07,56.5200,57.5900,56.3100,57.3500,497600
2005-02-04,56.5400,56.7400,56.2000,56.5400,599000
2005-02-03,57.0000,57.2500,56.0500,56.3900,468500
2005-02-02,57.5600,57.6000,56.9900,57.1500,457100
2005-02-01,56.9300,57.4400,56.5000,57.2300,460200
2005-01-31,56.0500,56.8900,55.7200,56.5400,507800
2005-01-28,55.8200,55.9800,55.2100,55.5500,215100
2005-01-27,55.3500,56.1200,55.0500,55.7900,200900
2005-01-26,54.5400,55.6300,54.3500,55.4200,471500
2005-01-25,55.1500,55.4500,54.5100,54.5500,519300
2005-01-24,55.6500,55.6800,54.9000,55.1100,931800
2005-01-21,56.5500,56.5800,55.8400,55.9700,259400
2005-01-20,56.6600,57.0200,56.0700,56.4000,457600
2005-01-19,57.9000,57.9300,56.2500,56.6600,893100
2005-01-18,55.7400,58.1000,55.6000,57.7500,1044800
2005-01-14,55.5000,56.3000,55.2500,55.9400,431200
2005-01-13,55.4700,55.8900,55.2200,55.5000,398600
2005-01-12,55.0700,55.3000,54.6100,54.9700,734500
2005-01-11,55.8000,56.0000,54.8500,55.1200,612900
2005-01-10,55.7600,56.2900,55.3800,56.0500,485600
2005-01-07,54.5000,56.1800,54.1100,55.7500,981500
2005-01-06,53.6000,54.7000,53.4200,54.0500,789200
2005-01-05,55.2000,55.2100,53.5000,53.9400,1650900
2005-01-04,56.9800,57.1500,54.6000,55.3300,1163600
2005-01-03,57.0100,57.1800,56.3300,56.9800,834900
2004-12-31,57.0500,57.4000,56.9900,57.0100,146500
2004-12-30,57.0000,57.4500,56.6500,57.0800,258500
2004-12-29,56.7300,57.0000,56.3100,57.0000,498900
2004-12-28,56.3400,56.6800,56.2700,56.6800,794500
2004-12-27,56.9500,56.9800,56.5900,56.7200,518700
2004-12-23,56.3900,56.8000,56.2500,56.7500,514200
2004-12-22,56.1400,56.9700,55.8000,56.3900,636900
2004-12-21,55.9000,56.2800,55.5300,56.1600,729800
2004-12-20,55.2200,55.9000,54.8100,55.4800,591900
2004-12-17,55.0000,55.1500,54.3900,55.1100,513000
2004-12-16,54.6100,55.1000,54.4200,55.0000,671500
2004-12-15,54.3800,54.9000,54.1200,54.8600,573100
2004-12-14,54.6500,54.6500,54.1600,54.3100,720600
2004-12-13,55.0000,55.0000,53.6300,54.5600,787600
2004-12-10,54.0500,54.1000,53.5400,53.5400,387700
2004-12-09,53.3500,54.0400,52.9100,54.0300,343100
2004-12-08,52.8000,53.4700,52.2900,53.3500,397500
2004-12-07,53.4900,53.7300,52.3600,52.6200,515800
2004-12-06,53.6000,53.7200,52.8000,53.4900,623500
2004-12-03,53.5000,53.9800,53.0700,53.2900,390800
2004-12-02,53.8000,54.5000,53.2700,53.2800,694000
2004-12-01,52.7600,54.1200,52.5800,53.9500,1129000
2004-11-30,52.2300,52.7400,51.7300,52.7200,945700
2004-11-29,52.7000,52.9400,51.8100,52.1800,615200
2004-11-26,52.3300,52.5100,51.9500,52.5100,235500
2004-11-24,51.6000,52.6300,51.2800,52.2900,1092000
2004-11-23,49.8000,51.3600,49.3000,51.0000,1563400
2004-11-22,48.6500,49.1500,48.3000,49.0600,407500
2004-11-19,48.1900,48.8400,47.3800,48.6000,563400
2004-11-18,48.8500,48.9700,48.0400,48.3900,409200
2004-11-17,48.9000,49.4500,48.6700,48.8500,349300
2004-11-16,48.7300,49.6300,48.7100,48.8100,447900
2004-11-15,48.3500,49.1700,47.9000,48.9800,881200
2004-11-12,48.5500,49.1000,47.9200,48.3500,723500
2004-11-11,49.5900,49.7500,48.3100,48.9300,747400
2004-11-10,48.8000,49.9200,48.8000,49.5800,517000
2004-11-09,49.0000,49.3500,48.6900,48.7700,504800
2004-11-08,49.1300,49.4800,48.9300,49.1000,603100
2004-11-05,50.0000,50.0600,49.0600,49.3400,813500
2004-11-04,49.0000,49.7700,48.5000,49.7600,831600
2004-11-03,48.8500,49.1500,48.5300,49.0000,799300
2004-11-02,48.6200,48.9000,48.0800,48.8500,918200
2004-11-01,47.8000,49.1300,47.7500,48.5800,1245100
2004-10-29,48.9900,49.0000,47.0900,47.7300,1997900
2004-10-28,45.4900,47.5700,45.3900,46.6500,3361000
2004-10-27,44.0600,44.0600,43.5000,43.5200,568800
2004-10-26,43.2000,44.2100,42.8200,44.1600,617600
2004-10-25,43.6700,43.6800,42.7700,43.0200,459800
2004-10-22,43.9500,44.1500,43.3000,43.7200,381800
2004-10-21,43.6800,43.8800,43.3100,43.8800,420100
2004-10-20,41.7500,43.4500,41.7500,43.4400,496100
2004-10-19,43.6000,43.7200,42.5200,43.0400,854800
2004-10-18,42.3500,44.2500,42.2200,43.4500,2156900
2004-10-15,41.0500,42.0600,40.7300,41.9600,1819000
2004-10-14,40.2500,41.2500,40.2500,40.8800,979900
2004-10-13,40.4800,40.4800,40.0100,40.1000,454100
2004-10-12,40.0000,40.5000,39.8800,40.4000,598500
2004-10-11,40.0200,40.0900,39.7900,39.8800,319300
2004-10-08,39.8500,40.2000,39.7300,39.8700,565600
2004-10-07,39.6500,39.8200,39.4500,39.7800,419200
2004-10-06,39.5100,39.6600,39.3000,39.4900,480600
2004-10-05,39.3000,39.3500,38.9500,39.0100,431000
2004-10-04,39.5000,39.5000,38.9100,39.0500,581700
2004-10-01,39.7300,39.7400,38.6800,38.8000,1212900
2004-09-30,39.7000,40.1500,39.5100,39.9800,450700
2004-09-29,39.3500,39.6500,39.2500,39.4200,377600
2004-09-28,39.2500,39.4400,39.0400,39.2600,557900
2004-09-27,39.1500,39.9500,39.1000,39.2000,855200
2004-09-24,38.5500,39.0300,38.4200,39.0000,621500
2004-09-23,38.8000,38.8000,38.1000,38.1000,423400
2004-09-22,38.7900,39.0000,38.4000,38.7200,707300
2004-09-21,38.0500,39.0700,38.0100,38.7800,625800
2004-09-20,38.0500,38.3500,37.5100,38.0700,575400
2004-09-17,37.1000,38.2900,37.1000,38.0700,726500
2004-09-16,37.7000,37.7100,36.8200,36.9600,1807300
2004-09-15,38.4000,38.5000,37.6900,37.7400,353100
2004-09-14,38.3500,38.7200,37.7000,38.3000,712400
2004-09-13,39.0100,39.1600,38.3000,38.3100,764300
2004-09-10,39.6100,39.6100,38.9000,39.0100,331700
2004-09-09,39.5500,39.9700,39.2700,39.6100,238200
2004-09-08,40.1100,40.1100,39.4200,39.5300,309000
2004-09-07,39.7000,40.2200,39.7000,40.0800,602900
2004-09-03,40.0000,40.0100,39.4180,39.7400,734200
2004-09-02,40.3000,40.3200,39.7860,40.0000,446100
2004-09-01,39.8300,40.0700,39.7700,39.9100,202200
2004-08-31,40.1000,40.3000,39.6600,39.8900,392100
2004-08-30,40.9900,41.0100,39.9700,40.0200,581100
2004-08-27,39.8800,41.0000,39.8800,40.7800,897800
2004-08-26,39.5100,39.8900,39.3300,39.6300,369100
2004-08-25,39.8000,39.9000,39.4000,39.5200,427400
2004-08-24,39.7000,39.9200,39.5900,39.7000,548100
2004-08-23,39.1800,39.6700,39.1600,39.3000,581500
2004-08-20,39.8500,39.9000,38.9300,38.9300,921000
2004-08-19,39.7800,40.0700,39.6600,39.7800,1240300
2004-08-18,39.5100,39.7800,39.3000,39.7800,546300
2004-08-17,39.7000,39.8000,39.4800,39.5400,416000
2004-08-16,39.7300,39.7500,39.4700,39.5900,674400
2004-08-13,39.9000,39.9900,39.3000,39.4900,305300
2004-08-12,39.7500,40.0000,39.5600,39.8200,364200
2004-08-11,39.9400,40.0000,39.5800,39.9800,643900
2004-08-10,39.8500,40.0000,39.7100,39.9500,450000
2004-08-09,40.0000,40.0500,39.4000,39.9400,561900
2004-08-06,40.1500,40.6100,39.6400,39.7700,1068800
2004-08-05,40.3900,40.4000,40.0000,40.1700,486300
2004-08-04,40.0000,40.4800,40.0000,40.3900,608300
2004-08-03,40.9000,40.9000,39.9500,40.0100,669600
2004-08-02,40.2000,41.4500,40.0100,40.9800,777300
2004-07-30,40.5000,40.6000,39.9500,40.1300,900500
2004-07-29,39.5000,40.5600,39.1500,40.3900,1969600
2004-07-28,37.6000,37.6600,37.0000,37.4900,806700
2004-07-27,38.6500,38.8500,37.0900,37.6000,835100
2004-07-26,38.9000,38.9000,38.2600,38.6000,479700
2004-07-23,38.9900,39.3900,38.5000,38.6500,805900
2004-07-22,38.9000,38.9200,38.6000,38.7100,733400
2004-07-21,39.1900,39.1900,38.7600,39.0000,421500
2004-07-20,38.9500,39.1000,38.7600,39.0500,300600
2004-07-19,39.7000,39.7400,38.7000,38.8000,554000
2004-07-16,39.1900,39.8000,39.1400,39.5600,345000
2004-07-15,39.4000,39.4000,39.1000,39.1900,492100
2004-07-14,38.7900,39.1900,38.7900,38.9800,297600
2004-07-13,39.2400,39.2400,38.7000,38.8700,334700
2004-07-12,39.1500,39.2400,38.5500,39.1600,440500
2004-07-09,39.4800,39.4800,39.1300,39.2100,191400
2004-07-08,39.4900,39.5800,39.1500,39.4100,614000
2004-07-07,39.5300,39.5300,39.1500,39.4900,421100
2004-07-06,38.7000,39.7300,38.6500,39.5500,513900
2004-07-02,38.5000,38.8900,38.4000,38.6600,333900
2004-07-01,38.8400,38.8400,38.0500,38.5200,397000
2004-06-30,38.4900,39.0800,38.4200,38.9400,567100
2004-06-29,38.5800,38.5800,38.0600,38.2000,531900
2004-06-28,39.4500,39.5000,38.3600,38.5800,412900
2004-06-25,39.1000,39.3000,38.9200,39.1100,760600
2004-06-24,38.2500,38.9900,38.2500,38.8200,1162200
2004-06-23,37.7500,38.1800,37.7500,38.1400,517000
2004-06-22,37.2000,37.7500,37.0100,37.7100,387100
2004-06-21,37.5800,37.5800,37.0000,37.0800,282000
2004-06-18,36.9000,37.5600,36.8800,37.4400,550000
2004-06-17,35.8500,37.0600,35.7900,36.7800,925600
2004-06-16,36.9000,37.0000,35.5600,35.9800,854200
2004-06-15,37.3000,37.3000,36.5800,36.9800,636700
2004-06-14,36.8000,37.4500,36.8000,37.4200,871800
2004-06-10,36.6600,36.8200,36.5200,36.8200,366700
2004-06-09,36.9500,36.9800,36.5800,36.6500,511500
2004-06-08,37.1000,37.1500,36.8100,36.9500,213600
2004-06-07,36.5200,37.1900,36.5000,37.0600,695300
2004-06-04,36.8500,36.8500,36.5100,36.5300,310000
2004-06-03,37.0500,37.0500,36.4600,36.4600,457300
2004-06-02,37.2000,37.4600,37.0000,37.1200,689300
2004-06-01,36.9000,37.1200,36.8500,37.0000,529600
2004-05-28,36.7500,37.2000,36.4200,37.1400,810000
2004-05-27,36.8800,37.1400,35.9800,36.3000,1267700
2004-05-26,35.5500,37.0000,35.5500,36.5000,3560200
2004-05-25,34.1600,35.5000,34.1500,35.4900,1050000
2004-05-24,34.2400,34.3000,33.9400,34.0700,622900
2004-05-21,34.3000,34.5300,34.1400,34.2300,459400
2004-05-20,34.2900,34.4300,33.9300,34.2000,596300
2004-05-19,34.3000,34.6600,34.1800,34.2900,950000
2004-05-18,34.5500,34.5500,34.0300,34.0900,627700
2004-05-17,34.6700,34.8000,34.3200,34.3200,535800
2004-05-14,35.2000,35.3000,34.5500,34.9200,804000
2004-05-13,35.2100,35.2600,35.0500,35.2000,826200
2004-05-12,35.4300,35.4300,34.7600,35.2100,533800
2004-05-11,34.1500,35.6000,34.0400,35.2700,805400
2004-05-10,35.0300,35.0300,34.1400,34.1400,637200
2004-05-07,35.9600,36.2700,35.0600,35.2700,641200
2004-05-06,36.2500,36.2500,35.7900,35.9500,474300
2004-05-05,36.5000,36.5200,36.0700,36.3800,269900
2004-05-04,36.5900,36.7800,36.2900,36.4000,466500
2004-05-03,37.2500,37.3000,36.3000,36.3400,805200
2004-04-30,36.4000,37.1700,35.9900,37.0500,884300
2004-04-29,37.2000,37.2000,35.1900,35.9400,1838700
2004-04-28,37.0000,37.4700,36.4700,36.6200,1112100
2004-04-27,38.5500,38.5600,36.2800,36.5600,1683300
2004-04-26,38.8600,38.9500,38.4600,38.5000,558400
2004-04-23,39.0000,39.2000,38.5000,38.8600,579900
2004-04-22,39.2800,39.3200,38.6800,38.8500,649400
2004-04-21,39.6500,39.7400,39.2700,39.2700,327000
2004-04-20,39.5500,39.7900,39.3600,39.4900,278500
2004-04-19,39.1000,39.5500,39.0700,39.3500,590900
2004-04-16,39.6600,39.7100,39.5500,39.6100,585800
2004-04-15,39.8000,39.8800,39.5500,39.6600,479000
2004-04-14,40.0700,40.0700,39.7400,39.9200,740900
2004-04-13,40.7000,40.8000,40.2600,40.5100,475400
2004-04-12,40.5600,40.9300,40.5600,40.7900,219300
2004-04-08,41.2200,41.2700,40.4100,40.5900,442100
2004-04-07,41.0400,41.3600,41.0000,41.2700,453300
2004-04-06,40.9700,41.1700,40.4900,40.9800,602600
2004-04-05,40.5000,41.4300,40.4000,40.9600,377600
2004-04-02,41.0000,41.2500,40.5300,40.6000,569000
2004-04-01,40.1500,41.2800,40.1500,41.0000,774700
2004-03-31,39.9000,40.3500,39.5600,40.2200,435000
2004-03-30,39.4000,39.9900,39.2500,39.9000,363400
2004-03-29,38.7500,39.4900,38.6900,39.2500,409400
2004-03-26,38.7300,38.9100,38.5100,38.5500,169000
2004-03-25,38.7500,38.9300,38.6500,38.7300,157600
2004-03-24,38.9700,39.1100,38.5100,38.8200,304000
2004-03-23,38.7500,39.5000,38.5900,38.7700,840600
2004-03-22,39.2500,39.2600,38.6800,38.7000,457600
2004-03-19,39.5000,39.8900,39.2500,39.4500,286000
2004-03-18,38.9500,39.5300,38.7500,39.5100,589900
2004-03-17,38.4000,38.9000,38.2200,38.7400,341700
2004-03-16,39.0500,39.1500,38.3500,38.3700,527500
2004-03-15,39.1000,39.4500,39.0200,39.2100,468700
2004-03-12,38.6000,39.6500,38.4200,39.2000,506500
2004-03-11,37.7500,38.8400,37.5500,38.5600,753100
2004-03-10,39.1200,39.3500,38.9700,38.9800,649900
2004-03-09,39.5500,39.5600,39.0700,39.1100,678600
2004-03-08,39.3500,39.9500,39.3500,39.5600,409900
2004-03-05,38.5000,39.4600,38.4000,39.3400,654400
2004-03-04,39.0500,39.2100,38.7000,38.7000,237600
2004-03-03,39.3400,39.3400,38.5900,39.0000,621000
2004-03-02,40.0000,40.0000,39.2500,39.3400,249800
2004-03-01,39.0500,40.0900,39.0500,39.9000,570100
2004-02-27,39.0000,39.1400,38.7700,39.0500,369700
2004-02-26,37.9500,38.7100,37.9200,38.4000,587000
2004-02-25,37.3000,37.9800,37.0000,37.8500,442100
2004-02-24,37.8500,37.8500,37.1800,37.1800,439900
2004-02-23,37.6000,38.0300,37.5300,37.6400,447100
2004-02-20,38.0600,38.2400,37.6400,37.8000,639700
2004-02-19,37.9500,38.2000,37.9400,38.1100,407000
2004-02-18,37.8400,38.0000,37.7600,37.7700,717700
2004-02-17,36.8000,37.8900,36.7500,37.5900,747900
2004-02-13,37.0100,37.1600,36.6900,36.9000,282600
2004-02-12,36.9100,37.2200,36.7200,37.0600,271800
2004-02-11,36.8600,36.9900,36.7300,36.9100,333400
2004-02-10,37.6000,37.6000,36.6500,36.7700,705800
2004-02-09,37.6500,37.8800,37.3900,37.5000,548800
2004-02-06,36.8000,37.6000,36.6000,37.2900,686400
2004-02-05,36.6500,37.3000,36.1500,36.8400,830600
2004-02-04,36.0500,36.9700,35.6500,36.5700,1175500
2004-02-03,35.0000,36.4200,34.0500,36.0500,2774100
2004-02-02,34.4000,34.4000,33.2600,33.3000,837800
2004-01-30,34.3500,34.4300,33.7500,34.2000,326900
2004-01-29,35.3300,35.3300,34.2500,34.4500,329800
2004-01-28,34.8000,35.7500,34.7500,35.3400,728800
2004-01-27,34.6000,35.0500,34.2700,35.0200,433000
2004-01-26,34.0200,34.6000,33.8800,34.5700,382400
2004-01-23,34.1400,34.2000,33.7200,34.0000,282100
2004-01-22,34.4000,34.4000,33.9200,34.0400,191700
2004-01-21,34.1000,34.3400,33.9000,34.3400,250200
2004-01-20,33.8500,34.1000,33.8100,34.0900,197400
2004-01-16,34.1500,34.1500,33.7400,33.8200,252800
2004-01-15,33.7500,34.0800,33.6000,33.9200,370000
2004-01-14,33.7500,33.7500,33.2200,33.6800,209500
2004-01-13,33.6100,33.9500,33.5100,33.7500,203800
2004-01-12,34.1500,34.1800,33.3000,33.8000,214600
2004-01-09,34.3500,34.4400,34.0500,34.1500,592100
2004-01-08,33.8000,34.5900,33.6500,34.4400,882200
2004-01-07,33.2500,33.7900,33.1400,33.6300,846100
2004-01-06,33.3600,33.3600,32.9800,33.1800,220500
2004-01-05,33.4500,33.4900,33.3000,33.3500,366000
2004-01-02,32.9800,33.1800,32.8400,32.9900,238500
2003-12-31,32.9300,32.9900,32.8800,32.9200,165600
2003-12-30,32.8400,32.9900,32.7800,32.9200,208000
2003-12-29,32.9500,33.0000,32.5900,32.8400,345000
2003-12-26,33.1500,33.3900,32.8700,32.8900,239100
2003-12-24,32.1000,33.1000,32.1000,33.0000,722100
2003-12-23,31.6500,32.2000,31.6500,32.1000,566900
2003-12-22,31.4000,31.6800,31.3800,31.6200,556800
2003-12-19,31.5000,31.5500,31.3200,31.5300,317400
2003-12-18,31.0000,31.6300,31.0000,31.5000,568900
2003-12-17,31.1500,31.3400,31.0600,31.2300,345300
2003-12-16,31.3800,31.5700,30.8500,31.1500,361800
2003-12-15,31.0000,31.6500,30.9900,31.3000,1256800
2003-12-12,30.4000,30.9700,30.2500,30.9000,895500
2003-12-11,30.3200,30.4500,30.1800,30.3100,565600
2003-12-10,30.2600,30.4500,30.1500,30.4400,696500
2003-12-09,30.0400,30.4500,30.0000,30.3500,807900
2003-12-08,29.4000,30.0600,29.4000,29.9000,756300
2003-12-05,29.1000,29.5000,28.8200,29.4000,1039700
2003-12-04,28.4000,28.6200,28.1500,28.2700,560100
2003-12-03,28.2800,28.5200,28.2500,28.3400,245500
2003-12-02,28.6300,28.6400,28.1200,28.3000,292700
2003-12-01,28.4800,28.8200,28.4800,28.6000,358000
2003-11-28,28.4000,28.4900,28.3300,28.4800,88400
2003-11-26,28.3500,28.5300,28.2000,28.4400,492800
2003-11-25,27.6500,28.4000,27.6500,28.2000,1065900
2003-11-24,27.0000,27.2000,26.8800,27.0800,296400
2003-11-21,26.9500,27.3000,26.9500,27.0400,203700
2003-11-20,26.9000,27.0800,26.7600,27.0000,259200
2003-11-19,27.2800,27.2800,26.8700,26.9000,245400
2003-11-18,27.3600,27.4900,27.2600,27.3800,128500
2003-11-17,27.6500,27.6500,27.1500,27.3700,285900
2003-11-14,27.3000,27.6000,27.2900,27.5000,345000
2003-11-13,27.0000,27.4100,26.7900,27.2900,457600
2003-11-12,27.0500,27.1900,26.9500,27.0000,327200
2003-11-11,26.8200,27.2600,26.8200,27.2300,283300
2003-11-10,26.9500,27.0700,26.6700,26.8700,460700
2003-11-07,26.7800,26.9100,26.6900,26.7500,873200
2003-11-06,26.5000,26.6000,26.3000,26.5300,493100
2003-11-05,26.6500,26.7500,26.1100,26.2900,973600
2003-11-04,27.0500,27.0900,26.5500,26.6000,709000
2003-11-03,27.0500,27.0900,26.9100,27.0600,428600
2003-10-31,27.4000,27.5500,26.9100,27.1000,1140900
2003-10-30,27.4000,27.8000,27.2700,27.4500,1144900
2003-10-29,27.5000,27.6800,27.2600,27.4000,662200
2003-10-28,27.7300,27.7500,27.3500,27.5800,268700
2003-10-27,27.6000,27.8700,27.5200,27.6100,264000
2003-10-24,27.6000,27.7500,27.4700,27.7000,358800
2003-10-23,27.5500,27.7400,27.5100,27.6500,296000
2003-10-22,27.8200,27.8800,27.7000,27.7000,146400
2003-10-21,27.7500,27.9100,27.7500,27.8200,232400
2003-10-20,27.8200,28.0000,27.7500,27.8500,316900
2003-10-17,27.9000,27.9400,27.8100,27.8500,262700
2003-10-16,28.1200,28.1500,27.8700,27.9000,447600
2003-10-15,27.8600,28.0400,27.7900,27.9900,509400
2003-10-14,27.7000,27.8100,27.4000,27.6700,673800
2003-10-13,28.0000,28.0400,27.7000,27.7000,405100
2003-10-10,28.0500,28.1500,27.6500,27.7000,419700
2003-10-09,27.9000,28.1200,27.8300,28.0500,276400
2003-10-08,28.0000,28.0000,27.6200,27.9000,253700
2003-10-07,27.5200,27.9900,27.5100,27.8200,232700
2003-10-06,27.9500,28.0100,27.6000,27.7500,606900
2003-10-03,28.1800,28.2500,27.9500,28.0000,430100
2003-10-02,27.8800,28.1800,27.6900,28.1800,356300
2003-10-01,27.6000,27.8100,27.5400,27.7000,267400
2003-09-30,27.7000,27.7800,27.3800,27.5000,369000
2003-09-29,27.4800,27.7000,27.4000,27.6300,363600
2003-09-26,27.5600,27.6300,27.3600,27.4700,247900
2003-09-25,27.7000,27.7400,27.5100,27.5500,357000
2003-09-24,27.9400,28.1000,27.6100,27.7900,485500
2003-09-23,27.5200,28.2800,27.5200,27.9000,422300
2003-09-22,27.8000,27.8200,27.4200,27.5200,1051300
2003-09-19,28.0000,28.1600,27.9400,28.1300,690600
2003-09-18,27.7500,28.0600,27.5100,27.9800,962600
2003-09-17,27.3500,28.1500,27.3500,27.5100,1681100
2003-09-16,28.5000,28.9500,27.0000,27.3700,4699700
2003-09-15,30.3500,30.3500,29.8700,30.1100,382900
2003-09-12,30.7000,30.7000,30.2500,30.3500,343800
2003-09-11,30.3500,30.9000,30.3500,30.7900,295300
2003-09-10,30.8000,30.8100,30.3200,30.5000,303200
2003-09-09,31.0000,31.0400,30.8100,30.9500,457600
2003-09-08,30.4200,31.1300,30.4200,30.9000,338700
2003-09-05,30.4200,30.5700,30.4200,30.4700,279000
2003-09-04,30.4000,30.6000,30.1400,30.4200,404600
2003-09-03,30.4800,30.6000,30.3400,30.4200,307300
2003-09-02,30.4500,30.4800,30.2400,30.4200,404000
2003-08-29,30.1000,30.3400,30.0900,30.2600,251500
2003-08-28,30.0500,30.3400,29.8500,30.0200,424400
2003-08-27,29.7800,30.0500,29.5800,30.0500,234600
2003-08-26,29.9400,29.9400,29.5000,29.8300,337000
2003-08-25,29.4000,29.9600,29.3300,29.8500,249700
2003-08-22,29.5400,29.6200,29.3400,29.4500,411800
2003-08-21,29.8000,29.8000,29.4400,29.5000,453500
2003-08-20,29.4700,29.6700,29.3600,29.5200,637100
2003-08-19,29.0000,29.5000,29.0000,29.4700,255300
2003-08-18,28.9700,29.2100,28.8700,29.0100,200000
2003-08-15,28.9800,29.2500,28.9600,29.1200,60000
2003-08-14,28.8000,29.0000,28.4600,28.9800,142700
2003-08-13,28.8500,28.9800,28.6300,28.8300,191300
2003-08-12,28.5500,28.8200,28.5000,28.7300,283900
2003-08-11,28.9000,28.9800,28.4400,28.6800,161600
2003-08-08,28.9500,29.1500,28.7400,28.8100,178200
2003-08-07,28.6500,28.9000,28.3300,28.8400,301300
2003-08-06,28.8400,28.9300,28.6000,28.8100,94500
2003-08-05,28.9500,29.0000,28.7500,28.8400,217500
2003-08-04,29.1500,29.3100,28.7700,28.9200,275500
2003-08-01,29.7600,29.7700,29.0500,29.2400,400200
2003-07-31,30.0000,30.1400,29.8700,29.9500,151400
2003-07-30,30.3000,30.3800,29.8900,29.9700,191000
2003-07-29,30.5300,30.5300,30.2500,30.2500,247200
2003-07-28,30.5000,30.5500,30.1100,30.2400,164300
2003-07-25,30.3000,30.4900,30.1600,30.4200,151200
2003-07-24,30.5500,30.5500,30.3200,30.3600,283000
2003-07-23,30.6500,30.7800,30.5400,30.6000,242000
2003-07-22,30.7000,30.7500,30.5200,30.6000,350900
2003-07-21,30.4000,30.5700,30.2900,30.3000,693900
2003-07-18,30.4500,30.5900,30.2500,30.5200,352300
2003-07-17,30.2500,30.3000,30.0700,30.2000,332300
2003-07-16,30.1000,30.3000,29.8500,30.2500,544200
2003-07-15,29.7600,30.2000,29.4600,30.1800,1134500
2003-07-14,29.0800,29.4400,28.9000,28.9500,191400
2003-07-11,29.0500,29.2000,28.8500,29.0400,111700
2003-07-10,29.1300,29.1300,28.9000,29.0900,96500
2003-07-09,29.1600,29.2600,28.9800,29.1300,197900
2003-07-08,28.9500,29.2300,28.8500,29.2300,226700
2003-07-07,29.2000,29.3100,29.0900,29.1100,267400
2003-07-03,28.9500,29.2000,28.9200,29.0900,88500
2003-07-02,29.0500,29.4500,28.7800,29.1000,298700
2003-07-01,28.5500,29.0100,28.2000,28.9300,225000
2003-06-30,28.7500,28.7500,28.4100,28.6000,395000
2003-06-27,28.9500,29.1000,28.7600,28.8800,198100
2003-06-26,29.0500,29.1100,28.7700,28.9700,263400
2003-06-25,29.0000,29.2300,28.8000,29.0500,321800
2003-06-24,28.6500,29.2000,28.6100,29.0000,405800
2003-06-23,29.0000,29.0000,28.5300,28.6600,154000
2003-06-20,29.1400,29.3200,28.7900,29.0000,286100
2003-06-19,30.0000,30.0000,28.7000,29.1500,1119900
2003-06-18,30.2500,30.2800,30.0300,30.0500,265100
2003-06-17,30.3500,30.4800,30.0700,30.2800,258200
2003-06-16,30.2000,30.5600,30.1500,30.3500,183500
2003-06-13,30.0400,30.0600,29.6500,29.9500,167200
2003-06-12,30.4500,30.4500,29.8100,29.9900,181100
2003-06-11,29.8500,30.2500,29.7500,30.0500,344900
2003-06-10,29.4500,29.8500,29.4500,29.8500,140600
2003-06-09,29.9000,29.9000,29.3200,29.4000,214800
2003-06-06,30.4000,30.5900,29.5500,29.7300,340100
2003-06-05,29.7500,30.4600,29.6500,30.2900,592400
2003-06-04,29.8000,29.9600,29.5500,29.7000,632100
2003-06-03,29.0000,29.4100,28.9700,29.3600,245600
2003-06-02,29.0000,29.4500,28.8800,29.2600,588700
2003-05-30,28.4000,28.9500,28.3400,28.9000,541700
2003-05-29,28.3500,28.4100,28.2500,28.3700,182100
2003-05-28,27.9600,28.4400,27.9500,28.2900,262200
2003-05-27,27.7600,28.0300,27.7600,27.9500,410600
2003-05-23,27.9400,27.9900,27.6600,27.9200,180400
2003-05-22,27.1500,28.0700,27.0000,27.9100,291600
2003-05-21,27.1000,27.1000,26.8300,26.9000,258000
2003-05-20,27.5100,27.5500,26.9500,27.0800,255100
2003-05-19,27.9000,27.9900,27.4500,27.4800,394000
2003-05-16,27.7600,28.0300,27.5000,27.8400,227200
2003-05-15,28.0000,28.0700,27.6700,27.7700,225900
2003-05-14,27.5400,28.0000,27.5400,27.9000,214800
2003-05-13,27.4000,27.5500,27.2500,27.5500,446100
2003-05-12,27.6500,27.8000,27.5000,27.5800,269200
2003-05-09,27.6500,27.7000,27.2500,27.4100,570300
2003-05-08,27.4500,27.5400,27.2500,27.4000,418800
2003-05-07,28.2000,28.2000,27.4100,27.5500,718700
2003-05-06,27.4100,28.5200,27.2500,28.3500,623900
2003-05-05,28.0500,28.0500,27.4000,27.4000,476900
2003-05-02,27.9400,28.1000,27.8000,27.9900,189200
2003-05-01,27.7500,28.1600,27.6500,27.9400,566800
2003-04-30,28.5900,28.6400,27.9100,28.0100,295400
2003-04-29,28.0000,29.7000,27.8400,28.6600,1244300
2003-04-28,26.6800,27.6000,26.6800,27.4900,693200
2003-04-25,26.9200,26.9900,26.5000,26.6800,105100
2003-04-24,26.6000,27.1500,26.6000,26.9200,339100
2003-04-23,27.0000,27.2200,26.8000,26.9300,595600
2003-04-22,26.9500,27.0000,26.7500,27.0000,283100
2003-04-21,27.3500,27.3900,26.8500,27.0800,338600
2003-04-17,27.1500,27.4900,27.1500,27.3500,283200
2003-04-16,27.2400,27.4000,27.0200,27.1500,424600
2003-04-15,27.1300,27.4100,27.1000,27.3600,461800
2003-04-14,27.1100,27.3200,26.9700,27.2000,524700
2003-04-11,27.5000,27.5000,26.9000,27.1000,213400
2003-04-10,27.0000,27.3400,26.8900,27.3000,500500
2003-04-09,26.2000,27.2000,26.2000,27.0000,756100
2003-04-08,25.7600,26.3000,25.7600,26.2500,598000
2003-04-07,25.4500,25.9500,25.2100,25.7000,848100
2003-04-04,24.7500,24.8700,24.6500,24.7800,194700
2003-04-03,25.0000,25.0000,24.6000,24.7500,268600
2003-04-02,24.8500,25.0000,24.6000,24.8300,605700
2003-04-01,25.2200,25.2900,24.6000,24.7300,275700
2003-03-31,24.9000,25.5100,24.8100,25.1600,344100
2003-03-28,24.4800,25.0000,24.4000,24.9900,270600
2003-03-27,24.4000,24.7300,24.3500,24.4800,278400
2003-03-26,24.7100,24.8900,24.3500,24.4200,300500
2003-03-25,24.8600,25.0900,24.7800,24.9400,92700
2003-03-24,24.9200,24.9900,24.6100,24.9200,261000
2003-03-21,24.5500,25.1200,24.5500,24.9100,340200
2003-03-20,24.5100,24.8300,24.5000,24.5500,384300
2003-03-19,25.3000,25.3500,24.9900,25.0500,272500
2003-03-18,25.5000,25.5000,25.0700,25.2000,237600
2003-03-17,25.3500,25.5000,25.0100,25.5000,295800
2003-03-14,25.0500,25.5600,24.8700,25.3500,300800
2003-03-13,24.9500,24.9900,24.7700,24.9100,153200
2003-03-12,24.5000,24.7600,24.4800,24.7000,87200
2003-03-11,24.5000,24.7900,24.4800,24.5500,87200
2003-03-10,24.8000,24.8100,24.4100,24.4100,324200
2003-03-07,24.7400,25.2800,24.3900,25.0000,260100
2003-03-06,25.3600,25.3600,24.5000,24.7400,519900
2003-03-05,25.4000,25.4000,25.0000,25.2800,114400
2003-03-04,25.5500,25.6500,25.2700,25.3100,286100
2003-03-03,25.8000,26.2000,25.4700,25.5500,218800
2003-02-28,25.7000,25.9200,25.7000,25.9000,199800
2003-02-27,25.9500,25.9500,25.5100,25.6700,425200
2003-02-26,25.4600,25.9300,24.8100,25.8200,700800
2003-02-25,26.0000,26.2500,25.2000,25.9700,462400
2003-02-24,26.0000,26.0000,25.3000,25.4500,191800
2003-02-21,25.8900,26.0400,25.8100,26.0000,204300
2003-02-20,25.8500,25.9600,25.8100,25.8900,213800
2003-02-19,26.2100,26.2500,25.9500,26.0400,165400
2003-02-18,26.3000,26.4200,26.0200,26.2100,243600
2003-02-14,25.4200,26.5000,25.3000,26.1900,181500
2003-02-13,25.4000,25.7200,25.1800,25.3600,341500
2003-02-12,25.4500,25.6000,25.1100,25.2600,89600
2003-02-11,25.0600,25.6900,25.0600,25.5100,95400
2003-02-10,25.4000,25.4800,25.0000,25.0600,270400
2003-02-07,25.4400,25.5100,25.1000,25.3300,186100
2003-02-06,25.7000,25.7200,25.3000,25.3900,174100
2003-02-05,25.7500,25.9900,25.5000,25.7600,130500
2003-02-04,25.8400,26.0400,25.4400,25.7800,291000
2003-02-03,25.9800,26.2200,25.5700,25.8500,396900
2003-01-31,25.6000,26.2200,25.5600,26.0000,200600
2003-01-30,25.7500,26.0500,25.4700,25.6000,101600
2003-01-29,25.9000,26.0000,25.4300,25.8300,250600
2003-01-28,25.9000,26.0000,25.4300,25.8300,234800
2003-01-27,26.5000,26.5000,25.5000,25.8000,643100
2003-01-24,26.9500,26.9900,26.4400,26.7000,306500
2003-01-23,26.7500,27.0800,26.6600,26.9200,542400
2003-01-22,26.9000,27.0600,26.6500,26.6500,354900
2003-01-21,27.3500,27.4500,26.9000,27.0100,442600
2003-01-17,26.9000,27.4600,26.9000,27.3000,378200
2003-01-16,27.1100,27.4000,26.8800,27.1000,421900
2003-01-15,26.9000,27.3000,26.5000,27.1100,355600
2003-01-14,26.1800,26.9100,26.0000,26.7500,925200
2003-01-13,26.4700,26.5000,26.0000,26.1200,520000
2003-01-10,25.9800,26.7100,25.9000,26.3100,415400
2003-01-09,25.7500,26.2600,25.7500,26.0300,675500
2003-01-08,25.4700,25.6500,25.1000,25.5500,897000
2003-01-07,24.9800,25.7700,24.9500,25.4600,1194900
2003-01-06,24.3000,24.7600,24.0900,24.6100,375100
2003-01-03,23.9000,24.0000,23.7800,23.9200,244900
2003-01-02,24.0000,24.3500,23.8000,23.9000,325300
2002-12-31,23.0500,24.1400,23.0100,24.0600,559800
2002-12-30,22.6800,23.0900,22.5000,23.0700,221200
2002-12-27,22.9000,22.9000,22.5400,22.6700,102200
2002-12-26,22.5300,22.9200,22.5100,22.9000,139900
2002-12-24,22.7200,22.8000,22.4100,22.5200,87600
2002-12-23,22.4600,22.7400,22.2800,22.7400,350300
2002-12-20,22.8400,23.1300,22.3300,22.4500,724800
2002-12-19,23.2600,23.3500,22.5000,22.8000,536400
2002-12-18,23.1500,23.4500,22.9000,23.2600,299400
2002-12-17,23.4500,23.4800,22.9000,23.3000,617100
2002-12-16,22.9700,23.4800,22.9700,23.4500,438600
2002-12-13,23.0500,23.2000,22.8000,22.9700,198000
2002-12-12,23.7000,23.8800,23.0100,23.3500,1547200
2002-12-11,22.3400,22.3400,21.6500,21.7700,644600
2002-12-10,22.1600,22.3400,22.0000,22.3400,529900
2002-12-09,23.0000,23.0500,22.1000,22.1600,507900
2002-12-06,23.1400,23.3000,22.7800,23.0800,269900
2002-12-05,23.1000,23.1700,23.0000,23.1400,289900
2002-12-04,22.8000,23.0600,22.5100,23.0600,592500
2002-12-03,23.6000,23.6000,22.8000,22.9200,727300
2002-12-02,24.6000,24.6000,23.3000,23.3000,443600
2002-11-29,24.3000,24.7200,24.0700,24.5500,195800
2002-11-27,24.4000,24.5200,24.0800,24.2500,567700
2002-11-26,23.2900,24.1300,23.0500,23.9200,798700
2002-11-25,23.2700,23.3500,23.0100,23.2800,761800
2002-11-22,23.2900,23.3900,23.0000,23.2700,2181500
2002-11-21,24.5900,24.5900,23.0000,23.2900,2541300
2002-11-20,24.6500,24.7700,24.2900,24.5800,163900
2002-11-19,25.8000,25.9800,24.8000,24.8600,159800
2002-11-18,25.9000,25.9000,25.2700,25.9000,129100
2002-11-15,25.6900,25.9000,25.3300,25.5000,123100
2002-11-14,25.2600,25.9400,25.2600,25.6500,101600
2002-11-13,25.0700,25.5000,25.0000,25.2600,106300
2002-11-12,25.1000,25.2500,24.8000,25.1000,103700
2002-11-11,24.9900,25.1300,24.8000,25.0500,175800
2002-11-08,24.9500,25.0000,24.5600,24.9000,287800
2002-11-07,25.0500,25.1900,24.8700,25.0000,133800
2002-11-06,25.5000,25.6400,25.0500,25.0500,294300
2002-11-05,25.7000,26.3200,25.3800,25.4300,311800
2002-11-04,26.2400,26.2500,25.5800,26.0000,381700
2002-11-01,25.3600,26.0000,25.3000,25.8300,321500
2002-10-31,25.6400,25.6700,25.0600,25.3800,200100
2002-10-30,24.4000,25.6600,24.4000,25.4400,239600
2002-10-29,25.1500,25.1500,24.2100,24.5100,636700
2002-10-28,25.6000,25.6100,25.0200,25.0500,358500
2002-10-25,25.7000,25.8900,25.4500,25.6000,224200
2002-10-24,25.6000,26.1200,25.4000,25.7300,416500
2002-10-23,25.4700,25.7400,25.0000,25.3600,277200
2002-10-22,25.3500,25.6500,25.0200,25.6000,636900
2002-10-21,25.0000,25.7800,24.8000,25.2000,1504600
2002-10-18,22.4200,24.2000,22.4200,23.9000,405400
2002-10-17,24.4000,24.8000,22.0500,22.4200,751100
2002-10-16,24.0200,24.4500,24.0100,24.4000,233900
2002-10-15,24.0000,24.5500,23.7000,24.0200,766200
2002-10-14,24.2500,24.5400,23.7800,24.1200,348300
2002-10-11,24.5000,24.5500,24.2500,24.2500,281800
2002-10-10,24.0500,24.6000,23.9100,24.4000,584900
2002-10-09,24.2500,24.6000,23.7500,24.2600,819000
2002-10-08,23.3000,24.2400,23.2500,23.4500,684100
2002-10-07,24.1500,24.4200,23.1300,23.1500,206300
2002-10-04,24.5000,25.1800,24.0500,24.2400,742900
2002-10-03,24.1700,24.8500,23.9400,24.7500,760600
2002-10-02,24.1900,24.2000,23.8000,24.1400,347800
2002-10-01,24.5000,24.6300,24.0800,24.1500,408700
2002-09-30,23.5300,24.2500,23.3500,24.2000,648400
2002-09-27,23.9500,24.0500,23.2500,23.5200,371000
2002-09-26,23.0500,24.1000,22.9900,23.9500,375400
2002-09-25,23.0500,23.2000,22.7000,22.9000,375100
2002-09-24,22.6000,23.1600,22.5000,22.9900,660700
2002-09-23,22.4000,22.6700,22.0000,22.6000,566700
2002-09-20,21.0500,21.5000,20.8800,21.0500,286300
2002-09-19,21.4900,21.4900,20.8800,20.9000,170900
2002-09-18,20.7500,21.6000,20.6000,21.2400,170400
2002-09-17,21.3500,21.3500,20.7000,20.8000,244700
2002-09-16,20.7500,21.3500,20.6100,21.3500,206200
2002-09-13,20.4000,20.8500,20.3000,20.7400,226100
2002-09-12,20.4000,20.4000,20.1900,20.3300,54700
2002-09-11,20.5000,20.8000,20.1400,20.3900,123600
2002-09-10,20.7200,20.8800,20.5500,20.5500,38800
2002-09-09,20.9500,20.9900,20.5800,20.7200,151400
2002-09-06,21.1500,21.2400,20.7500,20.9500,390700
2002-09-05,21.4000,21.5000,21.0100,21.1800,285200
2002-09-04,21.3500,21.6000,21.2500,21.5500,227700
2002-09-03,21.1500,21.3800,21.1500,21.3100,183400
2002-08-30,21.4000,21.4300,21.2600,21.4000,40900
2002-08-29,21.3500,21.4300,21.3000,21.4000,106800
2002-08-28,21.3700,21.5000,21.2100,21.4000,147600
2002-08-27,21.6900,21.7500,21.2000,21.4000,229900
2002-08-26,21.3900,21.7000,21.2500,21.6800,186900
2002-08-23,21.6100,21.6200,21.1000,21.3500,193700
2002-08-22,20.8900,21.7500,20.1400,21.6000,324200
2002-08-21,19.7000,20.1200,19.1500,20.1000,304400
2002-08-20,20.5600,20.5600,19.6000,19.7000,120300
2002-08-19,21.0000,21.0000,20.5000,20.5600,81100
2002-08-16,20.9500,21.1700,20.8600,20.9800,164600
2002-08-15,21.0100,21.1200,20.8500,21.0000,92900
2002-08-14,21.1000,21.1400,20.7500,21.0200,110300
2002-08-13,21.5000,21.5000,20.8000,21.0000,155700
2002-08-12,21.0000,21.7500,20.7000,21.4600,160600
2002-08-09,20.4600,21.5000,20.4100,21.2600,151600
2002-08-08,20.2000,20.7000,20.1800,20.4500,108800
2002-08-07,19.8300,20.0800,19.6700,20.0700,184100
2002-08-06,19.8100,20.0300,19.6000,19.8000,351500
2002-08-05,20.0000,20.0000,19.7500,19.8100,262000
2002-08-02,20.0000,20.0000,19.7000,20.0000,91200
2002-08-01,20.4500,20.4500,19.9300,20.0000,60100
2002-07-31,20.8500,21.0900,20.4000,20.4500,213200
2002-07-30,20.5500,20.6000,20.1200,20.4100,119600
2002-07-29,19.6500,21.2900,19.5000,20.7700,148400
2002-07-26,19.5000,19.6700,19.5000,19.6500,80900
2002-07-25,19.1500,19.7500,18.7000,19.5000,286600
2002-07-24,18.5000,19.0500,18.0900,19.0000,240300
2002-07-23,18.5000,18.8200,18.4500,18.5000,226200
2002-07-22,19.0000,19.4000,18.3500,18.5600,267200
2002-07-19,17.7500,19.1300,17.5500,18.6300,230800
2002-07-18,18.0000,18.1300,17.1500,18.0000,275600
2002-07-17,17.7900,18.1000,17.7900,18.0000,258100
2002-07-16,18.5100,18.5100,16.9800,17.7900,333500
2002-07-15,19.4500,19.4500,17.7000,18.5100,194600
2002-07-12,19.8000,19.8000,19.3000,19.4300,149800
2002-07-11,19.9000,19.9000,19.2500,19.7500,93100
2002-07-10,20.5000,20.8000,19.6500,19.9000,127000
2002-07-09,20.5000,20.8000,20.3800,20.4900,114500
2002-07-08,20.2000,21.0000,20.1600,20.5000,160200
2002-07-05,20.0000,20.4500,20.0000,20.4000,12800
2002-07-03,20.3100,20.3100,19.7000,19.9000,111700
2002-07-02,20.9500,20.9500,20.3000,20.3100,47300
2002-07-01,21.1000,21.5500,21.0000,21.0100,160400
2002-06-28,21.7500,21.9700,21.0500,21.1000,170900
2002-06-27,21.2000,21.7000,21.2000,21.7000,139500
2002-06-26,21.0000,21.1500,20.5000,21.1500,155500
2002-06-25,20.6500,21.1600,20.6000,21.1000,260300
2002-06-24,19.6500,20.6500,19.6500,20.4500,291100
2002-06-21,20.1500,20.4000,19.4000,19.6500,535400
2002-06-20,19.9500,20.2200,19.7000,19.9000,146400
2002-06-19,20.0000,20.0200,19.7500,19.8500,102500
2002-06-18,20.8800,20.9000,20.0800,20.1000,87900
2002-06-17,20.9000,21.1000,20.7500,20.8200,77100
2002-06-14,20.5000,20.9000,20.4200,20.9000,158200
2002-06-13,21.1500,21.2000,20.9600,20.9600,120500
2002-06-12,22.1000,22.1000,21.2800,21.3500,131800
2002-06-11,23.0000,23.1900,22.1300,22.3500,71000
2002-06-10,23.0000,23.1500,22.8400,23.0000,131700
2002-06-07,22.5500,23.0000,22.5500,22.8000,139500
2002-06-06,22.5000,22.9800,22.4000,22.8000,233600
2002-06-05,22.1000,22.6000,22.0500,22.4000,74500
2002-06-04,21.6500,22.1000,21.5000,22.1000,93300
2002-06-03,21.9000,22.1500,21.5400,21.7400,55500
2002-05-31,21.3000,21.8000,21.2600,21.8000,92200
2002-05-30,21.4500,21.5900,21.2200,21.2500,98300
2002-05-29,21.9500,22.0400,21.4000,21.4000,72300
2002-05-28,21.8500,22.0000,21.6000,21.7000,69700
2002-05-24,21.5000,22.0500,21.1000,21.6500,78600
2002-05-23,21.5000,21.6000,21.0500,21.3000,39500
2002-05-22,21.4500,22.1500,21.3000,21.5800,62800
2002-05-21,21.5000,21.7400,21.3000,21.3500,74800
2002-05-20,21.9800,22.1000,21.8200,21.9500,51200
2002-05-17,21.9500,22.0500,21.7500,21.9400,106500
2002-05-16,21.0000,21.8800,21.0000,21.6500,91400
2002-05-15,20.9500,21.0300,20.7500,20.9700,80900
2002-05-14,20.9000,21.0000,20.8000,20.9800,72000
2002-05-13,20.7000,20.8500,20.6500,20.8500,207000
2002-05-10,21.0500,21.1500,20.6000,20.7500,52200
2002-05-09,20.8500,21.1000,20.5500,21.0200,216900
2002-05-08,20.2000,20.8500,20.2000,20.7500,165800
2002-05-07,21.1500,21.1500,20.0000,20.2000,555400
2002-05-06,21.7000,21.8100,21.1500,21.1500,275600
2002-05-03,21.8500,21.9000,21.7000,21.7900,212400
2002-05-02,21.9000,21.9900,21.7000,21.7500,112700
2002-05-01,22.2000,22.5500,21.9300,21.9800,154600
2002-04-30,21.7500,22.3000,21.7500,22.1200,415800
2002-04-29,22.6000,22.6000,21.6600,21.7500,541100
2002-04-26,22.5000,22.9400,22.3500,22.6000,126300
2002-04-25,22.4000,22.8500,22.2500,22.6500,155400
2002-04-24,22.0000,22.9900,22.0000,22.6500,513600
2002-04-23,21.9500,21.9900,21.8000,21.9800,264900
2002-04-22,22.1000,22.2000,21.3000,21.6500,1399100
2002-04-19,24.0000,24.1000,23.1500,23.5500,434100
2002-04-18,24.1000,24.3000,23.6000,23.8800,481800
2002-04-17,23.7500,23.9500,23.3000,23.5000,838700
2002-04-16,23.0000,23.9000,22.9500,23.6000,560600
2002-04-15,22.5000,22.8000,22.2500,22.7500,305000
2002-04-12,22.2500,22.4500,21.8100,22.1500,114600
2002-04-11,22.4500,22.4800,21.9500,22.0000,261000
2002-04-10,21.9000,22.0500,21.8500,22.0000,235400
2002-04-09,21.9300,21.9500,21.7000,21.8000,138900
2002-04-08,21.8000,22.0000,21.4000,21.8300,181500
2002-04-05,21.7500,22.0000,21.7500,21.9000,155300
2002-04-04,21.7500,21.9800,21.6100,21.9800,172300
2002-04-03,21.9000,21.9000,21.4000,21.8200,191000
2002-04-02,22.0000,22.0000,21.7000,21.9800,246300
2002-04-01,21.6000,21.6000,21.1700,21.4200,240500
2002-03-28,21.3000,21.7200,20.5000,21.6500,476600
2002-03-27,21.0500,21.0500,20.0000,21.0500,414600
2002-03-26,20.2500,20.6000,20.0500,20.5000,186400
2002-03-25,20.2600,20.4000,19.8000,20.3100,311700
2002-03-22,20.0500,20.5500,20.0500,20.5100,252700
2002-03-21,21.5000,21.5000,19.9000,20.1500,627400
2002-03-20,21.5100,21.9000,21.1500,21.6500,422500
2002-03-19,20.5500,21.7500,20.5500,21.5000,439700
2002-03-18,20.5000,21.4000,20.5000,21.0500,1040800
2002-03-15,19.9000,20.8000,19.5500,20.5000,567600
2002-03-14,19.7000,19.7000,19.3500,19.5500,490100
2002-03-13,19.0000,19.8300,18.9500,19.2000,5541900
2002-03-12,19.2500,19.2500,18.9900,19.0200,364000
2002-03-11,19.8500,19.8500,19.1400,19.3500,121400
2002-03-08,19.6400,19.9900,19.6400,19.9000,146600
2002-03-07,19.5800,19.7500,19.5800,19.6400,90800
2002-03-06,19.7500,19.7500,19.3100,19.5800,74900
2002-03-05,19.7500,19.7500,19.6500,19.7000,64300
2002-03-04,20.0000,20.0500,19.4900,19.7000,137500
2002-03-01,19.6500,19.7000,19.1000,19.2500,80300
2002-02-28,19.9500,20.3000,19.6100,19.6500,57900
2002-02-27,19.9500,19.9800,19.7500,19.9500,6500
2002-02-26,19.8500,20.0000,19.8500,19.9000,31300
2002-02-25,20.0000,20.1400,19.8500,20.0000,37800
2002-02-22,19.9900,19.9900,19.5800,19.6000,30000
2002-02-21,19.9500,20.2500,19.7600,19.9800,26700
2002-02-20,19.9500,19.9500,19.6500,19.9500,32700
2002-02-19,19.8500,19.9400,19.6600,19.7500,46600
2002-02-15,20.0500,20.0500,19.8500,19.8500,70000
2002-02-14,20.1000,20.1000,20.0000,20.0000,10400
2002-02-13,20.0500,20.1000,20.0500,20.0700,14100
2002-02-12,20.0900,20.1500,20.0200,20.1000,25400
2002-02-11,19.6500,20.1800,19.6500,20.0900,33600
2002-02-08,19.1000,19.6500,19.1000,19.6500,39900
2002-02-07,19.0000,19.1000,18.9500,19.0500,92100
2002-02-06,19.1000,19.1000,18.8000,19.0000,54800
2002-02-05,19.2600,19.2600,18.7800,19.1000,37900
2002-02-04,19.5000,19.7500,19.2000,19.2500,28600
2002-02-01,19.5000,19.5000,19.2500,19.5000,32900
2002-01-31,19.5000,19.9500,18.8000,19.3500,373100
2002-01-30,20.6000,20.6500,18.5000,18.6000,144000
2002-01-29,20.4600,20.7900,20.4600,20.6000,61200
2002-01-28,20.8000,20.8000,20.3500,20.6500,62500
2002-01-25,20.1000,20.7500,20.0000,20.3000,100800
2002-01-24,21.8000,21.8000,21.4300,21.4500,25700
2002-01-23,22.2000,22.2000,21.2800,21.4000,55800
2002-01-22,23.0000,23.2500,22.1000,22.1000,226100
2002-01-18,22.8000,22.9000,22.1000,22.1900,59900
2002-01-17,22.6500,23.8400,22.5000,23.0500,39800
2002-01-16,22.8000,22.8000,22.0000,22.6000,28900
2002-01-15,22.2500,22.9500,21.9500,22.6600,60200
2002-01-14,22.5000,22.5000,21.5900,22.2400,63200
2002-01-11,22.0000,22.6500,21.9000,22.2500,54000
2002-01-10,21.1100,22.3500,21.0800,22.0500,64000
2002-01-09,22.3000,22.3100,20.7500,21.1000,238500
2002-01-08,22.6000,22.7500,22.2600,22.3000,82600
2002-01-07,23.6500,23.6500,22.5000,22.6000,61800
2002-01-04,23.9500,23.9500,23.2500,23.7000,96800
2002-01-03,24.0000,24.0000,23.1500,24.0000,51800
2002-01-02,23.4000,23.4000,22.8600,23.0900,126500
2001-12-31,22.9800,23.5000,22.6600,23.2800,54500
2001-12-28,22.9500,23.1900,22.7000,22.9800,100100
2001-12-27,22.5000,22.9500,22.4500,22.9100,151300
2001-12-26,22.4000,22.7000,22.2500,22.4000,162300
2001-12-24,22.6000,22.6500,22.3200,22.4000,25000
2001-12-21,22.5000,22.5000,21.7500,22.5000,393400
2001-12-20,23.1000,23.1000,22.4500,22.5000,84900
2001-12-19,22.9000,23.1500,22.2500,23.0500,361500
2001-12-18,23.4500,23.4500,21.2500,22.8000,207200
2001-12-17,24.1500,24.4900,23.4500,23.4500,63300
2001-12-14,24.0000,24.1500,23.5500,24.1500,139100
2001-12-13,23.0000,24.0000,22.9000,24.0000,153000
2001-12-12,22.7500,23.9900,22.7500,23.0500,80800
2001-12-11,23.7500,24.9000,22.5100,22.7500,164100
2001-12-10,23.7500,24.3500,23.1000,23.5000,376600
2001-12-07,23.7500,23.7500,21.5000,23.7500,568900
2001-12-06,21.1500,21.1500,20.2000,21.1500,327900
2001-12-05,20.0000,20.0500,19.8000,20.0000,303800
2001-12-04,20.5000,20.5000,19.9000,19.9800,512700
2001-12-03,19.5000,20.3600,19.3500,19.9000,52100
2001-11-30,19.9500,19.9500,19.2000,19.3500,52200
2001-11-29,19.0000,19.2500,19.0000,19.2000,120100
2001-11-28,19.1000,19.1000,18.9600,19.0500,55700
2001-11-27,19.1000,19.1000,18.7800,19.0500,135400
2001-11-26,18.9000,19.4900,18.7500,19.2500,136900
2001-11-23,19.4000,19.4000,18.9000,18.9000,168000
2001-11-21,18.9500,19.2500,18.8600,19.0000,34300
2001-11-20,18.8000,19.2400,18.6400,19.0000,336000
2001-11-19,18.4500,18.7900,18.2000,18.6000,21700
2001-11-16,18.4000,18.7400,18.3500,18.4100,17800
2001-11-15,17.9000,18.7300,17.8500,18.5500,41700
2001-11-14,18.3000,18.6800,17.8100,18.0000,34500
2001-11-13,19.0000,19.1000,18.1000,18.1000,42900
2001-11-12,18.7500,19.2500,18.5000,19.0000,28100
2001-11-09,19.1500,19.4900,18.8000,18.8500,35700
2001-11-08,18.6500,19.5900,18.6500,19.0500,100900
2001-11-07,19.4900,19.4900,18.6500,18.7000,46500
2001-11-06,18.3500,18.9500,18.2500,18.9500,70900
2001-11-05,18.5000,18.8000,18.0500,18.2000,54600
2001-11-02,19.2500,19.5500,17.8000,18.3000,309400
2001-11-01,17.6200,18.6000,17.6000,18.6000,156700
2001-10-31,17.6000,17.9800,17.6000,17.6200,59700
2001-10-30,17.8000,17.8000,17.4600,17.6000,35100
2001-10-29,17.5000,17.8000,17.5000,17.7000,45300
2001-10-26,17.2000,17.7000,17.0400,17.5000,43500
2001-10-25,16.8000,17.7000,16.8000,17.6500,60200
2001-10-24,17.7000,17.7000,16.8600,17.0500,59700
2001-10-23,18.1000,18.2500,17.6200,17.6400,184200
2001-10-22,18.0000,18.4500,17.5200,18.0000,780500
2001-10-19,16.5900,16.8500,16.4000,16.6100,28100
2001-10-18,16.4400,16.6000,16.0000,16.6000,24100
2001-10-17,15.9000,16.4300,15.9000,16.3000,23500
2001-10-16,15.9000,16.1000,15.8000,15.9500,79600
2001-10-15,16.2500,16.7500,15.8500,16.0000,77300
2001-10-12,16.0500,16.7500,16.0000,16.2500,41500
2001-10-11,16.8500,16.9000,15.7400,16.1000,126800
2001-10-10,17.2300,17.3000,16.0000,16.4500,166500
2001-10-09,16.0000,17.6900,15.9500,17.3000,75600
2001-10-08,16.0000,16.4000,15.8000,15.9500,121600
2001-10-05,17.2500,17.2500,15.9800,16.0000,103100
2001-10-04,18.2500,18.2500,17.1600,17.2500,90400
2001-10-03,18.5000,18.5000,15.3100,18.5000,286900
2001-10-02,17.2000,17.2000,16.1600,16.5000,72300
2001-10-01,16.9000,17.0500,16.7500,17.0000,13600
2001-09-28,17.1000,17.3000,16.4000,17.0000,48100
2001-09-27,17.6500,17.6500,16.9000,17.0000,45500
2001-09-26,17.6500,17.6500,17.0500,17.6500,58800
2001-09-25,17.0000,17.4500,16.3500,17.4500,75700
2001-09-24,17.5000,17.5000,16.7000,17.1000,104600
2001-09-21,16.6000,16.6000,15.0500,16.5000,52700
2001-09-20,17.2500,17.2500,16.3500,16.8000,223900
2001-09-19,17.7000,17.7000,16.5000,17.4000,98800
2001-09-18,17.1500,17.1500,16.7500,17.0300,59600
2001-09-17,16.0000,17.2000,15.6000,17.0000,97100
2001-09-10,16.5000,17.8500,16.2500,17.5000,245100
2001-09-07,18.0000,18.1500,17.5500,18.0000,83400
2001-09-06,18.0000,18.6000,18.0000,18.0000,205200
2001-09-05,18.3000,18.3500,17.9100,18.2000,322700
2001-09-04,18.2500,18.3000,17.4000,18.0700,503900
2001-08-31,16.8500,18.2500,16.8500,18.2500,616700
2001-08-30,16.8000,16.8000,16.4900,16.7600,314600
2001-08-29,16.6000,16.6000,16.0600,16.4700,420400
2001-08-28,16.0000,16.3200,15.9500,16.2500,332400
2001-08-27,16.0000,16.0400,15.8100,15.9900,245900
2001-08-24,15.9000,15.9900,15.8000,15.8500,73700
2001-08-23,15.9000,15.9900,15.8500,15.9000,81500
2001-08-22,15.9000,15.9900,15.7500,15.9100,111300
2001-08-21,15.8000,15.9700,15.8000,15.9000,130500
2001-08-20,15.9500,16.0000,15.6000,15.8900,139400
2001-08-17,15.8500,16.0000,15.2000,15.8500,316300
2001-08-16,15.9000,16.0000,15.6500,16.0000,333200
2001-08-15,16.0000,16.0000,15.5000,15.9500,318400
2001-08-14,15.9500,16.0000,15.8800,16.0000,605000
2001-08-13,16.0000,16.0500,15.9500,16.0000,311100
2001-08-10,16.0000,16.0400,16.0000,16.0000,123100
2001-08-09,16.0000,16.0100,15.9000,16.0000,311200
2001-08-08,15.9600,16.0000,15.8800,16.0000,265800
2001-08-07,16.0000,16.0100,15.9000,16.0000,1651800
2001-08-06,16.0000,16.0000,15.8000,16.0000,416700
2001-08-03,16.0000,16.1000,16.0000,16.0000,2776400
2001-08-02,16.0000,16.0800,15.1600,16.0000,9812900

