timestamp,open,high,low,close,volume
2024-04-15,190.3200,191.2000,183.0000,184.5500,1435147
2024-04-12,187.0000,189.6600,185.8500,189.5300,1066249
2024-04-11,189.2900,189.6200,186.4600,189.3300,1273920
2024-04-10,189.8300,192.9500,186.1700,187.1400,2001194
2024-04-09,200.9400,201.6050,193.0072,199.1900,1059608
2024-04-08,204.8600,206.0200,200.4100,200.5000,808892
2024-04-05,201.5900,204.6100,201.5600,204.1400,688286
2024-04-04,206.6400,210.0000,199.7300,200.7500,835516
2024-04-03,198.3100,204.6250,198.3100,202.7700,943229
2024-04-02,201.5400,201.5400,196.1501,199.7500,1208513
2024-04-01,208.6500,209.2150,204.9400,205.4100,746456
2024-03-28,210.0000,211.1200,207.0100,208.5500,1132766
2024-03-27,208.3500,209.9100,206.4750,209.6800,684736
2024-03-26,209.5200,211.8500,207.0300,207.0400,949023
2024-03-25,209.4500,212.2400,208.7300,208.7800,983669
2024-03-22,210.8000,211.9000,208.0350,210.5400,925890
2024-03-21,209.2500,214.7000,208.9962,211.1200,1138854
2024-03-20,199.2900,207.3800,199.0500,206.6100,1171322
2024-03-19,194.8000,199.9200,193.6650,199.5400,1023170
2024-03-18,197.4000,198.4300,193.8050,195.3000,1068325
2024-03-15,194.1300,197.1699,194.1300,195.4900,2691428
2024-03-14,202.1500,203.0000,193.8800,195.4200,1179833
2024-03-13,199.2600,201.9700,198.2100,201.1400,909082
2024-03-12,193.5000,200.0400,191.6600,199.6600,1062551
2024-03-11,198.3000,198.7500,189.7400,192.7000,1746648
2024-03-08,205.4400,208.1600,199.7800,199.8400,1029246
2024-03-07,202.2100,204.8900,201.8996,204.1300,1022994
2024-03-06,200.9100,203.1000,199.5100,200.2600,808004
2024-03-05,200.0000,203.6050,196.6000,198.3000,1464482
2024-03-04,201.8200,204.9850,200.4000,200.8400,1688701
2024-03-01,195.0700,201.0000,194.1700,199.9800,1522825
2024-02-29,194.5700,196.3550,193.1500,195.1800,1965080
2024-02-28,192.2500,194.6800,191.3700,193.2700,1205045
2024-02-27,191.5700,194.8850,191.2900,193.1600,1976325
2024-02-26,189.1100,192.0900,187.9500,190.4400,1281033
2024-02-23,188.9800,192.0900,186.5000,188.6700,1292103
2024-02-22,192.0100,194.6900,185.7400,188.3700,2154460
2024-02-21,181.5400,185.6100,181.4600,183.6600,1351632
2024-02-20,181.8700,183.5300,180.2600,182.9000,1085703
2024-02-16,183.9500,186.4100,183.4900,183.7900,1274940
2024-02-15,188.3200,189.4000,184.2600,186.9200,1028929
2024-02-14,185.8200,187.4700,183.1100,186.7300,1030076
2024-02-13,175.5200,184.3900,171.1375,182.1800,1574685
2024-02-12,186.3300,188.5500,184.7400,187.1200,1598057
2024-02-09,185.5000,186.5800,182.8900,185.3300,1226392
2024-02-08,182.4400,185.4000,180.2800,185.2500,913374
2024-02-07,180.5100,184.1200,179.9400,180.9100,1240018
2024-02-06,177.9500,179.1700,175.8050,177.9500,647818
2024-02-05,177.8700,179.4000,173.7600,178.1800,861562
2024-02-02,175.6400,182.5400,174.4000,180.7500,868610
2024-02-01,176.2500,179.0700,173.9750,179.0200,767273
2024-01-31,175.0100,177.9000,172.8100,173.7300,1147761
2024-01-30,176.6200,179.1700,174.7900,176.4100,978450
2024-01-29,172.0000,176.9600,171.7450,176.5000,1362923
2024-01-26,169.8100,171.6800,167.7500,169.5200,894070
2024-01-25,168.4400,169.9400,166.6000,169.8000,1205577
2024-01-24,170.4700,170.7300,164.0900,165.3200,1470886
2024-01-23,175.7500,176.2800,164.9200,167.6700,2491449
2024-01-22,175.7200,178.6600,174.1000,178.0200,1779174
2024-01-19,167.3800,172.5500,165.6900,172.5100,1509525
2024-01-18,167.0900,168.5600,162.8900,165.6800,1305978
2024-01-17,163.7300,165.1600,162.1335,164.6200,1002274
2024-01-16,164.6800,166.4400,163.3750,165.9100,1036532
2024-01-12,168.7800,169.0000,164.0050,167.3900,940556
2024-01-11,165.4700,167.5700,163.4300,167.2100,878042
2024-01-10,165.9800,168.0400,165.8200,167.3000,1056764
2024-01-09,161.3800,165.6250,160.6400,165.3500,1048231
2024-01-08,161.2500,164.3100,160.4598,163.8800,880838
2024-01-05,155.5000,161.0900,154.0100,159.7800,1182268
2024-01-04,158.3200,160.5750,156.1100,157.2900,1336699
2024-01-03,161.9700,161.9700,158.3700,159.3100,1733562
2024-01-02,163.8700,167.0900,161.9026,165.3800,1320284
2023-12-29,167.9200,169.6300,166.1400,166.9400,850427
2023-12-28,171.0000,171.0300,168.4450,168.6600,870739
2023-12-27,169.0300,170.9700,168.6300,170.5600,1324748
2023-12-26,167.5000,168.8900,167.0001,168.6400,910997
2023-12-22,164.8400,167.8600,164.3500,167.2400,1409877
2023-12-21,164.7500,165.5400,162.4500,164.6200,1304278
2023-12-20,164.4000,166.8400,161.3300,161.4400,1461473
2023-12-19,162.1750,165.7600,162.1750,164.6800,1643996
2023-12-18,165.1300,166.0800,159.2511,160.1200,2716535
2023-12-15,168.0000,169.0100,162.5100,162.5100,26870016
2023-12-14,159.0800,170.7600,158.9000,168.3700,3805965
2023-12-13,151.1200,155.5700,147.5150,154.8700,2050661
2023-12-12,148.6100,151.3800,147.9000,149.5900,1250463
2023-12-11,147.2700,149.5582,146.3000,148.9600,1087531
2023-12-08,146.5700,149.1200,146.4250,147.7000,1231897
2023-12-07,145.6100,147.1400,144.5200,146.5700,1218677
2023-12-06,147.8700,150.9900,144.4501,145.2400,2236227
2023-12-05,136.6900,145.1200,136.2800,143.2600,2964734
2023-12-04,141.9500,141.9500,136.5950,136.8600,2082899
2023-12-01,133.6400,139.4200,133.0400,139.2800,1411548
2023-11-30,134.6200,135.2150,132.3600,134.1100,2519595
2023-11-29,135.3100,137.9200,134.3201,134.8900,1710295
2023-11-28,135.7200,136.0400,132.5900,133.0700,1169930
2023-11-27,133.7200,137.6018,133.7000,136.5600,1386451
2023-11-24,132.6600,135.3350,132.3600,134.7100,527286
2023-11-22,134.0500,136.2068,133.3800,133.4800,1123994
2023-11-21,133.6900,134.8950,132.5200,132.6100,1054595
2023-11-20,132.8200,135.3800,131.7100,134.3600,1363066
2023-11-17,130.7000,135.5793,130.7000,133.5900,2192367
2023-11-16,130.0500,134.9300,129.8000,130.3500,1553233
2023-11-15,133.5800,134.4200,128.5700,128.6600,1759606
2023-11-14,127.5000,134.7904,127.4900,134.2600,2193661
2023-11-13,123.1000,123.5800,121.4300,123.3800,924186
2023-11-10,122.5100,125.2500,121.1850,124.3200,1085930
2023-11-09,125.2000,126.1300,120.8000,121.2100,1172906
2023-11-08,125.4900,127.8499,124.5700,124.6600,1378921
2023-11-07,125.2800,127.0400,125.0000,126.0600,1632367
2023-11-06,126.1700,127.0450,125.0700,125.5900,1639776
2023-11-03,124.5900,129.1200,124.2550,126.7900,2545034
2023-11-02,119.9900,124.2200,119.9900,121.2500,2725181
2023-11-01,108.9400,118.6800,107.8400,117.4700,3842583
2023-10-31,108.3400,111.2950,108.1200,108.5200,2359831
2023-10-30,107.5100,108.1700,105.2350,107.2500,1198452
2023-10-27,107.5000,109.2300,106.0100,106.2600,1214837
2023-10-26,107.6500,108.7200,105.8100,107.1200,1442427
2023-10-25,109.2600,109.8000,105.2700,106.2200,2021795
2023-10-24,111.7400,112.9000,110.3500,110.5100,817927
2023-10-23,109.4800,112.4900,109.4800,110.9100,1210320
2023-10-20,111.1100,112.0000,108.7000,109.2800,1631966
2023-10-19,112.4400,114.5800,110.1800,111.3900,1712730
2023-10-18,116.5900,116.5900,111.7600,111.9000,1985980
2023-10-17,116.9000,120.0800,116.9000,118.1500,1113813
2023-10-16,118.0100,118.7500,115.8600,117.9800,941151
2023-10-13,116.6000,118.4900,115.0600,116.2700,1299704
2023-10-12,123.3700,124.2450,115.0700,116.4300,1862652
2023-10-11,123.7500,126.6500,122.4001,125.6900,1028507
2023-10-10,119.5000,124.2400,119.0200,123.1400,1664396
2023-10-09,118.0000,118.8900,116.2900,118.6400,1506935
2023-10-06,118.0000,122.0400,116.8000,119.3100,1399355
2023-10-05,119.4600,121.1100,118.7500,119.9700,866734
2023-10-04,119.1050,120.4300,117.6000,120.1400,1225466
2023-10-03,121.3500,122.2500,116.1400,117.1800,1693528
2023-10-02,123.8100,125.9150,122.5400,123.0000,1472893
2023-09-29,127.2200,127.9200,124.3000,124.4900,1097133
2023-09-28,123.1200,127.9200,123.0100,126.2200,1199646
2023-09-27,123.3500,125.0600,122.6000,123.3100,1162454
2023-09-26,122.0050,124.3300,121.8200,121.9100,1376575
2023-09-25,121.0500,124.6000,120.8350,123.0900,917109
2023-09-22,122.2900,124.5100,121.1900,121.8400,1650681
2023-09-21,125.0000,125.0000,120.3200,121.0200,2503330
2023-09-20,130.9400,132.0000,126.8700,127.1600,1027544
2023-09-19,128.9900,130.5950,127.6600,130.0100,993544
2023-09-18,127.2300,130.3400,126.3500,129.1100,1340217
2023-09-15,132.1000,132.1000,126.6000,127.2400,4764877
2023-09-14,133.5500,134.6000,131.4200,134.2600,1420959
2023-09-13,135.2400,135.8900,128.5300,131.7100,2213084
2023-09-12,139.7100,140.8449,135.3700,136.3200,1106026
2023-09-11,140.6900,143.9700,140.0900,141.8900,879998
2023-09-08,138.6200,142.4300,138.4700,139.8900,939498
2023-09-07,140.2000,140.7500,137.3600,139.1800,1011967
2023-09-06,136.0300,140.8100,136.0300,140.5600,1464901
2023-09-05,147.2400,148.2100,133.8300,136.5600,2329416
2023-09-01,146.6500,149.5500,145.4600,148.7400,1445465
2023-08-31,140.0000,145.6000,139.3400,145.0400,2367518
2023-08-30,139.3900,140.8400,138.5000,139.8700,1248820
2023-08-29,131.6700,140.3050,131.6700,139.6700,1384453
2023-08-28,130.5600,133.5700,129.6400,132.8800,1175058
2023-08-25,132.9400,133.6650,122.6200,129.1900,2317492
2023-08-24,136.3700,136.6100,132.7400,132.8400,1061247
2023-08-23,133.4000,137.3300,132.5900,136.6100,1287222
2023-08-22,133.3400,135.2050,130.9650,131.8100,1289795
2023-08-21,134.7300,136.0800,129.7300,132.7600,1475624
2023-08-18,128.9500,134.6900,128.3301,134.1400,2588613
2023-08-17,147.0000,147.2400,129.2000,130.0600,3492260
2023-08-16,151.0000,151.7100,147.0600,147.2400,928057
2023-08-15,152.1800,152.5300,148.0850,150.6900,924471
2023-08-14,148.0000,151.9200,147.1700,151.8500,1051032
2023-08-11,149.2500,151.4050,147.7550,147.8900,923314
2023-08-10,150.5700,153.4100,146.9800,150.3200,1094584
2023-08-09,151.9500,151.9500,148.2200,150.1200,1171329
2023-08-08,151.2500,152.8900,150.0600,151.7000,981990
2023-08-07,150.4000,153.0000,149.9100,152.2200,1264727
2023-08-04,147.2900,151.0000,145.9600,149.6400,1961895
2023-08-03,148.1500,151.8000,144.1200,144.6500,2121110
2023-08-02,156.8500,156.8500,145.4300,148.6400,3145318
2023-08-01,144.4300,147.0323,144.2700,146.7600,1471477
2023-07-31,144.2900,145.0000,142.5500,144.4300,1056206
2023-07-28,142.7000,143.8950,142.1450,143.6500,866040
2023-07-27,143.7000,145.0625,140.9600,141.5000,1223041
2023-07-26,140.9100,142.7600,139.9500,141.7700,952928
2023-07-25,137.4100,142.9700,136.1469,142.0100,1140552
2023-07-24,138.5300,139.4100,137.6700,138.2500,852051
2023-07-21,139.8900,141.8900,138.0700,138.7300,961741
2023-07-20,144.2200,144.9150,137.7700,139.1400,1513631
2023-07-19,148.8500,149.2100,143.3300,144.3200,1262675
2023-07-18,143.0300,146.9200,142.7500,146.4200,1682871
2023-07-17,140.6500,143.0400,139.3850,142.9600,1305288
2023-07-14,140.1500,141.2700,139.0900,141.1600,901039
2023-07-13,139.8700,140.2345,138.1500,139.8700,1009102
2023-07-12,137.0000,139.6800,137.0000,139.2800,1543833
2023-07-11,135.8400,136.9000,134.3600,135.4700,1289849
2023-07-10,133.0000,135.7660,133.0000,135.2600,1678080
2023-07-07,130.8000,134.3100,130.6350,133.1000,2090223
2023-07-06,134.8800,135.5000,130.0100,130.8100,2615840
2023-07-05,138.9000,140.7200,136.0000,136.4700,1862254
2023-07-03,136.0100,137.6000,135.5500,136.3300,772550
2023-06-30,137.6700,138.5300,135.8600,136.0000,1776349
2023-06-29,135.6300,136.4900,133.6800,136.1700,1183440
2023-06-28,133.4900,135.9899,133.0800,135.3400,2138259
2023-06-27,128.4900,134.4500,128.3400,133.4800,2224150
2023-06-26,128.4000,130.3850,127.6400,128.1700,1267240
2023-06-23,126.5000,128.9050,126.3000,127.5200,2995571
2023-06-22,127.8700,129.7000,126.2800,127.5100,1435100
2023-06-21,126.7500,129.9400,126.4500,129.1000,2438481
2023-06-20,122.0700,127.2000,122.0000,126.7600,3303813
2023-06-16,123.2550,123.3900,120.0000,121.4100,7891581
2023-06-15,120.5000,123.0400,120.1031,123.0100,3097063
2023-06-14,126.0000,126.8500,120.0900,121.0000,2582285
2023-06-13,125.5800,126.9400,124.0800,126.0200,2713623
2023-06-12,122.4200,124.2600,120.3300,123.7300,2480715
2023-06-09,122.0900,123.0100,120.1500,122.0800,1778826
2023-06-08,122.3000,123.1050,121.1100,122.3100,2170063
2023-06-07,123.8000,125.0600,122.1000,122.3200,3039459
2023-06-06,120.6900,126.2850,120.5500,123.9200,2832248
2023-06-05,118.1500,120.8300,115.1600,120.3300,2303628
2023-06-02,116.6700,119.0900,116.2700,118.9700,2568863
2023-06-01,115.6500,116.4270,113.3700,115.8600,2551885
2023-05-31,117.5100,118.0600,114.9400,115.9500,11650812
2023-05-30,116.8200,118.6700,116.5050,117.6700,2442323
2023-05-26,116.8500,117.4800,114.5800,115.5800,1756855
2023-05-25,114.6300,117.8100,114.4200,116.7900,2398236
2023-05-24,113.1700,115.2900,112.2700,114.0400,1522544
2023-05-23,119.1000,119.4250,112.0600,113.0100,2915262
2023-05-22,121.1800,122.3000,119.5700,120.1700,1660331
2023-05-19,122.5800,122.5800,119.7750,120.2400,1810284
2023-05-18,120.3900,122.9900,119.8250,122.3100,1644084
2023-05-17,119.0300,120.8700,118.5000,120.1100,1799409
2023-05-16,117.0700,119.9000,115.7400,119.2000,1990694
2023-05-15,115.4300,119.6100,114.8200,118.1600,2294491
2023-05-12,117.3700,119.1300,114.4900,115.8400,2355751
2023-05-11,116.1700,117.7600,115.9200,117.2700,1889465
2023-05-10,116.3300,117.3650,114.8001,116.4600,2193634
2023-05-09,113.2100,115.5000,112.8500,114.6500,2424500
2023-05-08,112.5000,114.8500,111.8850,113.6700,2377246
2023-05-05,108.3800,111.7325,107.5800,111.2500,2366094
2023-05-04,109.1800,111.5600,105.8100,106.7900,2723901
2023-05-03,100.0000,107.8100,99.9000,107.4600,6667324
2023-05-02,93.8500,95.3200,92.1300,95.2000,2747080
2023-05-01,93.7800,95.1600,92.9400,93.8500,2344294
2023-04-28,92.3200,95.4500,92.3200,94.7700,1940869
2023-04-27,90.5200,92.5500,90.3500,92.1000,1944671
2023-04-26,92.3700,92.9000,90.1000,90.3400,1645596
2023-04-25,93.5500,93.9300,92.2100,92.3900,1430928
2023-04-24,93.8000,94.4400,92.7400,93.7200,1270653
2023-04-21,94.6900,94.8100,93.2700,93.8700,1091043
2023-04-20,94.3100,95.5900,94.1850,94.7300,1916694
2023-04-19,96.6900,96.9060,94.4300,94.4700,2754857
2023-04-18,95.5300,96.8625,95.1750,96.7200,2525925
2023-04-17,94.1100,95.2850,93.8500,94.3000,1723134
2023-04-14,92.9900,94.4900,92.6000,94.3600,2292729
2023-04-13,93.5500,94.3300,92.4350,93.3400,2335069
2023-04-12,93.5500,94.7900,92.9300,92.9300,3064453
2023-04-11,89.1600,92.6900,89.1000,92.3700,3145725
2023-04-10,85.6500,88.6400,85.6250,88.6200,1786792
2023-04-06,85.5400,86.3800,84.8100,85.5300,1876637
2023-04-05,86.6200,86.9500,84.7800,85.9600,2086222
2023-04-04,89.8500,90.0350,87.0600,87.3600,2343544
2023-04-03,88.6100,90.2100,87.5600,90.1600,2577141
2023-03-31,86.9700,88.9000,86.7700,88.7800,1485752
2023-03-30,87.1700,87.9050,86.1100,86.2500,1723235
2023-03-29,87.4900,87.6500,85.6100,86.4600,1739928
2023-03-28,85.6300,86.9500,85.6100,86.3000,1648908
2023-03-27,85.3000,86.4500,84.5200,85.4300,2000868
2023-03-24,83.0400,84.8550,81.9200,84.4600,2102128
2023-03-23,84.7400,86.7700,83.2520,84.3100,1924587
2023-03-22,83.9300,86.2900,83.8000,83.8200,2069421
2023-03-21,83.5100,85.0000,83.4300,84.2300,1677433
2023-03-20,81.1900,83.1750,81.1900,82.0200,2077910
2023-03-17,81.6400,82.1850,79.3500,80.0900,3866066
2023-03-16,79.0700,83.1100,78.5300,82.3900,2475338
2023-03-15,79.5800,82.0700,78.4700,79.5300,2659807
2023-03-14,82.2200,82.7400,80.3400,81.0500,2517829
2023-03-13,80.1300,81.4600,79.1700,79.8400,2834332
2023-03-10,83.9000,84.0300,80.9000,81.6400,3126251
2023-03-09,86.1300,86.7900,83.7000,83.8100,1820880
2023-03-08,86.9300,86.9300,85.0300,86.1900,2123136
2023-03-07,87.1000,87.9700,86.0700,86.2000,2130162
2023-03-06,89.2000,90.2100,87.2050,87.2900,2130395
2023-03-03,87.5100,89.4100,87.0101,89.1800,1961116
2023-03-02,84.7400,87.2500,83.5100,86.7000,2407866
2023-03-01,84.9800,85.7800,82.9500,85.7600,2332444
2023-02-28,80.5600,86.2599,80.5000,84.7800,3371933
2023-02-27,81.3600,82.7900,80.7700,81.4900,1876325
2023-02-24,78.4800,80.3150,78.2400,80.0600,1131872
2023-02-23,79.2800,80.1700,78.1800,80.0100,1299968
2023-02-22,77.0900,78.8300,77.0500,78.5400,1336525
2023-02-21,79.6100,80.0000,76.6900,76.7700,2353967
2023-02-17,81.9500,81.9500,80.2700,81.4800,1326574
2023-02-16,81.7300,83.3400,80.8201,82.5000,986039
2023-02-15,81.6800,83.8900,81.3000,83.7800,1225962
2023-02-14,81.0000,82.4200,80.1400,82.2800,1300005
2023-02-13,80.6700,81.8500,79.8215,81.7200,1438549
2023-02-10,79.7500,80.9000,79.0400,80.3200,1213314
2023-02-09,82.9200,83.4100,80.1500,80.3100,1619171
2023-02-08,81.2600,81.9600,80.4400,81.7000,1285271
2023-02-07,80.7900,82.1400,80.3900,81.8700,1531935
2023-02-06,80.9200,82.4400,80.6700,81.9500,1544344
2023-02-03,82.7000,83.0900,81.3100,82.1000,2118665
2023-02-02,82.6700,85.4000,81.9000,84.2400,2351453
2023-02-01,79.5000,82.2800,78.6200,81.5400,1780139
2023-01-31,77.7000,79.9800,76.9800,79.7000,2319592
2023-01-30,76.3900,77.7599,76.3900,76.7200,1282814
2023-01-27,75.5000,77.4650,75.2800,77.3300,1291747
2023-01-26,73.9700,75.7900,73.9000,75.6800,1950784
2023-01-25,71.0900,73.5800,70.6300,73.5200,826663
2023-01-24,72.6000,73.2500,71.6000,72.1100,795409
2023-01-23,71.1100,72.6600,71.0600,72.4600,1040553
2023-01-20,69.5900,71.0200,68.9400,70.9800,1144342
2023-01-19,70.7300,71.2000,69.3900,69.5000,1317027
2023-01-18,72.3100,73.1850,71.2500,71.6900,1480412
2023-01-17,71.4700,72.2890,71.3400,71.7400,1110358
2023-01-13,68.1500,72.0200,67.6000,71.9300,2034281
2023-01-12,69.6000,70.2500,68.0200,70.2200,1939179
2023-01-11,68.6800,69.5300,68.1300,68.7800,1554487
2023-01-10,66.3900,67.4800,65.8800,67.3400,917195
2023-01-09,68.0000,68.0850,66.6600,67.0500,1174621
2023-01-06,66.8500,67.5400,65.9200,67.2400,1499327
2023-01-05,65.8200,66.6400,64.6150,66.5100,1436810
2023-01-04,66.2500,66.7433,65.3300,66.6700,2037281
2023-01-03,65.9500,66.5700,64.5350,65.3500,2194948
2022-12-30,64.3500,64.9100,63.9245,64.8800,1839009
2022-12-29,63.9200,65.7200,63.7800,65.2000,1523046
2022-12-28,65.4700,65.5000,63.5200,63.5200,1552196
2022-12-27,64.8300,65.5075,64.4400,65.1500,1389054
2022-12-23,64.7100,65.6300,63.8800,65.3000,1457289
2022-12-22,65.3000,65.4350,63.8100,65.0300,1824269
2022-12-21,65.2300,66.5500,64.4600,66.1500,2271119
2022-12-20,65.0000,65.8300,64.3100,65.3100,1841618
2022-12-19,67.0200,67.1928,65.5900,65.6000,2000653
2022-12-16,67.1900,68.4700,66.9200,67.5400,4935182
2022-12-15,66.3400,68.5390,65.6700,68.2700,2022286
2022-12-14,68.1100,68.6700,67.1000,67.6500,2031267
2022-12-13,69.0000,70.0000,67.1100,67.3900,2456933
2022-12-12,65.3600,66.7300,64.7300,66.4800,1953939
2022-12-09,65.8000,67.0000,65.3600,65.3600,2006693
2022-12-08,65.8100,67.0750,64.9150,66.4100,2256823
2022-12-07,62.0700,65.7700,62.0700,65.4700,2571112
2022-12-06,61.6600,62.3100,60.6800,62.1800,2587094
2022-12-05,61.7800,62.9300,60.4300,61.3300,1893708
2022-12-02,62.2100,63.8900,62.0100,63.1100,2146302
2022-12-01,64.8500,65.7799,63.5750,63.7300,1967044
2022-11-30,63.1800,64.0600,61.5500,63.9300,2669916
2022-11-29,61.1700,63.4500,61.1700,63.3200,2186101
2022-11-28,61.5100,63.0200,61.3000,62.0000,2567072
2022-11-25,60.1900,61.3600,60.1100,60.5200,510719
2022-11-23,60.8500,61.6300,59.9600,60.4700,1337639
2022-11-22,60.6400,61.7897,60.2301,60.9700,1930163
2022-11-21,63.1700,63.9100,59.3904,59.8800,1927773
2022-11-18,64.3600,64.9900,63.2100,64.2000,971441
2022-11-17,61.2700,62.9500,61.1100,62.9200,1123298
2022-11-16,63.4900,63.9000,62.7900,63.1200,1097763
2022-11-15,64.9000,66.7700,63.9600,64.0600,2320468
2022-11-14,65.2700,65.8100,62.8600,62.9700,1646208
2022-11-11,65.0700,67.4700,64.7970,65.8800,2221956
2022-11-10,60.9400,66.2000,60.9400,65.0800,3264566
2022-11-09,59.8000,60.2400,56.8350,57.0500,1869990
2022-11-08,58.3400,63.0000,58.3400,60.9100,3156749
2022-11-07,57.4500,57.9950,56.6100,57.9100,2495725
2022-11-04,57.9600,58.7900,55.3500,56.6800,1966963
2022-11-03,56.0100,57.5000,54.8200,56.5600,1879760
2022-11-02,61.2800,61.3500,57.6100,57.7100,1840690
2022-11-01,62.7900,63.7150,60.5800,61.5800,1085857
2022-10-31,61.1800,62.5100,60.9650,61.6600,1347197
2022-10-28,60.7100,62.0900,59.8700,61.9400,1138574
2022-10-27,60.9800,62.8300,60.7400,60.8600,1202875
2022-10-26,60.4200,61.7400,59.6300,60.7000,1497110
2022-10-25,58.0700,60.7490,58.0700,60.4700,1596747
2022-10-24,56.8000,58.0500,56.4000,57.7600,1234334
2022-10-21,54.3600,56.5900,53.7900,56.3200,2409074
2022-10-20,56.4500,57.0400,54.4300,54.4500,2208970
2022-10-19,59.4300,59.9300,55.4940,56.3400,2778131
2022-10-18,60.4500,61.7500,59.9300,60.6500,1965745
2022-10-17,59.4900,60.6700,58.6706,58.9800,2725520
2022-10-14,62.6700,63.3800,57.8400,57.9600,3486513
2022-10-13,60.4600,63.5600,58.3900,62.3700,2246586
2022-10-12,64.1400,64.4700,62.2500,62.8200,1361238
2022-10-11,63.4750,65.0400,63.3000,64.1900,2312687
2022-10-10,63.7200,65.1800,63.2900,64.0900,1996547
2022-10-07,62.7800,63.3000,61.6900,63.2400,1731264
2022-10-06,63.0000,64.6600,63.0000,63.7900,2137425
2022-10-05,62.3500,64.3750,62.0200,63.6200,1571268
2022-10-04,61.7700,63.5600,61.7700,63.4500,2587157
2022-10-03,59.1300,60.7800,59.1000,60.2800,2217932
2022-09-30,58.1600,60.3400,57.3400,58.9200,2495958
2022-09-29,57.4400,58.4000,56.7900,58.2000,2686274
2022-09-28,54.7500,58.7100,54.7400,58.4600,2788802
2022-09-27,53.7500,54.7600,53.2100,54.2900,1823265
2022-09-26,53.6500,54.5900,52.7000,52.8900,2427523
2022-09-23,54.5900,54.6300,53.0600,54.1400,2839953
2022-09-22,56.3000,56.8000,55.3300,55.5100,2406349
2022-09-21,56.9200,58.8300,56.5300,56.6100,1883832
2022-09-20,56.1900,56.6000,54.8800,56.3100,2185981
2022-09-19,54.9400,57.9900,54.7500,57.1500,2446665
2022-09-16,54.4100,56.1200,54.2006,55.4100,7395977
2022-09-15,55.0000,56.2300,54.7500,55.3000,2686947
2022-09-14,56.5700,56.5700,54.4100,55.2200,2849163
2022-09-13,58.7300,59.1000,56.4728,56.6100,2520725
2022-09-12,61.7700,62.3900,60.9100,61.4100,1593119
2022-09-09,59.1400,61.2400,59.1225,61.1700,1760151
2022-09-08,57.7100,58.8400,56.9050,58.6800,1699862
2022-09-07,57.7500,58.8000,56.8800,58.6300,1988227
2022-09-06,58.5100,58.7000,57.0200,57.6400,1997215
2022-09-02,59.8000,60.1400,58.2200,58.5700,1879713
2022-09-01,58.0900,59.3000,57.3250,58.7600,1856238
2022-08-31,59.4600,59.7700,58.4800,58.6100,2047534
2022-08-30,60.7000,61.0800,59.4200,59.8500,1671244
2022-08-29,61.4600,62.0800,60.4100,60.4400,1487697
2022-08-26,64.9500,65.0000,61.8614,62.1000,1945916
2022-08-25,64.7000,65.7200,63.8800,65.2700,1347485
2022-08-24,63.5700,65.4400,63.1800,64.4400,1078592
2022-08-23,65.0800,66.0500,64.1700,64.2000,1518217
2022-08-22,65.0000,66.0350,64.6700,64.7800,1291675
2022-08-19,67.6100,67.8000,65.9000,66.3200,1327241
2022-08-18,67.8900,68.8300,67.4200,68.4300,1316299
2022-08-17,67.8000,68.3200,66.3600,67.0000,1389755
2022-08-16,69.0600,70.0200,68.1600,69.2100,1578536
2022-08-15,69.8200,69.9028,67.1100,69.6600,2572159
2022-08-12,70.6400,71.5700,69.5700,70.7500,1421561
2022-08-11,68.8400,72.1100,68.5100,70.2600,2608195
2022-08-10,68.6600,70.3000,68.1000,68.3700,1796665
2022-08-09,68.9000,69.1450,66.4100,66.7800,2021315
2022-08-08,68.7700,70.4800,68.7450,69.7800,1515357
2022-08-05,70.2400,70.2400,67.7350,68.3700,1680005
2022-08-04,68.5000,71.1500,68.0200,70.8100,1724528
2022-08-03,70.1100,71.0300,67.4600,69.0100,2869858
2022-08-02,71.9100,72.4100,70.1300,70.2700,3339243
2022-08-01,70.7200,74.4800,69.4600,73.3400,5421908
2022-07-29,66.4000,68.3100,66.1900,68.0000,2744428
2022-07-28,65.3300,66.0100,64.1700,65.8300,1986832
2022-07-27,64.7600,65.7900,63.5500,65.2400,1343002
2022-07-26,65.1800,65.4600,63.6900,64.3400,1675748
2022-07-25,65.3700,66.3100,64.3700,65.1800,1484190
2022-07-22,66.2600,67.5500,64.8400,65.5600,2068142
2022-07-21,65.6000,66.1100,63.1400,65.6900,2641883
2022-07-20,65.2900,66.3300,64.3800,66.1200,2690832
2022-07-19,65.0200,65.7000,64.2800,65.3700,3159122
2022-07-18,64.3100,65.7200,63.5600,63.7200,2070915
2022-07-15,63.7100,64.0200,61.3900,63.8400,2628855
2022-07-14,61.2400,63.1700,60.0300,62.8500,2799076
2022-07-13,61.1800,63.4000,59.8300,63.1100,2679097
2022-07-12,59.9100,62.6600,59.9100,62.5100,3046691
2022-07-11,60.0200,61.3800,59.8200,59.9800,1548559
2022-07-08,60.7700,61.1100,59.7300,60.7400,2111636
2022-07-07,59.3100,60.7900,58.7200,60.5200,2783239
2022-07-06,58.6700,59.8400,56.9000,58.8600,2950007
2022-07-05,56.1000,58.7000,55.9000,58.6900,2625970
2022-07-01,53.8900,57.7400,53.7000,57.4600,3419546
2022-06-30,51.7400,54.5800,51.3700,53.7000,3091620
2022-06-29,52.6700,53.5150,51.8900,52.6700,2114312
2022-06-28,53.6400,54.7925,52.5700,52.6500,2361083
2022-06-27,53.0000,54.5300,52.7800,53.4400,2963823
2022-06-24,51.6700,54.4500,51.6700,52.8000,3870800
2022-06-23,50.0700,51.7700,49.9100,51.1200,2686156
2022-06-22,49.0500,51.2000,48.9100,50.0200,5205425
2022-06-21,51.6000,52.5800,50.3600,50.9000,3881834
2022-06-17,50.6600,51.2700,49.1800,50.4800,7775127
2022-06-16,53.1500,54.4100,49.9200,50.4800,4546609
2022-06-15,55.9800,56.7500,53.7700,55.4600,4300160
2022-06-14,55.7700,57.3400,54.4400,55.1000,3907533
2022-06-13,57.3300,58.2300,55.2700,55.4700,3864717
2022-06-10,64.0000,64.1500,60.0100,60.1700,2973614
2022-06-09,65.0000,66.8500,64.6200,65.1700,2050714
2022-06-08,67.3300,67.6200,65.0300,65.5200,1661566
2022-06-07,65.6600,67.6900,65.3100,67.6600,1483411
2022-06-06,66.2800,67.7934,65.4100,66.5700,2224839
2022-06-03,64.6000,66.1200,64.0710,65.8000,1745332
2022-06-02,63.8800,65.9200,63.8400,65.8700,1753371
2022-06-01,65.8000,66.2000,62.7100,63.8100,2077694
2022-05-31,66.3700,66.4700,64.5250,65.0900,2834300
2022-05-27,67.1500,68.0000,65.5600,66.7600,1909104
2022-05-26,62.9100,66.5800,62.8770,66.2700,2025110
2022-05-25,58.7000,62.6800,58.6500,62.2400,2681858
2022-05-24,62.0100,62.2850,57.2100,59.0400,3996310
2022-05-23,61.1800,63.1600,60.2200,62.5000,2477246
2022-05-20,63.7500,63.9800,58.6650,60.8200,4469645
2022-05-19,62.4800,64.5500,62.1200,62.7100,3038320
2022-05-18,67.2700,67.5100,62.7700,62.9900,3478783
2022-05-17,68.3800,69.3100,65.4900,68.3600,3281867
2022-05-16,67.2800,67.7800,64.1500,66.7200,3150714
2022-05-13,64.8900,69.1500,64.8900,66.8900,3549805
2022-05-12,62.4700,65.0100,61.5000,64.0000,3544379
2022-05-11,65.3300,68.0000,62.9200,62.9900,2903044
2022-05-10,69.1500,71.6000,64.4900,65.1300,4515482
2022-05-09,63.6400,66.4800,63.1100,64.7500,2967828
2022-05-06,65.1500,65.6599,62.6400,65.0900,2629468
2022-05-05,67.2600,68.5050,64.8400,65.9100,2473120
2022-05-04,65.2100,68.9200,64.1900,68.6100,2417229
2022-05-03,63.2300,65.0700,62.5600,64.8300,2516534
2022-05-02,61.7400,63.3600,60.5900,63.2800,2049393
2022-04-29,63.3200,64.5800,61.3600,61.5700,1847269
2022-04-28,60.7000,64.5200,59.9600,63.9700,2063869
2022-04-27,61.4300,62.2100,59.3200,60.4200,1879277
2022-04-26,65.1900,66.0400,60.8000,61.3600,2782943
2022-04-25,60.9700,66.0900,60.5800,65.8500,3144087
2022-04-22,62.5200,63.3000,61.1200,61.4100,1591600
2022-04-21,66.2500,66.8300,62.1200,62.3900,2599108
2022-04-20,64.4600,65.7100,64.2350,64.9900,3635959
2022-04-19,60.7100,64.2900,60.7100,63.6300,3263774
2022-04-18,61.0000,62.0400,60.1850,60.8000,2578153
2022-04-14,62.4700,63.3300,61.1100,61.1600,1798335
2022-04-13,60.6400,62.6550,60.3200,62.1100,1764246
2022-04-12,62.0000,63.9900,59.8100,60.3300,2377382
2022-04-11,59.1000,62.3900,58.8000,60.7600,2621233
2022-04-08,59.9300,62.0100,59.5300,59.8600,2186375
2022-04-07,58.7600,60.4600,58.6000,59.8700,3232638
2022-04-06,60.8950,61.3700,59.6200,59.9400,4506042
2022-04-05,64.4600,65.3700,62.4600,62.6400,2735155
2022-04-04,64.2800,65.4400,63.4300,64.9200,2513090
2022-04-01,65.3400,66.4800,63.8300,64.2000,3169959
2022-03-31,67.9200,68.0900,64.5300,64.5400,3685868
2022-03-30,71.0200,71.4300,67.4600,67.9500,2117905
2022-03-29,70.5800,72.9900,70.4300,71.8500,2176844
2022-03-28,68.2900,69.5200,66.9500,69.3300,2771258
2022-03-25,69.3800,70.1350,66.4100,67.9600,3003809
2022-03-24,73.1000,73.1500,69.1900,69.5300,3346536
2022-03-23,75.1800,75.7200,73.4600,73.4900,1397517
2022-03-22,76.5600,77.6500,75.3250,76.3000,1739188
2022-03-21,78.0100,78.4900,75.4300,76.3600,1495801
2022-03-18,75.9000,78.6000,75.2350,78.2900,2944429
2022-03-17,74.8700,77.1300,74.2400,76.9000,1470471
2022-03-16,74.0000,75.9100,71.9600,75.2700,2474294
2022-03-15,70.8500,73.5600,70.2100,73.3600,2493160
2022-03-14,74.1400,74.9300,68.6400,70.0100,3471949
2022-03-11,75.3300,76.3700,73.9100,74.3300,1516741
2022-03-10,72.3600,75.0200,72.0937,74.6600,2511287
2022-03-09,73.0400,74.6200,72.1900,73.8500,2468404
2022-03-08,68.6500,72.2200,67.4900,70.5700,3530930
2022-03-07,73.5800,73.9600,67.6500,67.9200,3136747
2022-03-04,74.3000,74.9100,72.5900,74.1100,2749656
2022-03-03,77.7600,78.4900,74.5200,74.8700,2769109
2022-03-02,74.5100,77.7200,73.7500,77.2700,3180194
2022-03-01,76.5000,77.9200,71.7700,73.0500,3322520
2022-02-28,71.3600,74.7550,71.3400,74.4200,3075885
2022-02-25,69.7600,72.8800,69.0498,72.7200,1877824
2022-02-24,64.1300,69.6700,63.5600,69.5400,2341155
2022-02-23,70.1200,70.6600,66.1700,66.6200,2541246
2022-02-22,70.8300,71.5793,68.3300,69.3600,2263121
2022-02-18,70.8300,72.9500,70.2500,71.7200,2184465
2022-02-17,70.7500,71.4000,68.9000,69.0500,1734394
2022-02-16,70.6700,71.5800,69.7800,71.1700,1370900
2022-02-15,69.8000,71.6600,69.5500,71.3400,1411710
2022-02-14,68.1000,70.5000,68.1000,68.7800,1790247
2022-02-11,69.7100,70.9400,67.6100,68.3800,1947519
2022-02-10,69.9400,72.0000,68.5500,69.0300,2479494
2022-02-09,71.3400,72.9600,70.5800,71.4800,2130934
2022-02-08,67.7800,70.5450,67.7000,70.0700,1916898
2022-02-07,67.1900,68.7500,66.8900,67.5200,1552660
2022-02-04,68.8500,69.6400,65.7900,66.8100,3069434
2022-02-03,70.4900,71.3400,69.1100,69.4900,1781012
2022-02-02,70.4600,72.0200,70.0650,71.5500,2959738
2022-02-01,68.7100,70.3800,67.4700,70.1000,2765223
2022-01-31,66.0700,68.0400,65.7700,67.9900,2596013
2022-01-28,64.4300,66.4300,63.2000,66.3600,2274793
2022-01-27,66.9800,67.4300,64.1400,64.1900,2923888
2022-01-26,69.2100,70.3650,65.0500,65.8000,3039696
2022-01-25,67.9200,69.2800,67.1150,67.7500,2257369
2022-01-24,64.9700,70.1600,63.9000,69.8000,3403859
2022-01-21,69.0000,70.3100,66.8700,67.0000,3731031
2022-01-20,73.7700,74.1700,69.5300,69.7400,3144196
2022-01-19,76.1900,76.8930,72.5500,72.6300,3112121
2022-01-18,77.2300,77.7400,75.5600,75.9500,2462612
2022-01-14,78.8700,80.4000,77.2212,78.6800,2017961
2022-01-13,81.6000,83.3600,80.2100,80.5800,1933920
2022-01-12,81.5000,82.9700,80.5000,81.1800,2119687
2022-01-11,79.4100,80.5600,77.4300,80.4900,2892735
2022-01-10,77.4500,79.0700,76.0604,79.0100,2863448
2022-01-07,82.5000,82.9299,77.6900,78.6300,3729197
2022-01-06,83.0900,83.0900,80.5200,82.4600,4030694
2022-01-05,86.1800,86.4500,82.0400,82.4000,3458745
2022-01-04,84.3600,85.5496,83.8000,85.4200,2344806
2022-01-03,86.2000,86.4800,82.6900,83.4900,2984712
2021-12-31,84.2900,86.2000,84.2000,85.7100,1449436
2021-12-30,85.0500,85.7700,83.8100,84.0500,1576111
2021-12-29,84.4600,85.3000,83.7200,85.0500,2321824
2021-12-28,84.0000,85.0800,83.9600,84.4600,1885353
2021-12-27,82.7300,84.4300,82.5000,84.3100,2563233
2021-12-23,81.2000,82.9024,80.8900,82.1500,2384714
2021-12-22,78.6900,81.4300,78.5100,81.0600,2502055
2021-12-21,76.0300,78.6900,76.0300,78.6900,2774235
2021-12-20,75.4900,75.6100,72.6000,75.1300,3020866
2021-12-17,76.1700,77.6200,75.6800,76.8300,8234062
2021-12-16,79.0000,79.1460,76.8820,77.2500,2466838
2021-12-15,76.9400,78.3600,75.8200,78.2600,2838468
2021-12-14,76.1700,77.6300,75.5200,76.6400,2879977
2021-12-13,80.1300,80.2200,77.0900,77.4400,3203120
2021-12-10,78.1300,79.6800,77.9300,79.5700,3218059
2021-12-09,76.5100,79.0000,75.8500,77.7500,2943817
2021-12-08,78.4200,79.0200,75.9356,76.4800,3587621
2021-12-07,77.0400,80.9480,75.7600,76.0000,5495481
2021-12-06,72.2000,74.4700,71.7400,73.3800,2856623
2021-12-03,73.7800,74.4100,70.4900,71.1100,3087838
2021-12-02,70.1800,74.2000,70.1800,73.3200,2631660
2021-12-01,71.5500,73.0300,70.1400,70.2200,2536007
2021-11-30,71.2500,71.5000,68.7700,69.4400,2764178
2021-11-29,72.9600,73.3300,71.4300,71.8500,2435120
2021-11-26,71.6800,72.7700,70.9300,71.4300,2197409
2021-11-24,73.0000,74.1500,72.8200,73.7100,1932841
2021-11-23,71.0200,73.3700,70.6822,73.3500,2213475
2021-11-22,71.3900,73.3600,70.9700,71.8000,2560688
2021-11-19,70.6000,72.0700,70.1600,70.2400,2699344
2021-11-18,72.0800,72.0800,69.6100,71.1900,3206179
2021-11-17,68.6400,69.5900,67.9201,69.2500,1733684
2021-11-16,67.5300,69.3800,67.1700,69.0000,3213576
2021-11-15,68.9000,68.9000,66.6840,67.0000,2020045
2021-11-12,68.0000,68.3600,67.4300,68.0000,1413621
2021-11-11,67.0200,68.3900,66.9000,67.4600,1221460
2021-11-10,67.0100,68.2800,66.2800,66.9200,1784157
2021-11-09,67.6100,68.4500,67.0100,67.6800,2177340
2021-11-08,68.4600,68.9100,66.5300,66.8400,2281886
2021-11-05,67.9600,68.9200,66.6800,67.2400,3217492
2021-11-04,66.9700,68.0000,64.5900,65.4000,5254107
2021-11-03,58.0000,60.4600,57.7500,60.2600,3574681
2021-11-02,58.4700,58.7100,57.0500,58.2000,1675597
2021-11-01,58.5600,59.2800,57.4500,58.5400,1634145
2021-10-29,58.0800,58.4800,57.7800,58.2700,1462209
2021-10-28,57.3300,58.4700,57.1200,58.2400,1580581
2021-10-27,59.3100,59.5900,56.6400,57.0400,1861153
2021-10-26,60.1400,60.5100,58.2600,58.7600,2019538
2021-10-25,58.9900,60.1800,58.8400,60.1400,1871026
2021-10-22,58.6200,59.5600,58.3800,58.8900,1409123
2021-10-21,57.8600,58.9000,57.7400,58.5500,1287245
2021-10-20,57.8000,58.8100,57.2400,58.2900,1318607
2021-10-19,57.8300,58.2500,57.2200,57.5200,1401195
2021-10-18,57.1500,58.2300,56.7700,57.8200,1743056
2021-10-15,57.5400,57.9300,56.9300,57.0700,1886506
2021-10-14,57.0000,57.8100,56.4500,56.8100,2031168
2021-10-13,55.9900,56.6100,55.5000,56.4200,1392528
2021-10-12,55.3200,56.3100,55.1000,55.4500,1641555
2021-10-11,55.1100,56.0000,55.0900,55.2000,1095243
2021-10-08,54.8400,55.9750,54.4500,55.0900,1568893
2021-10-07,53.6800,55.5000,53.6800,54.7500,1454971
2021-10-06,52.3100,53.3400,51.3300,53.1400,1258766
2021-10-05,52.6700,53.6800,52.0300,52.7300,1482868
2021-10-04,52.7200,53.1700,52.2700,52.5800,1950837
2021-10-01,52.0000,53.4600,51.6400,52.9600,1929501
2021-09-30,53.9800,54.1541,51.7200,51.7400,2446995
2021-09-29,54.4000,54.7900,53.7250,53.9200,1439717
2021-09-28,54.3600,54.7510,53.5311,53.9400,1739456
2021-09-27,53.9800,55.5400,53.9050,54.9000,1924785
2021-09-24,54.1800,54.5450,53.8900,54.1600,1313619
2021-09-23,53.9100,55.0500,53.8400,54.2600,1868599
2021-09-22,52.9900,54.6900,52.8300,53.9600,2739446
2021-09-21,52.2100,52.9150,51.5200,52.4000,1369773
2021-09-20,51.0000,52.0900,50.5900,52.0200,1788269
2021-09-17,52.8100,53.4800,52.4150,52.8200,3156179
2021-09-16,52.9200,53.3900,52.4200,52.8000,1843483
2021-09-15,52.1500,53.4900,51.6800,53.1200,2430402
2021-09-14,53.3800,53.4500,52.0500,52.3100,1779259
2021-09-13,54.4400,54.4900,53.2300,53.5400,2479102
2021-09-10,54.7400,55.0000,53.4100,53.4700,1938435
2021-09-09,54.1500,54.9200,54.0100,54.3700,1367482
2021-09-08,53.9500,54.6500,53.6900,54.1300,1572116
2021-09-07,54.7400,54.9100,54.1700,54.3300,1408693
2021-09-03,54.2200,54.7300,53.7200,54.4900,1360001
2021-09-02,54.1700,55.1700,54.1600,54.6100,1837102
2021-09-01,53.5400,54.0700,52.5900,53.5900,2190657
2021-08-31,53.4500,53.9000,52.8200,53.2900,2046935
2021-08-30,53.5600,53.9600,52.6400,53.4200,1822306
2021-08-27,51.6000,53.7400,51.6000,53.2500,1988630
2021-08-26,52.4100,52.8400,51.5400,51.7500,1887766
2021-08-25,51.2500,53.1300,51.0100,52.3900,2212156
2021-08-24,50.4100,51.9000,50.4100,51.1400,2378363
2021-08-23,49.5000,50.2600,49.0100,50.1700,1663396
2021-08-20,48.2400,49.2500,47.9100,49.1100,1786129
2021-08-19,48.2500,49.4100,47.8650,48.4300,2849747
2021-08-18,49.2400,50.1500,49.1280,49.2200,2683071
2021-08-17,50.7800,51.0200,49.1000,49.7000,3816869
2021-08-16,51.5700,52.0400,50.5800,51.5800,2211577
2021-08-13,51.5000,52.2550,51.1600,51.7600,2049756
2021-08-12,52.0000,52.7200,51.2100,51.9000,4438453
2021-08-11,48.8200,50.3100,48.3600,50.2400,2382020
2021-08-10,47.6200,49.4700,47.4500,48.7900,2001905
2021-08-09,47.2900,48.2100,46.7500,47.5000,2050616
2021-08-06,48.0200,48.1500,46.8950,47.2900,1910868
2021-08-05,47.2600,48.8950,47.0000,47.3300,3786842
2021-08-04,45.3700,47.0000,45.2600,45.9500,2957744
2021-08-03,44.7700,46.0000,43.7300,45.8600,2231204
2021-08-02,44.5300,45.6000,44.2200,44.4500,2046878
2021-07-30,44.5800,45.4000,44.4500,44.5000,1445265
2021-07-29,44.6600,45.6350,44.4500,44.9400,1683636
2021-07-28,44.2600,44.8600,43.0100,44.1200,1132226
2021-07-27,44.1300,44.3599,43.3100,44.2000,1193578
2021-07-26,45.5100,45.5699,43.6600,44.0100,2340895
2021-07-23,44.9300,45.6900,44.5500,45.3600,1750359
2021-07-22,44.5200,44.8500,43.8700,44.5500,2224224
2021-07-21,43.4100,45.2900,43.4100,44.9400,5515069
2021-07-20,40.4300,42.2650,40.2400,41.9900,2706020
2021-07-19,39.8700,41.0150,39.2400,40.4700,2609989
2021-07-16,41.5612,42.0700,40.8800,40.9800,2113132
2021-07-15,41.6800,42.6800,41.6200,41.8400,2222186
2021-07-14,42.5000,42.9269,41.4700,41.9500,2649082
2021-07-13,43.4700,43.5900,42.0800,42.3300,2021537
2021-07-12,42.6200,43.9000,42.5750,43.7500,1991835
2021-07-09,42.4500,42.8700,42.2550,42.7700,2607569
2021-07-08,41.3800,42.4900,40.9300,41.7500,3805555
2021-07-07,41.9600,43.1000,41.6500,43.0100,2606332
2021-07-06,43.0500,43.0850,41.0600,42.1700,3324005
2021-07-02,43.7000,43.8400,43.1600,43.2600,1415322
2021-07-01,42.7300,43.9400,42.5500,43.6800,3050213
2021-06-30,42.6800,43.0300,41.7500,42.6600,4055541
2021-06-29,45.2807,45.4600,42.5000,42.5700,4612802
2021-06-28,45.5600,45.6650,45.1000,45.2400,3753125
2021-06-25,44.8400,45.8600,44.6100,45.2100,29315108
2021-06-24,44.7050,44.9000,43.9300,44.8400,2645630
2021-06-23,44.3600,44.6250,43.7000,44.1500,1957320
2021-06-22,43.9100,44.5000,43.2200,44.4300,2977966
2021-06-21,42.7700,43.9500,42.3800,43.8800,2939540
2021-06-18,41.9569,43.3300,41.9569,42.2200,3800241
2021-06-17,43.2700,44.0700,42.1100,43.0300,2679278
2021-06-16,42.9600,43.6450,42.5100,43.3300,2538954
2021-06-15,42.5000,43.6650,42.3500,43.3600,2732130
2021-06-14,43.7400,43.8900,41.9150,42.6100,4493447
2021-06-11,43.0900,44.1300,43.0800,43.8600,3052787
2021-06-10,43.5900,43.8200,42.3100,42.6800,6613106
2021-06-09,43.1900,44.3600,42.9500,43.7600,5802773
2021-06-08,41.8150,42.4300,41.2300,42.2600,3719121
2021-06-07,42.7900,42.8800,41.8900,41.9300,2030475
2021-06-04,42.5200,43.3200,41.9500,42.7000,2516711
2021-06-03,42.5200,42.7700,41.7450,42.2500,3256353
2021-06-02,44.5000,44.6000,42.6700,42.8800,3349336
2021-06-01,44.9800,45.4300,44.2400,44.4700,1980022
2021-05-28,45.3500,45.4600,43.7399,44.5400,1852470
2021-05-27,45.7900,46.0000,45.0000,45.1500,2169545
2021-05-26,44.9700,45.5650,44.4000,45.1700,1745133
2021-05-25,44.7000,46.1400,44.6100,44.8600,2614294
2021-05-24,44.5600,44.8800,44.0600,44.4800,1996088
2021-05-21,45.3200,46.0900,43.9200,43.9600,2700825
2021-05-20,44.9500,45.0200,44.0050,44.7800,2245713
2021-05-19,44.9300,45.4000,43.7000,44.6200,4142821
2021-05-18,48.1600,48.4398,45.7600,45.8500,3141568
2021-05-17,47.6300,48.0500,46.1300,47.9500,2358836
2021-05-14,48.5000,48.8615,47.3700,47.9300,3634969
2021-05-13,47.0000,48.6200,46.7300,47.9600,3238737
2021-05-12,49.7100,49.8700,46.4100,46.6400,4432826
2021-05-11,50.7600,51.3800,49.1700,50.4000,2970459
2021-05-10,53.1500,53.9900,52.2300,52.3000,3310273
2021-05-07,52.3600,52.8800,50.9700,52.3600,3075965
2021-05-06,52.0000,52.9100,49.9200,52.0000,4275733
2021-05-05,48.7100,49.3300,47.6800,49.0600,2406497
2021-05-04,48.7700,49.4800,48.2400,48.8100,2182563
2021-05-03,49.3500,49.8100,48.8800,49.3000,2009958
2021-04-30,49.5200,49.9700,48.3900,48.6700,1991955
2021-04-29,49.9500,50.5100,49.1400,49.9700,1587948
2021-04-28,49.8100,49.8700,48.8500,49.0500,1126526
2021-04-27,49.8700,50.8300,49.5300,49.9600,1338073
2021-04-26,49.1900,49.8300,49.0200,49.6000,1791132
2021-04-23,48.1600,49.1300,47.7800,48.7700,1373924
2021-04-22,48.4400,48.9600,47.2300,47.7600,1977178
2021-04-21,47.4700,48.4100,47.3001,48.1700,1537036
2021-04-20,49.4700,49.9700,46.9800,47.7100,1907355
2021-04-19,50.0000,50.4800,49.0300,49.8100,1900592
2021-04-16,49.2200,50.1900,49.0400,49.8100,2575229
2021-04-15,48.0600,48.8800,48.0600,48.5000,1634530
2021-04-14,48.2400,48.8900,47.7000,47.8200,2180603
2021-04-13,49.1900,49.3400,47.4000,48.3200,1338459
2021-04-12,48.9000,49.6200,48.2500,49.3000,1715008
2021-04-09,47.1800,48.8081,47.1200,48.5950,1428896
2021-04-08,47.2500,47.5000,46.2550,47.3400,977352
2021-04-07,48.1000,48.2200,46.7700,46.9500,1720120
2021-04-06,48.0300,48.3800,47.3600,48.0500,1316617
2021-04-05,48.7100,49.0400,47.1400,47.5850,1481635
2021-04-01,46.7600,48.0580,46.6800,47.3700,2863577
2021-03-31,46.2600,47.0100,46.0000,46.3700,1933070
2021-03-30,44.6400,45.9400,44.3400,45.9100,1223518
2021-03-29,46.9392,46.9392,44.3200,44.7600,1869948
2021-03-26,44.7700,46.6900,43.7481,46.6200,2628638
2021-03-25,42.0100,44.3499,41.1000,44.0500,1810791
2021-03-24,42.8500,44.2700,42.3600,42.3700,2604860
2021-03-23,44.3450,44.4000,42.1100,42.2800,3385172
2021-03-22,46.0600,46.3400,44.4400,44.8700,1639575
2021-03-19,45.7900,46.3500,44.2700,45.9000,5608188
2021-03-18,47.2500,47.6000,45.6400,45.6800,1386118
2021-03-17,45.7400,47.7400,45.2400,47.5000,2475443
2021-03-16,46.6500,47.0700,45.3500,45.8000,1481875
2021-03-15,46.8700,47.2600,45.5100,47.0250,2205394
2021-03-12,46.5200,47.4400,46.2300,46.7400,1660175
2021-03-11,47.4000,47.4950,46.1950,47.0500,1608828
2021-03-10,45.5000,47.3100,45.1100,47.0800,2008261
2021-03-09,45.0600,45.4600,44.6400,44.8200,1428157
2021-03-08,43.8200,44.7500,43.3300,44.3300,2071508
2021-03-05,42.7400,43.6600,40.5500,43.5200,2764003
2021-03-04,43.0900,43.3900,41.1000,42.3200,2532193
2021-03-03,43.9500,44.2400,42.5500,43.2500,2025912
2021-03-02,44.6200,44.6200,43.4400,43.7100,2204633
2021-03-01,44.6300,45.9200,43.2700,44.8400,2637067
2021-02-26,41.1814,44.7100,40.6800,43.2650,3561555
2021-02-25,42.1300,42.2600,40.2300,40.6100,1993153
2021-02-24,41.8900,42.5400,40.8700,42.4000,2676841
2021-02-23,41.0900,42.0800,39.2000,41.7300,1722207
2021-02-22,40.7400,42.0900,40.2200,41.3800,1682815
2021-02-19,40.5000,41.6200,40.1600,40.9100,1698829
2021-02-18,40.9600,41.2700,39.7002,40.0500,2050758
2021-02-17,41.4100,41.6610,40.6400,41.2200,1335176
2021-02-16,43.9604,43.9604,41.5000,41.7100,1473520
2021-02-12,43.0800,44.1300,42.8500,43.4200,1151910
2021-02-11,43.1500,43.4900,42.4200,43.4200,1445985
2021-02-10,43.5800,43.8300,42.1200,42.6900,1324375
2021-02-09,43.2600,43.9900,42.6100,43.4900,1713371
2021-02-08,42.8600,43.7729,42.5500,43.4100,1995488
2021-02-05,41.9600,42.6300,41.4000,42.5900,1988715
2021-02-04,40.2800,41.6000,40.0900,41.5500,1479666
2021-02-03,39.8100,40.8700,39.5100,40.3700,1469170
2021-02-02,40.1400,40.2400,39.0300,39.9600,1116442
2021-02-01,38.6300,39.5400,37.7400,39.4200,1510688
2021-01-29,39.0600,39.2400,37.4600,38.2500,1972918
2021-01-28,38.3700,39.2700,37.7900,38.8900,2139921
2021-01-27,39.4300,39.6400,37.6560,37.9400,2623618
2021-01-26,42.2800,42.4700,40.2300,40.3600,1654100
2021-01-25,42.8200,43.1500,40.7750,41.9300,1868906
2021-01-22,42.2350,42.9400,41.6200,42.8800,2545552
2021-01-21,41.6000,43.4800,41.4700,42.6000,2746237
2021-01-20,40.6600,41.5000,40.1600,41.4700,3935242
2021-01-19,41.1400,41.4660,40.2550,40.4000,2610529
2021-01-15,39.9100,41.6300,39.6500,40.8700,3652836
2021-01-14,39.2300,40.5000,39.1700,40.2500,3061432
2021-01-13,39.8950,40.0650,38.5000,38.6000,2091115
2021-01-12,39.6500,39.8900,39.0500,39.5000,2699585
2021-01-11,39.6400,40.3825,39.3100,39.6300,2163982
2021-01-08,42.4700,42.5450,40.0700,40.1700,3452813
2021-01-07,41.3000,42.4500,40.2100,42.3900,2439487
2021-01-06,39.7000,40.9800,38.3700,40.9400,4651662
2021-01-05,39.5300,40.3400,39.0400,39.7000,3872926
2021-01-04,41.2500,41.5700,38.7000,39.8300,2913840
2020-12-31,42.1200,42.3000,40.5200,40.8100,14720960
2020-12-30,42.0900,42.8400,41.7400,42.2800,2374719
2020-12-29,41.9500,42.4900,40.7800,41.9100,3133441
2020-12-28,42.7800,42.7800,41.3599,41.9200,2139231
2020-12-24,41.6000,42.2800,41.3600,42.2700,716782
2020-12-23,41.2200,41.7300,40.6200,41.5600,1667558
2020-12-22,40.8300,41.1400,40.0600,41.0500,1754496
2020-12-21,38.3900,40.7600,38.2800,40.7300,2322784
2020-12-18,38.8100,39.9400,37.9600,39.4400,3017417
2020-12-17,36.3900,38.2750,36.1000,38.1700,1619674
2020-12-16,36.6800,36.7670,35.4500,35.7800,1272612
2020-12-15,35.7500,36.6400,35.3200,36.4000,2375958
2020-12-14,36.0400,36.3900,35.4000,35.4400,1467099
2020-12-11,35.8400,36.0800,35.3000,35.7700,1139791
2020-12-10,35.1000,36.1000,34.7600,36.0300,1013962
2020-12-09,35.5000,36.2000,35.1100,35.4800,1450781
2020-12-08,36.7600,36.9700,35.2100,35.3000,1889903
2020-12-07,35.7400,37.3400,35.2400,37.0000,1668154
2020-12-04,35.9500,36.2200,34.4200,35.3000,2201699
2020-12-03,35.2300,36.3300,34.9000,35.9300,1061275
2020-12-02,35.6600,35.9700,34.7100,35.2300,1755526
2020-12-01,38.4000,38.4800,35.7200,35.9300,1903518
2020-11-30,37.8100,38.0900,36.6800,37.4100,2513322
2020-11-27,37.3000,38.0900,37.2500,37.9300,920907
2020-11-25,37.1300,37.5200,36.5387,37.3300,1256579
2020-11-24,37.1000,37.2600,36.1100,37.0900,1787115
2020-11-23,36.0800,37.1500,35.9500,36.7800,1410784
2020-11-20,36.4900,36.5000,35.4450,35.7600,1755132
2020-11-19,36.0000,36.8500,35.5850,36.7400,1315958
2020-11-18,34.5800,36.4550,34.5800,36.0500,1426257
2020-11-17,35.2500,36.1900,35.0400,35.8100,1901537
2020-11-16,36.0200,36.2398,35.1518,35.8600,1568447
2020-11-13,34.1700,35.0200,33.9200,34.8350,1415263
2020-11-12,34.1600,34.6950,33.4900,33.8300,1172958
2020-11-11,33.9900,34.4400,33.2400,34.3800,1733895
2020-11-10,33.2300,34.1400,32.4700,33.8000,2275660
2020-11-09,35.8600,36.8800,32.1400,32.2100,3532351
2020-11-06,34.6500,34.7650,33.6400,34.0900,4163314
2020-11-05,34.7000,36.0700,34.4900,34.6500,2290553
2020-11-04,32.4400,34.4900,32.3100,34.1000,1766175
2020-11-03,34.2200,34.2200,31.7300,32.6800,2203172
2020-11-02,31.2100,32.9300,30.7800,32.6700,3261862
2020-10-30,32.0000,32.9700,30.0500,30.3000,4407926
2020-10-29,30.4000,30.6200,29.7300,30.0100,1843486
2020-10-28,30.2100,31.3900,30.1500,30.5100,1478854
2020-10-27,31.4900,32.1800,30.9400,31.3500,1806703
2020-10-26,31.8200,32.1300,31.0700,31.6900,1373171
2020-10-23,32.6100,33.0650,32.0600,32.6600,1166518
2020-10-22,32.7500,32.9000,31.5900,32.2500,1447674
2020-10-21,33.5700,34.0600,32.4550,32.5500,979738
2020-10-20,32.7500,34.4900,32.6800,33.6650,1808595
2020-10-19,33.6200,33.9000,32.5400,32.6800,1258376
2020-10-16,34.2800,34.4600,33.4300,33.5000,1118577
2020-10-15,33.4000,34.4200,33.0000,34.1800,1219958
2020-10-14,34.3800,34.6900,33.8300,33.9100,620590
2020-10-13,34.3100,34.5300,33.6600,34.1800,1353234
2020-10-12,34.4000,34.6700,34.0350,34.5400,1073538
2020-10-09,34.3300,34.4900,33.4800,34.0000,1190455
2020-10-08,34.3100,34.4000,33.3600,33.8700,1123628
2020-10-07,34.1900,34.3800,33.4600,33.8400,1354641
2020-10-06,33.4114,34.3600,33.2600,33.4200,2752528
2020-10-05,34.1500,34.4200,32.8300,33.3900,2367199
2020-10-02,32.2000,33.8800,32.2000,33.6900,2652644
2020-10-01,32.9600,33.2750,32.4800,33.1600,2146083
2020-09-30,32.2300,33.2100,32.1500,32.6200,2241675
2020-09-29,32.2600,32.5200,31.9500,32.0000,1381030
2020-09-28,31.4400,32.3800,31.3200,32.2950,1937778
2020-09-25,29.6500,30.7500,29.5800,30.5900,1449996
2020-09-24,29.6000,30.8000,29.2600,30.0300,1416989
2020-09-23,30.8500,31.0100,29.3250,29.6000,2215102
2020-09-22,30.2200,30.8800,29.7300,30.8300,1760232
2020-09-21,30.6300,30.9000,29.4700,30.0500,3043610
2020-09-18,32.4600,32.5500,31.1100,31.7050,4349736
2020-09-17,32.4300,33.1100,31.9500,32.2800,3866874
2020-09-16,33.0500,33.4500,32.4100,33.1700,3125777
2020-09-15,33.0500,33.1697,32.4900,32.5800,2062381
2020-09-14,32.2500,33.0000,31.8529,32.8500,2454212
2020-09-11,31.3800,32.1000,31.1500,31.9000,3014778
2020-09-10,31.1500,31.8500,30.9500,31.2200,5509609
2020-09-09,30.1100,31.2400,29.9200,30.9200,2680165
2020-09-08,29.4250,31.2400,29.0025,30.0200,3347571
2020-09-04,30.6600,30.7000,28.4350,30.0200,3040086
2020-09-03,30.8500,31.2400,29.9100,30.1600,3582191
2020-09-02,31.0500,31.5600,30.0800,31.5200,3015711
2020-09-01,30.3700,31.2700,30.0100,30.9750,3612287
2020-08-31,31.4800,31.7400,30.4800,30.6200,3599542
2020-08-28,31.2136,32.4700,30.8900,31.6700,8813942
2020-08-27,30.0000,30.7700,28.9600,30.2400,11569467
2020-08-26,28.0200,28.1900,27.6500,27.9100,666950
2020-08-25,28.8600,28.8600,27.6300,28.0300,747871
2020-08-24,29.0200,29.2900,27.7500,28.1300,1425152
2020-08-21,28.1000,28.6400,27.9500,28.6150,1297746
2020-08-20,28.5100,28.6750,27.9450,28.1700,1724586
2020-08-19,29.3900,29.5800,28.7150,28.8100,1494043
2020-08-18,30.0400,30.2300,29.2400,29.4900,2158977
2020-08-17,30.3000,30.9200,29.8200,30.0200,2804613
2020-08-14,31.0900,31.6894,29.9100,30.2700,20624142
2020-08-13,30.3600,31.9800,30.1300,31.3800,6956246
2020-08-12,30.8362,31.1800,29.1500,30.3600,7464996
2020-08-11,28.2800,28.3750,26.8300,27.0600,1529077
2020-08-10,27.0965,28.1050,27.0700,27.7800,1286567
2020-08-07,26.3300,26.9600,26.3300,26.9200,918818
2020-08-06,26.4700,26.7200,26.3100,26.4900,966839
2020-08-05,26.6400,26.8600,26.4100,26.5300,1316006
2020-08-04,26.6800,26.9800,26.0700,26.2200,1429151
2020-08-03,25.0100,27.4300,24.7300,27.2700,2529727
2020-07-31,25.4600,25.9982,22.6200,23.6900,2598984
2020-07-30,23.3900,23.5500,22.5200,23.4300,964301
2020-07-29,22.8400,23.7600,22.7000,23.7000,970457
2020-07-28,23.7700,23.8800,22.5050,22.5600,1482857
2020-07-27,23.0700,23.8600,23.0100,23.8100,915753
2020-07-24,23.1400,23.4800,22.6733,23.1000,737465
2020-07-23,23.4100,24.0000,22.9400,23.2600,1020533
2020-07-22,22.1100,23.5400,22.0400,23.2900,788559
2020-07-21,22.3900,22.5300,21.9600,22.2700,737806
2020-07-20,21.8600,22.1700,21.6200,21.9000,394215
2020-07-17,22.2800,22.4600,21.9300,22.0500,515600
2020-07-16,21.9800,22.4100,21.6800,22.3500,908400
2020-07-15,21.2100,22.3300,21.1100,22.0200,1188900
2020-07-14,19.2700,20.8200,19.1100,20.7200,1100400
2020-07-13,20.2500,20.4000,19.2800,19.3400,835600
2020-07-10,19.6600,20.1300,19.0300,19.9100,820300
2020-07-09,20.8300,21.1400,19.5200,19.5900,1034400
2020-07-08,20.0800,21.1100,19.9600,20.8600,1132900
2020-07-07,20.2700,20.3900,19.7100,19.8400,694600
2020-07-06,20.6200,20.9400,20.0500,20.4300,568800
2020-07-02,20.2500,21.0000,19.9800,20.0700,697000
2020-07-01,20.8400,20.9100,19.6700,19.7300,844900
2020-06-30,20.3800,21.0000,20.0600,20.7000,961800
2020-06-29,19.6800,20.7600,19.5000,20.4600,991800
2020-06-26,20.1700,20.2957,19.3400,19.3500,1617497
2020-06-25,20.3100,20.7600,19.5800,20.3100,1126314
2020-06-24,21.2600,21.8300,19.9000,20.6600,825446
2020-06-23,22.0800,22.2650,21.4400,21.7000,666748
2020-06-22,21.3200,21.7200,20.9400,21.7000,970121
2020-06-19,22.5300,22.5700,21.3100,21.5800,1009097
2020-06-18,22.6600,22.9440,22.0200,22.1100,529986
2020-06-17,23.2500,23.2500,22.2100,22.2600,488863
2020-06-16,23.6400,23.8500,22.2600,23.0500,925487
2020-06-15,20.0000,22.7500,20.0000,22.7400,1064544
2020-06-12,22.1000,22.1650,20.1300,20.9900,1019252
2020-06-11,20.8800,21.7650,20.2800,20.6700,1341986
2020-06-10,22.5700,22.8800,21.6700,22.6900,1176846
2020-06-09,22.6600,23.0303,22.0700,22.7100,869359
2020-06-08,24.4800,24.6500,23.2500,23.4000,1356923
2020-06-05,22.9100,24.2450,22.9100,23.5400,1360456
2020-06-04,21.9800,22.7800,21.9800,22.4400,1001117
2020-06-03,23.0000,23.1100,22.1800,22.2500,1655798
2020-06-02,21.8000,22.6600,21.8000,22.4900,1348933
2020-06-01,20.9200,21.8500,20.6930,21.5000,1317874
2020-05-29,20.2800,21.2500,20.1100,20.8100,1025288
2020-05-28,22.4800,22.4945,20.5700,20.6600,1461816
2020-05-27,21.0600,22.6250,20.9450,22.2900,2137736
2020-05-26,20.0000,21.1000,19.7800,20.5550,1501471
2020-05-22,18.5400,19.2100,18.2800,19.1800,840768
2020-05-21,18.5900,18.8500,18.3300,18.4400,750921
2020-05-20,18.0900,18.8700,18.0900,18.5100,1039520
2020-05-19,18.6400,18.6400,17.7000,17.7100,1021037
2020-05-18,17.0100,19.1050,17.0100,18.8800,1570176
2020-05-15,15.6600,16.1900,15.5600,16.0850,1402251
2020-05-14,14.7400,15.7300,14.2900,15.7000,927692
2020-05-13,16.2500,16.3500,15.0400,15.3100,1586181
2020-05-12,17.7600,17.8900,16.5000,16.5350,1089183
2020-05-11,17.3700,17.9400,16.7900,17.6200,1323581
2020-05-08,17.7000,17.9700,17.2700,17.8900,999703
2020-05-07,16.6000,17.3000,16.4700,17.1500,773887
2020-05-06,17.0000,17.2000,16.2000,16.2100,1078437
2020-05-05,16.7400,17.4900,16.5700,16.9000,1145955
2020-05-04,16.7300,17.3200,16.5001,16.8400,1182016
2020-05-01,16.9900,17.5400,16.2700,17.2350,1681292
2020-04-30,18.8600,19.2200,17.9820,18.3500,2819028
2020-04-29,17.9500,20.1600,17.9000,19.5400,2178266
2020-04-28,16.6100,17.6300,16.1400,17.3000,2364653
2020-04-27,15.0000,16.0000,14.8900,15.8000,1193101
2020-04-24,14.1100,14.8400,13.8200,14.7250,1062943
2020-04-23,13.5800,14.2300,13.5400,13.9600,717906
2020-04-22,13.8900,13.9400,13.3300,13.4600,971414
2020-04-21,13.4500,13.5800,13.2900,13.4800,1096876
2020-04-20,13.9700,14.4000,13.6300,13.9400,1105554
2020-04-17,13.4500,14.7300,13.4500,14.6200,1304328
2020-04-16,13.3800,13.3800,12.4900,12.9500,1410462
2020-04-15,13.4700,13.8900,12.8400,13.2500,1211474
2020-04-14,14.5300,14.6900,14.0050,14.1400,1102629
2020-04-13,14.9600,15.0000,13.5925,13.8300,1056529
2020-04-09,14.1000,15.0900,13.6100,15.0400,1930885
2020-04-08,13.9500,14.1303,13.3900,13.5800,1755844
2020-04-07,13.7000,14.3850,13.4500,13.5900,2022158
2020-04-06,11.6500,12.9000,11.4450,12.8100,1616079
2020-04-03,11.4800,11.7800,10.5750,10.9100,1638254
2020-04-02,11.3000,11.6400,10.9100,11.5400,1674201
2020-04-01,11.5250,12.0650,11.2300,11.4800,1885879
2020-03-31,12.7700,13.1000,12.0200,12.2300,1951109
2020-03-30,13.3000,13.4400,12.5100,12.8600,1427980
2020-03-27,13.4000,13.6950,12.7500,13.3300,1529481
2020-03-26,14.9600,15.7400,13.7600,14.1800,2057937
2020-03-25,14.1200,15.5000,13.5500,14.6300,2087501
2020-03-24,12.0000,13.8000,11.9400,13.7200,1725341
2020-03-23,11.5000,11.8800,10.6600,11.1200,2038139
2020-03-20,12.3700,12.6600,11.2500,11.4000,3607435
2020-03-19,10.5000,12.1200,9.7900,12.0100,2262129
2020-03-18,10.2900,10.8500,9.6700,10.6500,2738061
2020-03-17,12.1900,12.5000,10.1100,11.2900,2906059
2020-03-16,9.8000,14.2900,9.0000,12.2000,2843438
2020-03-13,15.9800,16.4800,14.6050,15.9000,2590722
2020-03-12,17.0800,17.8400,14.7100,14.7600,2978546
2020-03-11,19.7900,20.2900,18.8400,19.1100,2156472
2020-03-10,19.8400,20.7500,19.1800,20.6700,2458041
2020-03-09,20.4300,20.6747,18.7400,18.9700,2120348
2020-03-06,23.5300,23.7039,21.4100,22.0800,1861297
2020-03-05,24.8300,25.2300,24.1100,24.4700,1555112
2020-03-04,24.2600,25.8000,24.0700,25.6400,1689807
2020-03-03,24.0900,24.7900,23.3700,23.7200,1710915
2020-03-02,23.2400,24.1900,22.8200,24.1700,1877506
2020-02-28,22.1700,23.4700,22.0100,22.7100,2870662
2020-02-27,22.7100,24.2000,22.4100,22.9900,1946327
2020-02-26,24.7100,24.7500,23.2450,23.2700,2013917
2020-02-25,26.7900,26.7900,24.6600,24.7200,2502320
2020-02-24,26.3000,27.3900,25.8200,26.7000,1739389
2020-02-21,26.4300,28.3001,24.3500,26.6900,3923305
2020-02-20,27.9500,28.4300,27.5941,28.1800,1857911
2020-02-19,27.4900,28.3800,27.4900,27.9600,1339901
2020-02-18,27.1500,27.5200,26.8800,27.2700,963003
2020-02-14,27.5300,27.8418,26.9400,27.1900,1200969
2020-02-13,26.6400,27.8200,26.5725,27.7000,1807900
2020-02-12,25.6700,26.7600,25.6368,26.6800,1428363
2020-02-11,25.1700,25.6900,25.0800,25.6100,1572659
2020-02-10,24.4800,25.1450,24.4600,25.1100,957521
2020-02-07,25.0600,25.1900,24.3550,24.5250,721183
2020-02-06,26.1500,26.2600,25.1000,25.1050,986572
2020-02-05,25.6800,26.2200,25.4518,26.1000,1141407
2020-02-04,24.9500,25.2700,24.6300,25.0600,977591
2020-02-03,24.9500,25.2900,24.5600,24.6450,1507520
2020-01-31,26.0100,26.2100,24.5500,24.7950,1676459
2020-01-30,26.2000,26.4300,25.8000,26.0800,616166
2020-01-29,27.0700,27.1350,26.0600,26.3600,706039
2020-01-28,26.5400,27.1050,26.5000,26.9900,815061
2020-01-27,25.7900,26.7400,25.6500,26.4750,1419612
2020-01-24,27.0100,27.2200,26.1400,26.3500,785296
2020-01-23,26.9400,27.1300,26.5300,26.9200,1395814
2020-01-22,27.2400,27.3900,26.8500,26.8700,839197
2020-01-21,26.8500,27.2300,26.7201,27.1300,1055098
2020-01-17,27.2500,27.5000,26.7900,26.8200,1268617
2020-01-16,27.2800,27.5800,26.9600,27.0300,643112
2020-01-15,26.4500,27.1200,26.4147,27.1100,1124450
2020-01-14,26.6000,26.7300,26.2900,26.4300,1117143
2020-01-13,26.5100,26.9350,26.5100,26.7900,1010976
2020-01-10,26.3800,26.6200,26.1000,26.3700,804851
2020-01-09,26.2900,26.5800,26.2000,26.2900,853995
2020-01-08,26.0000,26.6200,25.9400,26.1900,963112
2020-01-07,25.6300,26.2900,25.6300,25.9250,1049322
2020-01-06,25.4800,25.7700,25.0900,25.7400,1297004
2020-01-03,25.0000,25.4600,24.9622,25.2200,1019293
2020-01-02,25.5900,25.6500,25.0700,25.4100,1151452
2019-12-31,25.3600,25.6600,25.3100,25.4100,735922
2019-12-30,25.5100,25.5700,25.0600,25.4300,603356
2019-12-27,25.4900,25.6300,25.1900,25.4500,666989
2019-12-26,25.2300,25.5100,25.0100,25.3900,818198
2019-12-24,24.9000,25.4450,24.8100,25.4300,325153
2019-12-23,25.1100,25.2500,24.8900,24.9400,843398
2019-12-20,25.0300,25.1800,24.7500,24.9100,1644796
2019-12-19,25.1900,25.2900,24.7100,24.8400,1232585
2019-12-18,25.6100,25.7600,25.0900,25.2400,3018666
2019-12-17,25.3700,25.8450,25.3682,25.5400,1171473
2019-12-16,25.5200,25.7900,25.2850,25.3300,1030700
2019-12-13,25.3600,25.6452,25.1300,25.3600,1236172
2019-12-12,25.8700,26.0700,25.2900,25.3000,880061
2019-12-11,25.6600,25.9800,25.6100,25.9200,882115
2019-12-10,25.7900,25.7900,25.5400,25.6650,714260
2019-12-09,25.2700,25.7800,25.1000,25.6900,1149228
2019-12-06,25.8700,26.0000,25.1500,25.3000,1265798
2019-12-05,25.3300,25.7200,25.3000,25.6900,1467101
2019-12-04,25.4100,25.5600,25.1250,25.2200,1467250
2019-12-03,24.8200,25.2950,24.6400,25.1800,834799
2019-12-02,25.4600,25.4600,25.0400,25.1400,918647
2019-11-29,25.8600,25.8800,25.4000,25.4100,391332
2019-11-27,25.8900,26.0600,25.7800,25.9000,747717
2019-11-26,25.6300,25.9900,25.5800,25.7200,999048
2019-11-25,25.0500,25.5600,25.0400,25.5200,1006570
2019-11-22,24.8800,25.1100,24.7850,25.0200,596118
2019-11-21,25.6500,25.6500,24.7300,24.8600,1236307
2019-11-20,25.3400,25.5700,25.1350,25.3600,1048041
2019-11-19,25.3600,25.6500,25.3600,25.3800,1426837
2019-11-18,25.1000,25.4350,24.9800,25.3400,1276406
2019-11-15,25.4000,25.5500,24.9500,25.0500,1063721
2019-11-14,24.7700,25.3200,24.7700,25.2400,1202155
2019-11-13,24.6100,24.9550,24.4100,24.7600,1222602
2019-11-12,24.4900,24.9500,24.4500,24.7500,1430571
2019-11-11,24.1100,24.4300,23.8200,24.3600,1128126
2019-11-08,23.5600,24.2000,23.2941,24.1900,1612981
2019-11-07,24.2100,24.2800,23.4700,23.5600,1619820
2019-11-06,23.9100,24.1900,23.5500,24.1250,2048549
2019-11-05,24.6400,24.7800,23.4000,23.8000,1879102
2019-11-04,24.4900,24.5000,24.1200,24.4400,1769325
2019-11-01,23.5000,24.6700,23.3500,24.3000,2776835
2019-10-31,22.2000,22.6300,22.0900,22.6100,1507465
2019-10-30,22.9100,22.9700,21.8000,22.3550,1427707
2019-10-29,22.7600,22.9900,22.6600,22.8700,990677
2019-10-28,22.9600,23.0500,22.7900,22.8400,1043550
2019-10-25,22.6500,23.1300,22.6500,22.9200,803026
2019-10-24,22.8500,22.8500,22.5600,22.7000,1279461
2019-10-23,23.0200,23.1000,22.6800,22.7800,1373541
2019-10-22,23.4700,23.5000,23.0400,23.0500,1663927
2019-10-21,23.1600,23.4400,23.0300,23.3300,1887291
2019-10-18,22.7400,23.3000,22.6500,22.8900,1852398
2019-10-17,22.5800,22.9000,22.5100,22.7300,1849399
2019-10-16,22.0000,22.5850,21.6900,22.4400,2296162
2019-10-15,20.8000,21.6100,20.6600,21.5350,1609309
2019-10-14,20.5400,20.6650,20.3919,20.5750,733059
2019-10-11,20.9600,21.0900,20.6600,20.6700,868719
2019-10-10,20.8800,20.9800,20.6300,20.7300,804713
2019-10-09,20.4800,21.0600,20.4800,20.7950,1904869
2019-10-08,20.1300,20.5600,20.0100,20.3950,552105
2019-10-07,20.4400,20.5100,20.2600,20.3000,501737
2019-10-04,20.1100,20.5650,20.1100,20.5000,745977
2019-10-03,20.1400,20.2700,19.6100,20.1100,798326
2019-10-02,20.2000,20.3500,19.8000,20.2700,844428
2019-10-01,20.7800,20.9950,20.4100,20.4300,1387681
2019-09-30,20.4600,20.7000,20.3400,20.5750,1318680
2019-09-27,20.6000,20.7470,20.2650,20.3900,830701
2019-09-26,20.5700,20.7000,20.4400,20.5500,474808
2019-09-25,20.2700,20.7900,20.1400,20.6800,1185651
2019-09-24,20.5000,20.6900,20.1800,20.2400,835306
2019-09-23,20.1000,20.5900,20.0000,20.4100,518550
2019-09-20,20.4800,20.6700,20.1500,20.2600,1099304
2019-09-19,20.5000,20.7500,20.2800,20.5600,1048270
2019-09-18,20.4600,20.6500,20.2500,20.4900,1377997
2019-09-17,20.1600,20.3500,19.8300,20.3400,1119271
2019-09-16,20.1500,20.3600,19.9700,20.2300,1394356
2019-09-13,20.1100,20.5200,20.0888,20.1900,954870
2019-09-12,20.0100,20.2600,19.7900,19.9900,1053534
2019-09-11,19.8000,20.0200,19.6000,19.9500,1185743
2019-09-10,19.4200,19.9000,19.0300,19.7600,1247808
2019-09-09,19.1300,19.7600,19.0700,19.4300,1199625
2019-09-06,19.3000,19.4700,19.0400,19.0700,733014
2019-09-05,19.2200,19.5600,19.0000,19.2100,1044826
2019-09-04,19.1400,19.1600,18.9300,19.0600,805161
2019-09-03,19.3200,19.3300,18.6800,18.9300,818350
2019-08-30,19.5800,19.6800,19.3500,19.4500,617437
2019-08-29,19.3300,19.6500,19.3300,19.4500,594695
2019-08-28,18.8800,19.2800,18.6300,19.1500,533623
2019-08-27,19.3400,19.3400,18.7900,18.8700,641492
2019-08-26,19.0300,19.2150,18.7500,19.2100,684335
2019-08-23,19.5300,19.6700,18.7700,18.8200,789962
2019-08-22,19.7000,19.8700,19.3700,19.6100,790818
2019-08-21,19.2200,19.6750,19.1900,19.6100,1157522
2019-08-20,19.0600,19.3200,19.0300,19.1200,752182
2019-08-19,19.1900,19.3850,19.1300,19.1400,671033
2019-08-16,18.8600,19.0600,18.7200,18.9300,970353
2019-08-15,18.7800,18.9500,18.4800,18.7200,865444
2019-08-14,18.8800,19.1200,18.6050,18.7000,1488395
2019-08-13,19.5400,19.8400,19.1700,19.2100,1672239
2019-08-12,20.0200,20.0600,19.5900,19.6600,1084013
2019-08-09,20.1200,20.2700,19.8214,20.1500,1139553
2019-08-08,19.6300,20.2950,19.5700,20.1200,1894954
2019-08-07,18.6700,19.6600,18.5600,19.6300,2174174
2019-08-06,19.1100,19.2999,18.6400,18.9800,2055049
2019-08-05,18.8800,19.2500,18.5800,18.9000,2016690
2019-08-02,17.9600,18.9100,17.4100,18.8700,3616253
2019-08-01,17.1800,17.5100,16.7400,16.8000,1589983
2019-07-31,17.4300,17.5100,17.0250,17.1800,1463655
2019-07-30,16.7800,17.3700,16.7200,17.3500,1273726
2019-07-29,17.3800,17.5500,16.7400,16.8700,951896
2019-07-26,17.3200,17.4800,17.1100,17.3400,757663
2019-07-25,17.2900,17.6300,17.1550,17.3700,1231508
2019-07-24,16.5000,17.2650,16.5000,17.2300,924412
2019-07-23,16.3300,16.5900,16.1900,16.5900,694116
2019-07-22,16.4100,16.4900,16.0600,16.2000,584415
2019-07-19,16.5000,16.6693,16.1300,16.3500,634831
2019-07-18,16.5500,16.6100,16.2400,16.5300,718000
2019-07-17,16.9700,17.0400,16.4800,16.5100,673927
2019-07-16,16.8800,17.0900,16.7800,16.8900,551104
2019-07-15,17.0600,17.1200,16.6900,16.8400,723052
2019-07-12,17.0100,17.2200,16.8450,17.0100,1059685
2019-07-11,16.8300,17.0150,16.6700,16.9000,885425
2019-07-10,16.8700,17.0000,16.6550,16.8400,821601
2019-07-09,16.8900,17.0500,16.6100,16.7500,754955
2019-07-08,17.0200,17.2200,16.9000,17.0100,681010
2019-07-05,16.8400,16.9950,16.7100,16.9700,876899
2019-07-03,17.0400,17.1500,16.7900,16.9600,360395
2019-07-02,16.9400,16.9900,16.7250,16.9800,538815
2019-07-01,17.1100,17.1900,16.7300,16.9600,931387
2019-06-28,16.2800,17.0000,16.2100,16.8600,2957025
2019-06-27,15.4500,16.2800,15.3900,16.2500,1199924
2019-06-26,15.4600,15.5500,15.2300,15.3700,1061130
2019-06-25,15.4300,15.5000,15.1500,15.4200,1340262
2019-06-24,15.2500,15.5300,15.1400,15.3700,749369
2019-06-21,15.6400,15.7800,15.1000,15.2500,948608
2019-06-20,15.4400,15.7200,15.3600,15.7100,816023
2019-06-19,15.3500,15.4000,15.0100,15.3100,706599
2019-06-18,15.3700,15.7400,15.1250,15.3100,663989
2019-06-17,15.4500,15.4700,15.1300,15.2300,472118
2019-06-14,15.3100,15.6500,15.3100,15.4300,600138
2019-06-13,15.0000,15.4200,14.9600,15.3500,872272
2019-06-12,14.7700,14.9900,14.6700,14.9100,1036938
2019-06-11,15.0700,15.0700,14.5900,14.7500,1386948
2019-06-10,14.6900,15.0800,14.6900,14.8800,910718
2019-06-07,14.7200,14.7800,14.5100,14.6000,1423348
2019-06-06,14.8200,14.9100,14.4200,14.6900,1531459
2019-06-05,14.9800,15.1000,14.6400,14.7900,717474
2019-06-04,14.3200,14.9350,14.3000,14.9200,1441959
2019-06-03,14.0300,14.3900,13.7300,14.1300,1559684
2019-05-31,14.1800,14.3300,14.0000,14.0800,700692
2019-05-30,14.5900,14.8100,14.3400,14.4200,888007
2019-05-29,14.6000,14.7100,14.0000,14.5700,1398985
2019-05-28,15.0600,15.0600,14.6800,14.7300,839621
2019-05-24,15.0700,15.1700,14.9600,15.0600,618485
2019-05-23,15.3900,15.5200,14.9100,14.9800,736751
2019-05-22,15.8300,15.9800,15.5700,15.5800,843571
2019-05-21,15.6000,15.9400,14.9900,15.9400,1292424
2019-05-20,15.6800,15.7900,15.3750,15.4000,864458
2019-05-17,15.8100,16.1600,15.7900,15.8200,861705
2019-05-16,16.1600,16.2800,15.9400,15.9700,1628385
2019-05-15,15.9500,16.3000,15.7700,16.1500,875703
2019-05-14,15.7700,16.2100,15.6200,16.0800,818879
2019-05-13,16.0900,16.2600,15.7100,15.8100,1018554
2019-05-10,16.7400,16.7400,16.2400,16.4800,1670463
2019-05-09,16.4600,16.7100,16.2800,16.7000,931345
2019-05-08,16.7200,16.9400,16.5800,16.6000,797949
2019-05-07,16.5200,16.8400,16.3100,16.7000,1545465
2019-05-06,16.5300,16.9000,15.9100,16.8200,1567292
2019-05-03,15.0500,16.8900,15.0456,16.7900,3075955
2019-05-02,14.3200,14.8700,14.3200,14.7100,2013945
2019-05-01,13.8500,14.6650,13.8500,14.3500,2048269
2019-04-30,14.1700,14.1900,13.7700,13.7800,1184305
2019-04-29,13.9700,14.1900,13.8300,14.1600,816706
2019-04-26,13.7900,14.0100,13.6600,13.9400,727206
2019-04-25,13.9000,13.9400,13.3450,13.7400,674138
2019-04-24,13.8900,14.1600,13.8550,14.0000,788703
2019-04-23,13.5400,14.1600,13.4300,13.9500,1236339
2019-04-22,14.0000,14.0700,13.4600,13.5400,716710
2019-04-18,13.9700,14.1900,13.8800,14.0900,545580
2019-04-17,14.0900,14.1900,13.9500,14.0000,1035729
2019-04-16,14.3000,14.3700,14.0000,14.0500,969346
2019-04-15,14.4100,14.4700,14.1700,14.2700,698559
2019-04-12,14.4200,14.5800,14.3000,14.4000,691447
2019-04-11,14.1700,14.3900,14.0800,14.3400,682968
2019-04-10,14.0900,14.2000,14.0000,14.1500,699084
2019-04-09,14.3700,14.5200,13.9900,14.0400,489105
2019-04-08,14.1400,14.5000,13.9200,14.4200,657903
2019-04-05,14.2200,14.3100,14.0800,14.2000,722402
2019-04-04,13.6400,14.2100,13.6400,14.2000,449146
2019-04-03,13.6000,13.7500,13.3000,13.6300,632673
2019-04-02,13.7100,13.7100,13.3500,13.4800,488760
2019-04-01,13.4500,13.7550,13.4100,13.7200,669154
2019-03-29,13.2900,13.5800,13.1130,13.3400,644442
2019-03-28,13.1000,13.3400,12.9600,13.1800,399488
2019-03-27,12.7700,13.1576,12.7700,13.0800,934622
2019-03-26,12.8500,12.9600,12.5800,12.7500,327572
2019-03-25,12.5500,12.9700,12.5000,12.7700,525229
2019-03-22,13.0700,13.1800,12.5450,12.5500,586716
2019-03-21,12.9700,13.4600,12.9700,13.1900,542411
2019-03-20,13.2500,13.3000,12.8000,13.0200,792935
2019-03-19,13.7400,13.9000,13.2600,13.2900,573580
2019-03-18,13.5100,13.7700,13.5000,13.6700,430610
2019-03-15,13.6400,13.8700,13.4550,13.5100,1473838
2019-03-14,13.6000,13.7400,13.4300,13.5800,654535
2019-03-13,13.9100,14.0200,13.5800,13.6000,581445
2019-03-12,13.7900,13.9700,13.6300,13.7900,596674
2019-03-11,13.6200,13.9100,13.6200,13.7900,611894
2019-03-08,13.3200,13.6500,13.3200,13.6400,842100
2019-03-07,13.5000,13.6000,13.2400,13.4600,1047512
2019-03-06,13.8200,13.8950,13.4600,13.5200,876836
2019-03-05,14.5100,14.6400,13.8000,13.8100,1489420
2019-03-04,14.1400,14.8800,14.1400,14.5700,3338119
2019-03-01,14.2400,14.9500,13.9300,14.0300,3020785
2019-02-28,13.7900,13.9600,13.6000,13.9300,1150475
2019-02-27,13.9500,14.0100,13.6000,13.7300,1069366
2019-02-26,13.9400,14.2050,13.7900,13.9700,1454417
2019-02-25,14.2600,14.5200,13.9900,13.9900,1037068
2019-02-22,13.8700,14.1900,13.8000,14.1900,1194156
2019-02-21,13.8000,13.9800,13.7200,13.8500,1246155
2019-02-20,14.1000,14.1700,13.6650,13.7900,1920387
2019-02-19,13.6000,14.3200,13.5400,14.1300,2016950
2019-02-15,13.5800,13.8400,13.4850,13.6200,1116792
2019-02-14,13.4100,13.6100,13.2000,13.5200,1210723
2019-02-13,13.5900,13.6800,13.4000,13.5600,743516
2019-02-12,13.1500,13.6100,12.9700,13.5900,1427901
2019-02-11,12.8000,13.1700,12.7400,13.0500,612783
2019-02-08,12.9700,13.0000,12.6400,12.7900,1122928
2019-02-07,13.2900,13.4200,12.9800,13.0200,506044
2019-02-06,13.5200,13.6400,13.2850,13.3000,783964
2019-02-05,13.4300,13.5600,13.2800,13.5200,652618
2019-02-04,13.3200,13.4200,13.2100,13.4200,596177
2019-02-01,13.1900,13.3600,13.0962,13.3100,748926
2019-01-31,12.9700,13.4500,12.8400,13.2200,786992
2019-01-30,12.9100,12.9900,12.6200,12.9800,358204
2019-01-29,12.7800,12.8700,12.4600,12.7900,419639
2019-01-28,12.5100,12.9800,12.5100,12.7900,523148
2019-01-25,12.7500,13.1200,12.6700,12.6900,532564
2019-01-24,12.0900,12.6200,11.9600,12.6000,463203
2019-01-23,12.4600,12.4900,12.0200,12.1000,400564
2019-01-22,12.4600,12.5900,12.1800,12.3700,911244
2019-01-18,12.5800,12.8400,12.4750,12.5200,659606
2019-01-17,12.1200,12.6300,12.1200,12.5000,826334
2019-01-16,12.2200,12.4500,12.1000,12.1500,588166
2019-01-15,12.2900,12.5500,11.9100,12.2100,848186
2019-01-14,12.3300,12.6200,12.3300,12.4000,861405
2019-01-11,12.0100,12.5400,12.0000,12.4200,866668
2019-01-10,12.5300,12.7000,12.2800,12.4000,1323385
2019-01-09,12.6500,12.9400,12.4000,12.9300,752842
2019-01-08,12.6000,12.7900,12.4000,12.5900,1138964
2019-01-07,12.0400,12.5300,11.8000,12.5000,1092923
2019-01-04,11.7200,12.1450,11.6800,12.1000,771139
2019-01-03,11.3700,11.7400,11.2000,11.4800,1038589
2019-01-02,10.6600,11.5600,10.5600,11.5100,1373925
2018-12-31,10.9900,11.0300,10.5500,10.9100,1061864
2018-12-28,10.9500,11.1250,10.6100,10.9400,1395165
2018-12-27,10.5800,11.0000,10.5500,10.9200,766554
2018-12-26,10.3400,10.8200,10.1500,10.8000,1066134
2018-12-24,10.6200,10.6365,10.1800,10.2300,584526
2018-12-21,11.0300,11.1200,10.5750,10.7400,2006278
2018-12-20,11.1600,11.4222,10.8200,10.9700,1680154
2018-12-19,11.3400,11.9500,11.3400,11.3600,2188412
2018-12-18,11.0200,11.4800,10.9000,11.4000,1876956
2018-12-17,10.8700,11.2800,10.7500,10.8800,2047154
2018-12-14,10.9600,11.5200,10.8460,10.9800,2629864
2018-12-13,11.5900,11.6400,11.1600,11.1600,1074759
2018-12-12,11.5300,11.6800,11.3100,11.3300,920742
2018-12-11,11.7900,11.9300,11.2950,11.4100,1035252
2018-12-10,12.0000,12.2300,11.4850,11.5700,1328135
2018-12-07,12.3900,12.8200,12.0100,12.0400,1246021
2018-12-06,11.9800,12.7300,11.9000,12.4950,1418957
2018-12-04,13.6400,13.9600,12.2400,12.2450,2404351
2018-12-03,13.7500,14.4200,13.5900,14.2800,2295235
2018-11-30,13.4500,13.5700,13.3300,13.5300,786936
2018-11-29,13.4400,13.5750,13.1500,13.3900,826395
2018-11-28,13.0500,13.4500,12.5650,13.4500,1007439
2018-11-27,12.7700,13.2300,12.7700,13.0200,716430
2018-11-26,13.0700,13.2400,12.7800,12.9000,1055831
2018-11-23,12.7500,13.1600,12.7500,12.9200,297945
2018-11-21,12.5600,13.2300,12.5201,12.8800,1082941
2018-11-20,12.3500,12.7100,12.2201,12.5100,892144
2018-11-19,12.3800,12.8100,11.8200,12.5500,1099958
2018-11-16,12.2800,12.5500,12.0900,12.4300,1031576
2018-11-15,12.7400,12.7600,11.7500,12.3800,1736110
2018-11-14,13.2000,13.3700,12.7200,12.8500,804450
2018-11-13,12.7100,13.3700,12.6800,13.0300,1351721
2018-11-12,12.8200,12.9700,12.6000,12.6300,811242
2018-11-09,12.9300,13.1900,12.8200,12.8300,816524
2018-11-08,13.5300,13.6369,13.0400,13.0600,1303817
2018-11-07,13.8300,13.8500,13.3300,13.6100,1226719
2018-11-06,13.7400,14.0700,13.5400,13.8600,1257609
2018-11-05,13.2500,13.9500,13.0001,13.7050,3262094
2018-11-02,14.0000,14.7650,13.3900,14.5800,5532053
2018-11-01,12.5800,13.2900,12.1600,13.0800,1914523
2018-10-31,12.7500,12.8500,12.2900,12.3800,2390653
2018-10-30,11.7700,12.6900,11.6000,12.5700,2353796
2018-10-29,12.2700,12.4100,11.7000,11.8500,1029688
2018-10-26,12.1300,12.2700,11.7500,12.1000,1743492
2018-10-25,12.0200,12.4600,11.8800,12.3100,1578523
2018-10-24,12.1600,12.5700,11.9400,11.9600,1649341
2018-10-23,11.6900,12.2400,11.6900,12.1500,1863727
2018-10-22,12.1200,12.3400,11.7200,11.8200,1368413
2018-10-19,12.5500,12.7500,11.9200,12.1100,2178921
2018-10-18,12.9100,13.0200,12.4500,12.5400,2136440
2018-10-17,13.5800,13.5800,13.0600,13.1300,1409013
2018-10-16,13.2000,13.6800,12.8805,13.6500,1637677
2018-10-15,12.8900,13.3000,12.8800,13.1600,1039678
2018-10-12,13.6300,13.8200,12.8400,13.0900,2171599
2018-10-11,13.4100,13.7300,13.3000,13.3700,1767744
2018-10-10,13.4800,13.8700,13.3300,13.4800,1168516
2018-10-09,14.0300,14.1800,13.4625,13.5000,1973465
2018-10-08,13.9000,14.1450,13.7600,14.1000,1119260
2018-10-05,14.0300,14.0950,13.6000,13.9600,2699059
2018-10-04,14.2100,14.2100,13.8000,14.0700,1516160
2018-10-03,14.1600,14.5900,14.0400,14.2200,1088566
2018-10-02,14.0200,14.3200,14.0000,14.0800,1615376
2018-10-01,14.6500,14.8300,14.0700,14.1000,1589126
2018-09-28,14.7800,14.9900,14.6500,14.6800,821853
2018-09-27,14.9300,15.0300,14.7500,14.8100,1223915
2018-09-26,15.1600,15.3100,14.8400,14.8700,1758515
2018-09-25,15.4400,15.4500,15.1000,15.2200,1331763
2018-09-24,15.6000,15.7400,15.4200,15.4500,1202763
2018-09-21,15.7900,15.9600,15.2400,15.6800,3519143
2018-09-20,16.0900,16.3700,15.7300,15.9800,1219817
2018-09-19,16.1900,16.4050,15.9550,15.9900,977278
2018-09-18,16.1900,16.3600,15.8100,16.1700,866039
2018-09-17,16.4000,16.5300,16.1100,16.2100,1198333
2018-09-14,16.4700,16.6300,16.2850,16.4800,1062468
2018-09-13,17.0200,17.0750,16.1600,16.2100,2207628
2018-09-12,16.7700,17.2000,16.4900,17.1100,1387732
2018-09-11,16.8100,16.8700,16.3200,16.8100,1012137
2018-09-10,16.2500,16.9200,16.2200,16.7300,1289443
2018-09-07,16.0200,16.1600,15.7900,15.9600,1027005
2018-09-06,16.0000,16.3790,15.7700,16.0800,2318925
2018-09-05,15.8600,15.9800,15.6100,15.9800,1593496
2018-09-04,15.5400,15.7100,15.2600,15.4700,989775
2018-08-31,15.7500,15.8600,15.5200,15.6200,883991
2018-08-30,16.1200,16.1700,15.7800,15.8500,651798
2018-08-29,16.0600,16.2700,15.7700,16.1800,1003109
2018-08-28,16.3700,16.5100,15.8500,15.9900,925499
2018-08-27,16.2600,16.5800,16.1700,16.3800,651807
2018-08-24,16.3100,16.3100,15.7600,16.1000,1389476
2018-08-23,16.6500,16.7300,16.1100,16.2200,1002905
2018-08-22,17.0700,17.1500,16.6500,16.6700,605402
2018-08-21,16.7000,17.1800,16.6200,17.1300,1103116
2018-08-20,17.1900,17.3100,16.7300,16.7300,1043807
2018-08-17,16.8900,17.1700,16.8400,17.0900,716207
2018-08-16,16.5500,16.9000,16.3400,16.8900,921828
2018-08-15,16.7700,16.8700,16.3400,16.4800,1092887
2018-08-14,16.0600,16.9000,16.0300,16.8600,1802032
2018-08-13,16.8100,16.8100,15.8700,16.0000,2177829
2018-08-10,17.8700,17.8800,16.8600,16.9100,1534252
2018-08-09,17.3600,18.3000,17.3600,17.9200,2495413
2018-08-08,17.2200,17.7000,16.2850,17.5100,4271527
2018-08-07,17.7800,17.9600,17.6500,17.8300,1367073
2018-08-06,17.6300,17.8650,17.4300,17.7500,1575467
2018-08-03,17.6600,18.1987,17.2900,17.6400,432429
2018-08-02,17.5900,17.7000,17.2800,17.6200,816795
2018-08-01,17.8200,17.9800,17.5300,17.6200,1475145
2018-07-31,17.4900,18.0800,17.3800,17.9300,1445846
2018-07-30,17.0000,17.9600,17.0000,17.4900,1964550
2018-07-27,17.2600,17.4700,16.8700,16.9400,563823
2018-07-26,16.8100,17.3000,16.6268,17.2200,822417
2018-07-25,17.3900,17.6600,16.6400,16.9000,2119442
2018-07-24,17.9600,18.1900,17.2800,17.3500,1224310
2018-07-23,18.1500,18.2150,17.9100,17.9100,440713
2018-07-20,18.5000,18.5000,18.2000,18.2200,274114
2018-07-19,18.2100,18.6200,18.1300,18.5600,728534
2018-07-18,18.2800,18.3400,18.0300,18.2900,627649
2018-07-17,17.8900,18.4968,17.7600,18.3200,1278538
2018-07-16,18.2700,18.2900,17.8600,17.9500,686932
2018-07-13,18.1500,18.3000,17.9800,18.1800,477413
2018-07-12,18.2900,18.2900,17.6400,18.1400,1046276
2018-07-11,18.3600,18.4100,18.1600,18.1700,507027
2018-07-10,18.8600,18.8600,18.4100,18.4600,433711
2018-07-09,18.3700,18.8400,18.2900,18.8200,859588
2018-07-06,18.4900,18.5500,18.1900,18.2200,668814
2018-07-05,18.4300,18.6000,18.0678,18.4300,634441
2018-07-03,18.4400,18.5600,18.2200,18.3800,278601
2018-07-02,18.1800,18.3600,18.0100,18.3400,369077
2018-06-29,18.1800,18.7000,18.0600,18.2900,1139983
2018-06-28,18.1400,18.2500,17.7400,18.1100,1055805
2018-06-27,18.8800,18.9800,18.1300,18.1300,895277
2018-06-26,18.3000,18.9400,18.2500,18.9200,956428
2018-06-25,18.2500,18.4600,18.0400,18.2000,864762
2018-06-22,19.0900,19.0900,18.3100,18.4500,1738236
2018-06-21,19.6000,19.6762,18.9300,19.0200,518780
2018-06-20,19.0800,19.5800,18.9400,19.5500,796137
2018-06-19,18.7400,19.0100,18.4600,18.9600,842814
2018-06-18,18.8000,19.0100,18.5800,18.8800,774659
2018-06-15,18.9600,19.1600,18.5500,18.8800,1405797
2018-06-14,19.5800,19.6300,18.9400,19.0500,1546785
2018-06-13,20.7100,20.7600,19.5800,19.5900,1307041
2018-06-12,20.2600,20.7900,20.1600,20.7700,896692
2018-06-11,20.3800,20.5400,20.1800,20.3000,624351
2018-06-08,19.7300,20.3250,19.7200,20.2800,792741
2018-06-07,19.5100,19.8300,19.4800,19.8000,588025
2018-06-06,19.5200,19.5900,19.2500,19.5000,519896
2018-06-05,19.4700,19.6300,19.2200,19.5200,525243
2018-06-04,19.1600,19.6300,19.1400,19.5000,861664
2018-06-01,19.7200,19.7500,18.9325,19.0600,893835
2018-05-31,19.4900,19.7300,19.4300,19.5800,939345
2018-05-30,19.4800,19.7500,19.4250,19.4900,1279112
2018-05-29,19.3200,19.6500,19.1950,19.4000,1136565
2018-05-25,19.3400,19.6700,19.3400,19.4900,903681
2018-05-24,19.4400,19.5000,19.0700,19.3000,1000691
2018-05-23,19.4600,19.6300,19.2900,19.4100,1226342
2018-05-22,19.7000,19.7800,19.3347,19.4500,698761
2018-05-21,19.8500,20.0200,19.6700,19.7200,682949
2018-05-18,19.0900,19.8200,18.9190,19.7900,1079740
2018-05-17,19.0300,19.3200,18.7500,19.0100,2934371
2018-05-16,18.3200,19.0900,18.1606,18.9700,1588452
2018-05-15,18.5000,18.6000,17.7900,18.2000,1435110
2018-05-14,18.8900,19.0100,18.3600,18.5700,1243134
2018-05-11,19.2700,19.4000,18.6900,18.9000,2373185
2018-05-10,19.5700,20.1100,18.7000,19.1100,3020330
2018-05-09,19.7600,19.9900,19.5450,19.7500,2144360
2018-05-08,18.9400,19.7200,18.9000,19.7200,1402536
2018-05-07,18.7200,18.9500,18.6000,18.8700,766473
2018-05-04,18.6200,18.7100,18.3700,18.5800,1177589
2018-05-03,18.5400,18.6900,18.2000,18.5700,725875
2018-05-02,18.8500,18.9800,18.5750,18.5900,1041603
2018-05-01,18.2000,18.8200,18.0600,18.8000,1202898
2018-04-30,18.3500,18.4200,18.1100,18.2300,1182839
2018-04-27,18.3500,18.5000,18.2000,18.2500,370751
2018-04-26,18.1400,18.4600,18.0050,18.3400,597036
2018-04-25,18.1300,18.1900,17.8000,18.0800,804529
2018-04-24,18.5700,18.8800,17.8200,18.1200,1028058
2018-04-23,18.7100,18.7100,18.2600,18.4600,848289
2018-04-20,19.1100,19.1400,18.7100,18.7400,655066
2018-04-19,19.6300,19.6300,18.8600,19.1500,797905
2018-04-18,19.7800,19.9400,19.6400,19.7100,629074
2018-04-17,19.8100,19.8700,19.5450,19.7800,511306
2018-04-16,19.3700,19.8400,19.1100,19.6300,1115409
2018-04-13,19.3700,19.4400,19.0900,19.2000,1383152
2018-04-12,19.2700,19.4000,19.0800,19.2300,811018
2018-04-11,19.1800,19.4900,19.0700,19.2100,941630
2018-04-10,19.3900,19.4800,19.1300,19.3200,637556
2018-04-09,19.8800,20.0200,19.0500,19.0600,773466
2018-04-06,19.6500,20.1100,19.2700,19.7000,917493
2018-04-05,19.7500,20.1200,19.6500,19.8700,885776
2018-04-04,18.7000,19.6600,18.6000,19.5800,939560
2018-04-03,18.7900,19.1600,18.7900,18.9300,865888
2018-04-02,19.8300,20.0500,18.4800,18.7500,1596026
2018-03-29,19.7400,20.0700,19.6700,19.8400,693941
2018-03-28,19.7100,20.0700,19.5300,19.6100,587414
2018-03-27,20.1300,20.1300,19.4500,19.6600,984083
2018-03-26,20.2200,20.4900,19.7300,20.1500,1268501
2018-03-23,20.4800,20.6800,19.8700,19.8800,758879
2018-03-22,20.8500,20.9900,20.3300,20.3300,535644
2018-03-21,20.6800,21.2400,20.5430,21.0600,409173
2018-03-20,20.7200,20.9400,20.6300,20.6500,380843
2018-03-19,20.7800,20.9200,20.4300,20.7300,602906
2018-03-16,20.8800,21.1200,20.7000,20.8000,1533899
2018-03-15,21.8900,21.9200,20.9800,21.0400,794600
2018-03-14,21.9800,21.9800,21.4750,21.7800,709027
2018-03-13,21.8000,22.0800,21.5700,21.9000,886259
2018-03-12,21.6600,21.8900,21.4900,21.6400,717510
2018-03-09,21.3400,21.5800,21.2500,21.5700,670349
2018-03-08,21.7200,21.9300,21.0600,21.1700,708173
2018-03-07,21.2500,21.7150,21.1200,21.6100,683374
2018-03-06,21.1100,21.5400,20.8300,21.4800,1283777
2018-03-05,21.3600,21.6100,20.9800,21.0700,1577438
2018-03-02,21.1200,21.5000,20.5300,21.4300,1789571
2018-03-01,20.9800,21.9200,19.7500,21.1900,4252470
2018-02-28,19.8400,20.0800,19.1500,19.1800,2254506
2018-02-27,20.5200,20.8400,19.6300,19.6500,1510403
2018-02-26,20.7800,20.9900,20.2900,20.5100,748660
2018-02-23,20.3700,20.7900,20.3300,20.7700,793947
2018-02-22,20.4400,20.5400,20.1850,20.2300,821259
2018-02-21,20.4800,20.8900,20.2500,20.3500,916095
2018-02-20,20.4000,20.7500,20.2100,20.3900,1005645
2018-02-16,19.7600,20.7800,19.7400,20.5500,1109674
2018-02-15,20.0000,20.1100,19.7300,19.8800,1157820
2018-02-14,19.2500,19.9800,19.2500,19.8200,1652895
2018-02-13,19.5000,19.7600,19.3200,19.4800,1810331
2018-02-12,19.9400,19.9800,19.4350,19.5300,1737247
2018-02-09,19.9800,20.2200,19.1700,19.8000,1931976
2018-02-08,20.4000,20.6700,19.7200,19.7300,3081266
2018-02-07,20.2500,20.7650,20.1700,20.3800,1044463
2018-02-06,19.3900,20.8100,19.2600,20.3700,1724532
2018-02-05,20.5500,20.9300,19.8000,19.9200,2091414
2018-02-02,21.6600,21.7200,20.6900,20.8200,1366483
2018-02-01,21.3600,22.1700,21.1400,21.9000,1132491
2018-01-31,21.7000,21.8300,21.1600,21.4200,1318869
2018-01-30,21.5000,21.8200,20.7000,21.5200,1224460
2018-01-29,22.5800,22.7000,21.6900,21.7400,1133877
2018-01-26,22.5900,22.6800,22.4000,22.6500,1212322
2018-01-25,22.5900,22.7700,22.1700,22.4300,1016807
2018-01-24,23.0400,23.2800,22.3500,22.3800,1914424
2018-01-23,22.7800,23.1100,22.4200,23.0300,963319
2018-01-22,22.3900,22.7500,22.3500,22.7400,1109583
2018-01-19,22.6700,22.7600,22.2600,22.3100,909487
2018-01-18,22.6600,22.8800,22.4800,22.6000,1005396
2018-01-17,22.3300,22.8600,22.1800,22.7900,1043715
2018-01-16,23.0200,23.1500,22.0100,22.1500,1305515
2018-01-12,22.7000,22.9100,22.6200,22.7900,1016373
2018-01-11,22.1800,22.5300,22.0400,22.4600,858207
2018-01-10,22.6400,22.6700,22.0700,22.1300,777270
2018-01-09,22.6700,22.9000,22.5500,22.6800,749705
2018-01-08,22.7900,22.8600,22.4300,22.6700,1238482
2018-01-05,22.5000,22.7850,22.4000,22.7800,1473272
2018-01-04,22.5600,22.6500,22.1200,22.3500,1491796
2018-01-03,22.0000,22.4600,21.9600,22.4100,1996636
2018-01-02,22.0000,22.0100,21.6100,22.0000,2378318
2017-12-29,21.9400,22.0800,21.7900,21.7900,1163899
2017-12-28,21.7600,21.8600,21.6200,21.8400,948294
2017-12-27,21.6900,21.9100,21.4700,21.7900,1447113
2017-12-26,21.2900,21.7800,21.1700,21.6800,1340344
2017-12-22,21.0000,21.2900,20.7600,21.2600,1390986
2017-12-21,20.5000,21.0400,20.4400,20.9800,1162959
2017-12-20,20.2600,20.4900,20.1100,20.4700,845170
2017-12-19,20.4300,20.6400,20.0900,20.1600,1411584
2017-12-18,20.2300,20.6000,20.0800,20.4400,1801129
2017-12-15,19.8300,20.3300,19.5900,20.0500,2799860
2017-12-14,20.0500,20.2900,19.7050,19.7300,1482667
2017-12-13,20.2000,20.5700,20.0400,20.0400,1219153
2017-12-12,20.4500,20.6500,20.1600,20.1700,909721
2017-12-11,20.5600,20.7000,20.3650,20.4400,724762
2017-12-08,20.6800,20.7100,20.3400,20.5000,921535
2017-12-07,20.0400,20.6900,20.0200,20.5200,1006434
2017-12-06,19.9300,20.4100,19.1510,20.1300,884991
2017-12-05,20.3700,20.5700,19.9300,20.0700,1180640
2017-12-04,20.2400,20.8600,20.2400,20.3300,2122932
2017-12-01,20.4300,20.5200,19.3300,19.9800,1803807
2017-11-30,20.2000,20.4600,19.9302,20.4000,1767517
2017-11-29,20.2600,20.4100,19.8900,20.0600,1237942
2017-11-28,19.6200,20.3600,19.4900,20.3000,2397139
2017-11-27,19.5500,19.6700,19.3439,19.4900,1497329
2017-11-24,19.5800,19.6000,19.3100,19.5000,505850
2017-11-22,19.5200,19.7800,19.4300,19.5200,1092503
2017-11-21,19.6300,19.6400,19.3100,19.4500,1354221
2017-11-20,19.1500,19.5700,19.1500,19.5400,1490764
2017-11-17,18.6000,19.3700,18.5500,19.1400,1819823
2017-11-16,18.6000,18.8600,18.4600,18.6700,1921171
2017-11-15,18.1300,18.7100,18.1000,18.4700,2026213
2017-11-14,17.8600,18.4300,17.7200,18.2700,1112285
2017-11-13,18.4600,18.6500,17.9500,17.9600,1633868
2017-11-10,18.5300,18.8200,18.0500,18.4600,3363363
2017-11-09,17.0800,18.4100,16.5200,18.3600,2702040
2017-11-08,17.3800,17.5900,17.1500,17.5200,733322
2017-11-07,17.9100,18.0000,17.2800,17.4400,671337
2017-11-06,17.6600,18.0200,17.6000,17.9300,669445
2017-11-03,17.2900,17.6500,17.1800,17.6500,1261461
2017-11-02,18.0500,18.1100,17.2300,17.2800,1269112
2017-11-01,18.1500,18.2100,17.8800,18.0200,1045432
2017-10-31,17.9200,18.1000,17.7700,18.0200,869603
2017-10-30,17.8100,17.9300,17.5600,17.7900,559167
2017-10-27,17.9200,18.0100,17.5000,17.8900,547415
2017-10-26,17.6700,18.0900,17.6000,17.8700,638702
2017-10-25,17.9100,18.0000,17.0600,17.5600,1011549
2017-10-24,18.1300,18.4300,18.0400,18.0600,606128
2017-10-23,18.0000,18.1000,17.8100,18.0300,889320
2017-10-20,17.5200,18.2000,17.4900,17.9000,1681997
2017-10-19,17.1500,17.3400,16.9300,17.3200,695616
2017-10-18,17.1100,17.2800,17.0700,17.2100,498774
2017-10-17,17.3500,17.4400,17.0600,17.1200,533058
2017-10-16,17.4600,17.5800,17.2500,17.3700,674332
2017-10-13,17.6800,17.7200,17.3300,17.3900,530707
2017-10-12,17.6500,17.7600,17.4600,17.6800,1003304
2017-10-11,17.4900,17.7500,17.4400,17.6300,629061
2017-10-10,17.8100,17.8100,17.2600,17.4700,873711
2017-10-09,17.9300,17.9400,17.5500,17.7100,674689
2017-10-06,17.4600,17.9400,17.3800,17.9300,846515
2017-10-05,17.7700,17.9300,17.4700,17.4900,987981
2017-10-04,18.1200,18.2300,17.6600,17.7200,858357
2017-10-03,17.7700,18.0300,17.6800,18.0100,1141861
2017-10-02,17.9500,18.0400,17.6500,17.7400,1285054
2017-09-29,17.8100,18.0800,17.8000,17.9900,1969908
2017-09-28,17.6000,17.9500,17.4400,17.6900,1196141
2017-09-27,17.6400,17.6900,17.2500,17.6100,1644597
2017-09-26,17.4400,17.7000,17.2000,17.5400,1284249
2017-09-25,17.4000,17.5700,16.9700,17.3300,1257814
2017-09-22,16.7400,17.4100,16.7000,17.3100,2133285
2017-09-21,16.6400,17.0100,16.5400,16.7500,1525244
2017-09-20,16.4800,16.6800,16.4800,16.6200,1465400
2017-09-19,16.4100,16.6300,16.3000,16.4900,989177
2017-09-18,16.3300,16.6000,16.3300,16.4300,811554
2017-09-15,16.3100,16.4400,16.1900,16.2200,1063773
2017-09-14,16.6200,16.7500,16.2700,16.3100,1347150
2017-09-13,17.0000,17.0000,16.6700,16.7300,1912142
2017-09-12,16.8800,17.0400,16.7200,16.9900,1933428
2017-09-11,16.8500,17.0900,16.5500,16.7700,2622358
2017-09-08,16.6100,16.8700,16.4400,16.6300,2594206
2017-09-07,16.4100,16.7400,16.3100,16.5700,9081206
2017-09-06,16.5000,16.9000,16.4700,16.7700,1026355
2017-09-05,16.5900,16.8000,16.3400,16.3900,1227263
2017-09-01,16.3800,16.6900,16.0500,16.5900,1196207
2017-08-31,16.4300,16.5200,16.2000,16.2800,820388
2017-08-30,16.0500,16.4400,16.0400,16.2900,1402418
2017-08-29,15.3100,16.0500,15.1800,16.0100,1419141
2017-08-28,15.0500,15.5900,15.0000,15.4000,1244798
2017-08-25,14.7500,14.8300,14.3900,14.5900,847447
2017-08-24,14.9400,14.9500,14.5400,14.6400,801446
2017-08-23,15.1000,15.2300,14.7600,14.8400,708332
2017-08-22,14.8200,15.3700,14.8200,15.2300,747663
2017-08-21,15.5200,15.5500,14.9500,15.0300,877687
2017-08-18,15.6500,15.7900,15.4200,15.5700,545969
2017-08-17,16.0000,16.1100,15.7600,15.8200,791514
2017-08-16,16.3900,16.4100,16.0450,16.1200,584284
2017-08-15,16.5700,16.6300,16.3200,16.4000,363508
2017-08-14,16.4800,16.8130,16.4700,16.5600,819345
2017-08-11,16.0500,16.4100,15.9900,16.3400,603716
2017-08-10,16.3300,16.3346,15.8800,16.1500,639320
2017-08-09,16.5000,16.6800,16.3400,16.5300,512826
2017-08-08,16.6500,17.0000,16.5100,16.6300,746252
2017-08-07,16.8600,17.2200,16.6500,16.7100,1145851
2017-08-04,15.7600,16.8300,15.2500,16.7200,1725045
2017-08-03,15.5900,15.5900,14.9700,15.2400,922311
2017-08-02,15.8600,16.0200,15.5300,15.6300,470414
2017-08-01,15.7900,16.3100,15.7400,15.8700,965459
2017-07-31,15.5200,15.7400,15.4400,15.6700,341545
2017-07-28,15.4000,15.6700,15.2800,15.5100,370627
2017-07-27,15.6800,15.8300,15.4100,15.4600,563042
2017-07-26,15.8100,15.9100,15.5700,15.6000,622555
2017-07-25,15.6300,15.7950,15.4100,15.7700,637987
2017-07-24,15.7900,15.8750,15.4700,15.5200,384290
2017-07-21,16.1000,16.1600,15.7850,15.8500,379747
2017-07-20,15.9500,16.0950,15.8100,16.0500,420355
2017-07-19,15.8300,16.1300,15.8000,15.9800,361414
2017-07-18,15.9100,16.0561,15.7300,15.8300,313870
2017-07-17,15.8700,16.0600,15.6200,16.0200,446866
2017-07-14,15.8200,16.0700,15.7200,15.9300,356922
2017-07-13,15.7500,15.8750,15.6400,15.8500,401033
2017-07-12,15.7500,16.1000,15.5800,15.8200,518709
2017-07-11,15.5300,15.9400,15.5300,15.6900,584540
2017-07-10,15.6000,15.7000,15.3500,15.6100,584902
2017-07-07,15.1600,15.6300,15.1600,15.5900,661114
2017-07-06,15.2500,15.3300,15.0000,15.1300,893041
2017-07-05,15.2400,15.5100,15.0700,15.4300,528152
2017-07-03,15.3000,15.4250,15.1802,15.3400,273481
2017-06-30,15.0800,15.4250,15.0000,15.3200,575689
2017-06-29,15.4300,15.5461,14.8800,15.0100,828236
2017-06-28,14.9600,15.5500,14.8900,15.4300,579913
2017-06-27,14.8900,15.1500,14.8100,14.8500,748290
2017-06-26,15.1300,15.2500,14.8500,14.9500,670369
2017-06-23,14.8100,15.1300,14.6300,15.1000,1433694
2017-06-22,14.7300,14.9400,14.6200,14.8000,1192774
2017-06-21,15.1000,15.1000,14.6600,14.7000,606881
2017-06-20,15.3000,15.3600,14.9900,15.0400,675717
2017-06-19,15.4100,15.5700,15.1300,15.3300,1156169
2017-06-16,15.2400,15.3500,15.0700,15.3100,1094303
2017-06-15,15.3700,15.6300,15.1800,15.3600,738682
2017-06-14,15.3700,15.6199,15.2200,15.5700,962060
2017-06-13,14.9400,15.3600,14.9200,15.3100,999456
2017-06-12,14.8000,15.0300,14.7900,14.8900,840369
2017-06-09,14.8800,15.0350,14.5300,14.7900,1352892
2017-06-08,14.2200,15.0700,14.1400,14.9000,1390109
2017-06-07,13.9700,14.2500,13.8850,14.2300,1410211
2017-06-06,13.8900,14.1200,13.8000,13.9600,733301
2017-06-05,14.4000,14.4000,14.0300,14.0500,670782
2017-06-02,13.9700,14.4800,13.9500,14.4200,841057
2017-06-01,13.7300,14.0300,13.6000,13.9500,1274080
2017-05-31,13.4700,13.6800,13.3300,13.6600,1476692
2017-05-30,13.8300,13.8300,13.3700,13.5200,995492
2017-05-26,13.7700,13.9000,13.5700,13.8900,1001497
2017-05-25,13.8500,13.9700,13.7100,13.8100,890936
2017-05-24,13.9300,13.9900,13.6950,13.7700,745775
2017-05-23,14.2500,14.2600,13.8750,13.9400,1141338
2017-05-22,14.3000,14.3600,14.0500,14.1600,818349
2017-05-19,14.0300,14.4100,13.9500,14.2200,1108428
2017-05-18,13.9800,14.1000,13.8100,13.9300,1153160
2017-05-17,14.2700,14.5400,13.9500,14.0200,1690281
2017-05-16,14.5600,14.7100,14.3100,14.6700,1553851
2017-05-15,14.2500,14.4800,14.1900,14.4700,1720457
2017-05-12,14.6800,14.8000,14.2100,14.2400,1671528
2017-05-11,14.7600,14.8900,14.4900,14.8100,1738974
2017-05-10,15.3200,15.3500,14.7450,14.8900,2640816
2017-05-09,15.8900,16.2300,14.7500,15.3400,4115046
2017-05-08,15.9700,16.0400,15.2900,15.5000,1772016
2017-05-05,16.0700,16.0800,15.8600,16.0100,795410
2017-05-04,15.9200,16.1000,15.8000,16.0500,758878
2017-05-03,16.2700,16.4000,15.8250,15.9100,1375626
2017-05-02,16.3000,16.5000,16.0900,16.3900,1656576
2017-05-01,16.0100,16.2300,15.9330,16.2100,1202337
2017-04-28,16.0900,16.1500,15.8700,16.0100,1169372
2017-04-27,16.0100,16.1700,15.8600,16.0500,835614
2017-04-26,16.1300,16.2200,15.9600,16.0000,1145630
2017-04-25,16.0100,16.1600,15.8900,16.1000,1758464
2017-04-24,15.7700,16.0900,15.6400,15.8300,1171959
2017-04-21,15.3000,15.4400,15.1200,15.3900,760649
2017-04-20,15.1000,15.4400,15.0300,15.3100,903328
2017-04-19,15.0300,15.2500,14.9600,14.9900,814484
2017-04-18,14.7300,15.0600,14.6500,14.9300,771745
2017-04-17,14.8400,14.9600,14.6300,14.8400,764135
2017-04-13,15.0400,15.1600,14.5900,14.7800,744859
2017-04-12,15.3400,15.3700,14.9500,15.0700,741460
2017-04-11,15.1900,15.4300,15.1000,15.3700,793117
2017-04-10,15.1100,15.4400,15.0300,15.2300,992754
2017-04-07,15.0300,15.1850,14.8800,15.0900,1035376
2017-04-06,14.8600,15.1050,14.8100,15.0800,965064
2017-04-05,15.0700,15.1500,14.7650,14.8600,1285117
2017-04-04,14.6500,14.9400,14.6000,14.8800,1265051
2017-04-03,14.9500,15.0300,14.4300,14.6400,877759
2017-03-31,14.8100,15.1700,14.5700,14.9000,1245494
2017-03-30,14.8400,14.9700,14.6900,14.8400,845163
2017-03-29,14.5700,14.8700,14.5500,14.8600,860255
2017-03-28,14.5400,14.7600,14.4300,14.6500,865465
2017-03-27,14.2500,14.5300,14.0400,14.4700,769181
2017-03-24,14.5700,14.7000,14.2800,14.4400,613122
2017-03-23,14.4000,14.7800,14.1600,14.5100,821642
2017-03-22,14.3300,14.6400,14.1500,14.4000,1229053
2017-03-21,15.1200,15.2000,14.4500,14.4700,1814921
2017-03-20,15.5600,15.7500,14.8900,15.0400,1641375
2017-03-17,15.7500,15.8500,15.4100,15.6300,1897006
2017-03-16,15.5400,15.8000,15.4900,15.7500,2141628
2017-03-15,15.2900,15.5900,15.1900,15.4300,2090946
2017-03-14,15.2000,15.3600,15.0600,15.1200,1527389
2017-03-13,15.2200,15.4100,15.1300,15.3500,1879947
2017-03-10,15.1200,15.2800,14.8900,15.2700,2848529
2017-03-09,14.8200,15.0600,14.6100,14.8500,1797468
2017-03-08,14.6300,15.1400,14.5400,14.9100,2487712
2017-03-07,15.0400,15.1800,14.4800,14.5400,2506959
2017-03-06,15.2100,15.5200,14.9300,15.0400,2860858
2017-03-03,14.8600,15.2200,14.3800,15.1500,9595700
2017-03-02,14.8400,15.7100,14.7300,15.1500,6474572
2017-03-01,13.9900,15.0000,13.9600,14.5400,4803047
2017-02-28,12.7500,13.0800,12.7200,12.9400,2651558
2017-02-27,12.2700,12.8600,12.1400,12.8200,1249339
2017-02-24,12.1800,12.3800,12.1800,12.2400,678730
2017-02-23,12.5200,12.5200,12.1200,12.4100,653003
2017-02-22,12.4200,12.6300,12.3400,12.4300,607751
2017-02-21,12.5500,12.7000,12.4200,12.4800,802657
2017-02-17,12.5900,12.5900,12.3500,12.5100,467307
2017-02-16,12.6800,12.8400,12.4400,12.6100,704195
2017-02-15,12.4700,12.7500,12.3800,12.6800,1100772
2017-02-14,12.3700,12.5900,12.2300,12.5200,789020
2017-02-13,12.5000,12.6500,12.3100,12.4000,726872
2017-02-10,12.3000,12.4900,12.1900,12.3800,809322
2017-02-09,11.8200,12.3700,11.7800,12.2800,1276363
2017-02-08,11.7300,11.8000,11.4300,11.7900,1014200
2017-02-07,11.6500,11.8200,11.4200,11.5900,1192726
2017-02-06,11.2600,11.6600,11.1400,11.6500,1695843
2017-02-03,11.1400,11.3500,11.0300,11.3200,867220
2017-02-02,10.7500,11.1000,10.6600,11.0000,899419
2017-02-01,10.9200,11.0000,10.6850,10.8100,467649
2017-01-31,10.7700,10.8400,10.5650,10.7600,1111131
2017-01-30,11.2500,11.2600,10.8000,10.8600,1160849
2017-01-27,11.5700,11.6100,11.2500,11.3800,554272
2017-01-26,11.9300,12.1300,11.6050,11.6100,860828
2017-01-25,11.8000,11.9600,11.6200,11.8900,1167319
2017-01-24,10.9900,11.6000,10.8936,11.4300,2391952
2017-01-23,10.8400,10.9650,10.6700,10.7900,876724
2017-01-20,11.0500,11.1500,10.8600,10.9200,429835
2017-01-19,11.2600,11.4300,10.9800,11.0100,540831
2017-01-18,11.3800,11.4500,11.1700,11.2900,535445
2017-01-17,11.6100,11.6100,11.2700,11.3400,545410
2017-01-13,11.3600,11.8000,11.3100,11.6900,741699
2017-01-12,11.5100,11.5100,11.1200,11.3600,502617
2017-01-11,11.5100,11.5950,11.3000,11.5300,659036
2017-01-10,11.3200,11.5400,11.2200,11.5300,665519
2017-01-09,11.3000,11.4500,11.0673,11.2600,726733
2017-01-06,11.6500,11.7000,11.3300,11.3700,1275940
2017-01-05,11.9700,12.0500,11.7000,11.7600,784503
2017-01-04,11.7500,12.0800,11.5900,12.0200,978547
2017-01-03,11.2200,11.6500,11.0700,11.6400,1088325
2016-12-30,11.1400,11.1500,10.9100,10.9700,793778
2016-12-29,11.1100,11.2700,11.0300,11.1200,523832
2016-12-28,11.4100,11.4100,11.0700,11.1200,767740
2016-12-27,11.3700,11.5731,11.3000,11.3500,449396
2016-12-23,11.3500,11.4000,11.2200,11.3300,499001
2016-12-22,11.6000,11.6050,11.2900,11.3100,451836
2016-12-21,11.5500,11.6500,11.4900,11.5800,646588
2016-12-20,11.4800,11.7600,11.3600,11.5800,1434562
2016-12-19,11.5000,11.6500,11.3500,11.3900,829728
2016-12-16,11.4200,11.6300,11.3600,11.5500,1679175
2016-12-15,11.4100,11.6950,11.1500,11.3700,1802961
2016-12-14,11.8900,11.9600,11.3300,11.3400,992370
2016-12-13,12.1300,12.2100,11.9100,11.9400,1315117
2016-12-12,12.0800,12.2400,11.8200,12.0700,1056601
2016-12-09,12.0600,12.2800,11.9100,12.0800,1392483
2016-12-08,11.7100,12.2200,11.6800,12.0400,1517890
2016-12-07,11.4000,11.7800,11.2400,11.6700,1933329
2016-12-06,11.1200,11.4190,11.0000,11.3800,1250000
2016-12-05,10.6100,11.1300,10.5100,11.1000,1322802
2016-12-02,10.8200,10.8200,10.5500,10.5700,1708175
2016-12-01,11.0900,11.1000,10.7450,10.8300,1032054
2016-11-30,11.1700,11.3700,10.8700,11.0600,980168
2016-11-29,11.1000,11.2000,10.8800,11.0400,1104902
2016-11-28,11.8400,11.8850,11.0900,11.1400,1252778
2016-11-25,11.6400,11.8400,11.5650,11.8300,323626
2016-11-23,11.4700,11.7800,11.4500,11.6100,1480082
2016-11-22,11.5500,11.8600,11.3400,11.4200,1914425
2016-11-21,11.2800,11.5000,11.1500,11.3200,1171048
2016-11-18,11.1600,11.4100,11.0400,11.1900,1140290
2016-11-17,10.8400,11.2900,10.3400,11.1000,1752629
2016-11-16,10.5700,10.7800,10.4500,10.7450,1223712
2016-11-15,10.3500,10.7200,10.1300,10.6600,1504693
2016-11-14,10.4800,10.7000,10.2910,10.3900,1294395
2016-11-11,10.0800,10.4100,10.0700,10.3500,1525137
2016-11-10,9.6200,10.1950,9.4700,10.1000,2679862
2016-11-09,9.3900,9.6200,9.1400,9.4600,2480066
2016-11-08,9.5100,9.6169,9.3800,9.4600,1484542
2016-11-07,9.3500,9.7200,9.2600,9.5400,2041643
2016-11-04,9.2900,10.1300,9.0390,9.1400,2075474
2016-11-03,9.4800,9.5200,9.1200,9.3900,3473288
2016-11-02,9.7100,9.7500,9.4200,9.4300,1106857
2016-11-01,9.7200,9.8900,9.5900,9.7050,1243790
2016-10-31,9.5900,10.0000,9.5000,9.6700,463051
2016-10-28,9.7100,9.8250,9.5100,9.5700,1534970
2016-10-27,9.7600,9.8700,9.6100,9.7300,1137197
2016-10-26,9.6400,9.7700,9.6000,9.7100,1370496
2016-10-25,10.3500,10.3500,9.7300,9.7300,2111320
2016-10-24,10.4800,10.6600,10.3700,10.4000,749127
2016-10-21,10.3000,10.3950,10.2000,10.3800,883984
2016-10-20,10.3800,10.5100,10.2900,10.4200,1499455
2016-10-19,10.3300,10.5400,10.2100,10.4300,2001521
2016-10-18,10.7500,10.8300,10.2700,10.2800,1949057
2016-10-17,10.7900,10.8491,10.4500,10.6200,1360557
2016-10-14,11.1900,11.4200,10.8600,10.8700,718686
2016-10-13,11.0200,11.2800,11.0200,11.1200,794339
2016-10-12,11.1500,11.2900,11.0300,11.1200,412906
2016-10-11,11.4000,11.5500,11.0300,11.1800,567203
2016-10-10,11.3500,11.5800,11.3100,11.4600,413463
2016-10-07,11.6100,11.6500,11.1900,11.2100,759535
2016-10-06,11.2700,11.8350,11.2500,11.7600,1061763
2016-10-05,11.3800,11.5200,11.2600,11.3200,830333
2016-10-04,11.3900,11.5600,11.2300,11.3500,375907
2016-10-03,11.4500,11.5800,11.2950,11.4000,793387
2016-09-30,11.5400,11.6500,11.2500,11.5100,1205448
2016-09-29,11.7200,11.7200,11.3100,11.4000,692308
2016-09-28,11.7300,11.8200,11.4700,11.7300,1131517
2016-09-27,11.7000,11.7300,11.4700,11.7300,796867
2016-09-26,11.6300,11.8650,11.6100,11.6700,438306
2016-09-23,11.8100,12.0137,11.6200,11.7600,932494
2016-09-22,11.7800,12.0700,11.5900,11.8100,1311624
2016-09-21,11.5400,11.7400,11.3400,11.7100,1533747
2016-09-20,12.1400,12.1900,11.3900,11.5100,1634695
2016-09-19,11.9800,12.3750,11.9100,12.0200,705720
2016-09-16,12.2000,12.2200,11.7700,11.8500,1240776
2016-09-15,12.4700,12.4700,12.1900,12.2400,477571
2016-09-14,12.3600,12.5200,12.0800,12.2600,835144
2016-09-13,12.5800,12.6200,12.2000,12.3100,1080717
2016-09-12,12.4900,12.6746,12.4000,12.6700,1221830
2016-09-09,13.4300,13.4300,12.5200,12.6200,1749406
2016-09-08,13.6100,13.7599,13.4800,13.6100,813401
2016-09-07,13.4800,13.7900,13.3300,13.6200,1383035
2016-09-06,13.6400,13.7754,13.2000,13.3300,857091
2016-09-02,13.5500,13.6900,13.2350,13.4200,788536
2016-09-01,13.7700,13.7800,13.2450,13.5300,773052
2016-08-31,14.0700,14.0900,13.5500,13.7400,1177343
2016-08-30,13.6500,14.0300,13.5800,14.0300,1177459
2016-08-29,13.1000,13.7600,13.1000,13.6000,1474621
2016-08-26,13.0100,13.3200,12.7750,13.0100,1317737
2016-08-25,12.8500,12.9800,12.8000,12.9600,868422
2016-08-24,13.1100,13.1200,12.8150,12.8800,746233
2016-08-23,12.7500,13.2400,12.7101,13.0900,1243246
2016-08-22,12.5100,12.7500,12.2500,12.6800,1101047
2016-08-19,12.6300,12.7230,12.5500,12.6200,1023990
2016-08-18,12.5600,12.7400,12.3000,12.6400,902627
2016-08-17,12.6000,12.6500,12.3600,12.5600,1712633
2016-08-16,12.4300,12.5900,12.2500,12.5400,1131900
2016-08-15,12.4000,12.5650,12.1700,12.4500,719634
2016-08-12,12.4400,12.5700,12.1100,12.2900,1728736
2016-08-11,12.4700,12.6600,12.3100,12.4500,898960
2016-08-10,12.4500,12.8400,12.0700,12.4200,990723
2016-08-09,12.4400,12.5200,12.0300,12.4000,1175785
2016-08-08,12.4400,12.8500,12.4300,12.4400,1007368
2016-08-05,12.0000,12.9900,12.0000,12.5600,2305788
2016-08-04,13.1300,13.2390,12.7700,13.1100,1102217
2016-08-03,12.8600,13.1700,12.7500,13.1100,892003
2016-08-02,12.9500,13.1500,12.7800,12.8300,1144859
2016-08-01,12.9600,13.3300,12.6600,12.9800,1757592
2016-07-29,13.1200,13.1550,12.7300,12.8900,1793212
2016-07-28,13.1000,13.3500,13.0200,13.1000,1868590
2016-07-27,13.1500,13.3800,12.8700,13.0900,1218417
2016-07-26,13.0300,13.1600,12.9250,13.0900,769888
2016-07-25,12.9200,13.2200,12.9200,12.9800,741349
2016-07-22,12.8100,13.0000,12.6300,12.9000,494319
2016-07-21,12.9800,13.0350,12.7293,12.8200,679285
2016-07-20,12.9400,13.0900,12.7800,12.9500,586348
2016-07-19,13.1000,13.1000,12.8200,12.8800,648233
2016-07-18,12.8100,13.2400,12.6600,13.0900,1043082
2016-07-15,12.7600,12.8400,12.5100,12.8200,749757
2016-07-14,12.8600,12.8600,12.5400,12.6700,744564
2016-07-13,12.8800,12.9500,12.6300,12.6300,772463
2016-07-12,12.8800,13.0200,12.6275,12.8100,1283680
2016-07-11,12.4800,12.8600,12.4800,12.7500,1289710
2016-07-08,11.9600,12.4500,11.7200,12.3400,1660698
2016-07-07,11.6500,11.9000,11.6100,11.8200,1073365
2016-07-06,11.1800,11.6400,11.1100,11.6200,1447820
2016-07-05,11.5000,11.7700,11.0100,11.2600,1327484
2016-07-01,11.2800,11.7750,10.9900,11.5600,601910
2016-06-30,10.7800,11.2600,10.7800,11.2500,816878
2016-06-29,10.9200,11.1600,10.7100,11.0300,1139305
2016-06-28,10.3400,10.9900,10.3400,10.6800,1219457
2016-06-27,10.7400,10.8950,10.1500,10.1900,2296543
2016-06-24,10.9900,11.2900,10.7500,10.9300,4715769
2016-06-23,11.1900,11.7200,11.0700,11.7200,947774
2016-06-22,11.3200,11.3300,10.9300,11.0200,976410
2016-06-21,11.4200,11.6400,11.0650,11.3200,1065409
2016-06-20,11.2000,11.5750,11.0400,11.4100,1149815
2016-06-17,10.9300,11.1700,10.8010,11.0700,2145368
2016-06-16,11.1300,11.1300,10.6550,10.8700,1014220
2016-06-15,11.0500,11.1950,10.8900,11.0000,1898185
2016-06-14,11.2900,11.3700,10.9800,11.0400,1375663
2016-06-13,11.6100,11.7500,11.2900,11.3300,1300684
2016-06-10,11.8900,12.0300,11.6900,11.7400,1014438
2016-06-09,12.2200,12.3100,12.0600,12.1100,802741
2016-06-08,12.1800,12.3350,12.0900,12.3000,1225321
2016-06-07,11.9600,12.2000,11.8380,12.1400,1141445
2016-06-06,11.8900,11.9950,11.7200,11.9600,1063071
2016-06-03,12.3100,12.3300,11.8500,11.8800,1370289
2016-06-02,11.9600,12.3100,11.9400,12.2900,1877275
2016-06-01,11.9900,12.1800,11.7400,12.0700,2299272
2016-05-31,11.8900,12.0200,11.6200,11.7600,1200861
2016-05-27,11.6600,11.9000,11.5900,11.7800,2201152
2016-05-26,11.9100,12.0200,11.4700,11.6400,2515743
2016-05-25,12.0300,12.2600,11.8000,11.8800,2042808
2016-05-24,11.8400,12.0300,11.6500,11.9500,1397950
2016-05-23,11.5400,11.9900,11.4400,11.7600,1808133
2016-05-20,11.5300,11.7300,11.1600,11.6400,1569673
2016-05-19,10.6600,11.4900,10.6400,11.4400,9466099
2016-05-18,11.1200,11.3300,10.8200,10.9300,1640631
2016-05-17,11.0900,11.4400,10.6400,11.1700,1557690
2016-05-16,11.3400,11.3800,11.0450,11.0600,1968467
2016-05-13,11.4100,11.6200,11.2100,11.2400,1925067
2016-05-12,11.6000,11.7500,11.3900,11.5000,1136266
2016-05-11,11.3000,11.8300,11.1700,11.5300,1415621
2016-05-10,11.1600,11.3900,11.0500,11.3600,1407632
2016-05-09,10.8600,11.4425,10.8600,11.1200,1869639
2016-05-06,11.4800,11.6100,10.1700,10.8600,3084299
2016-05-05,11.1700,11.5300,11.0800,11.2900,1713510
2016-05-04,10.9000,11.3300,10.8300,11.1300,1119727
2016-05-03,11.3200,11.3640,10.9050,10.9800,1646937
2016-05-02,11.1500,11.4600,10.9400,11.4400,981606
2016-04-29,11.3800,11.3900,10.8200,11.0900,1548799
2016-04-28,11.9200,12.0200,11.3350,11.4000,940043
2016-04-27,12.0900,12.1700,11.9700,12.0300,900612
2016-04-26,12.2300,12.2805,11.9400,12.1400,917635
2016-04-25,12.3800,12.5900,12.0900,12.2100,500634
2016-04-22,12.3500,12.5700,12.3364,12.4000,1061486
2016-04-21,12.3000,12.7700,12.2800,12.3000,886519
2016-04-20,11.9400,12.5000,11.9400,12.2000,846196
2016-04-19,12.1200,12.1708,11.9100,12.0200,648183
2016-04-18,11.9900,12.3200,11.8500,12.1000,535939
2016-04-15,11.9000,12.1900,11.8000,12.0300,949455
2016-04-14,11.9700,12.0100,11.7600,11.8900,882147
2016-04-13,11.8400,12.0700,11.7100,11.9800,862024
2016-04-12,11.8900,12.0383,11.6300,11.7100,847822
2016-04-11,11.7600,12.1936,11.6600,11.8600,1074113
2016-04-08,11.7200,11.8900,11.3400,11.6600,692168
2016-04-07,11.5800,11.8400,11.3600,11.5500,1108723
2016-04-06,11.3300,11.8000,11.2300,11.7300,1063357
2016-04-05,10.9200,11.3300,10.7620,11.2800,832784
2016-04-04,11.4100,11.5100,11.0300,11.0800,963683
2016-04-01,11.0700,11.5000,10.9600,11.4100,1110659
2016-03-31,10.6500,11.3350,10.6100,11.2700,1733777
2016-03-30,10.7900,10.8500,10.5000,10.6400,1122087
2016-03-29,10.2400,10.8700,10.1800,10.6700,1595230
2016-03-28,10.1600,10.3700,9.9200,10.2900,748926
2016-03-24,10.1200,10.2400,9.9600,10.1400,561158
2016-03-23,10.0900,10.4499,10.0900,10.2200,2053123
2016-03-22,9.8400,10.1900,9.7600,10.1100,673874
2016-03-21,10.0800,10.2600,9.8600,9.9000,663253
2016-03-18,10.0800,10.3755,9.9900,10.1100,2111803
2016-03-17,9.6200,10.0600,9.5900,10.0100,638584
2016-03-16,9.3100,9.7500,9.2600,9.7100,1388465
2016-03-15,9.9000,10.0100,9.2900,9.3500,780811
2016-03-14,9.6600,10.0100,9.5900,9.9900,1162827
2016-03-11,9.3800,9.7050,9.0500,9.6900,697524
2016-03-10,9.5100,9.5900,9.0700,9.2600,774227
2016-03-09,9.7800,9.9100,9.2700,9.4300,1070103
2016-03-08,9.9100,10.0385,9.6300,9.7400,1576622
2016-03-07,9.6500,10.0400,9.6500,10.0000,2222555
2016-03-04,9.0200,10.2000,8.8400,9.7900,4879213
2016-03-03,8.6400,8.7000,8.2900,8.6500,1502373
2016-03-02,8.5500,8.6800,8.3000,8.6300,1810038
2016-03-01,7.9700,8.5100,7.9700,8.4900,2646922
2016-02-29,8.0000,8.3800,7.9000,7.9300,1988227
2016-02-26,7.4500,7.9200,7.4050,7.9000,1184595
2016-02-25,7.3700,7.4899,7.2000,7.3700,728944
2016-02-24,7.0400,7.3550,7.0100,7.3500,913128
2016-02-23,7.3600,7.4000,7.0900,7.2000,1111897
2016-02-22,6.8900,7.5500,6.8900,7.3900,1803810
2016-02-19,6.8600,6.9300,6.7200,6.7600,1427635
2016-02-18,7.0500,7.3100,6.7800,6.9050,1310284
2016-02-17,7.0000,7.2500,7.0000,7.0300,1867120
2016-02-16,6.7800,7.0000,6.6400,6.9800,1366611
2016-02-12,6.6900,6.9200,6.5350,6.6400,1130919
2016-02-11,6.8100,7.1300,6.5000,6.5900,1591174
2016-02-10,6.9800,7.2400,6.7500,6.9400,1567012
2016-02-09,7.1700,7.2400,6.6650,6.7600,2448684
2016-02-08,7.4800,7.5700,7.0400,7.2500,2518373
2016-02-05,8.1300,8.3800,7.5950,7.6300,1904581
2016-02-04,7.8000,8.3200,7.7200,8.2200,1172192
2016-02-03,8.0300,8.1300,7.5600,7.8000,1895303
2016-02-02,7.9900,8.0400,7.6300,7.7500,1396081
2016-02-01,7.9700,8.2100,7.8600,8.1500,1174472
2016-01-29,7.7000,8.0450,7.7000,8.0300,1186519
2016-01-28,7.7800,7.8400,7.3210,7.6000,1363705
2016-01-27,8.0100,8.0600,7.4950,7.5800,1248602
2016-01-26,7.8000,8.0700,7.4700,8.0400,1266386
2016-01-25,8.1500,8.1700,7.7400,7.8000,1457811
2016-01-22,8.0200,8.5100,8.0200,8.2800,1630098
2016-01-21,7.6600,8.3100,7.6500,7.8200,1863167
2016-01-20,7.4400,7.7900,7.0200,7.6300,3064304
2016-01-19,8.3000,8.3200,7.5700,7.6300,2167091
2016-01-15,8.3300,8.3767,7.8985,8.1700,1472299
2016-01-14,8.5500,8.7350,8.2250,8.6000,1518987
2016-01-13,9.0400,9.1300,8.4900,8.5200,1573035
2016-01-12,9.2900,9.3600,8.7300,9.0300,2358340
2016-01-11,9.4900,9.5100,8.9450,9.1600,1841149
2016-01-08,9.7100,9.8100,9.4100,9.4700,1665901
2016-01-07,10.0300,10.2500,9.5900,9.6500,2409718
2016-01-06,11.0100,11.1450,10.1450,10.4200,2280633
2016-01-05,11.1600,11.2600,10.7800,11.1800,1395235
2016-01-04,10.8300,11.1400,10.5100,11.0900,1859127
2015-12-31,10.5000,11.2600,10.5000,11.0800,1405300
2015-12-30,10.7000,10.9800,10.6700,10.6900,733300
2015-12-29,10.7100,10.8000,10.4600,10.7600,1019100
2015-12-28,10.8400,10.9000,10.4600,10.6000,683600
2015-12-24,10.9800,11.0900,10.2460,10.9200,307000
2015-12-23,10.7500,11.1600,10.7500,11.0100,899300
2015-12-22,10.7800,10.8600,10.5000,10.7000,803900
2015-12-21,10.8600,10.9100,10.4500,10.7800,1110900
2015-12-18,10.9100,11.2800,10.7500,10.8200,1871000
2015-12-17,11.4000,11.7400,10.7900,10.9200,1620100
2015-12-16,11.0900,11.5100,11.0300,11.4100,1449200
2015-12-15,10.0500,11.0250,10.0200,10.9600,2700500
2015-12-14,11.7700,11.7700,10.1400,10.5700,5348000
2015-12-11,11.8300,12.1200,11.7350,11.8200,1289700
2015-12-10,12.1800,12.2700,11.9400,12.0700,1599100
2015-12-09,12.8300,12.9900,12.1100,12.1600,1583400
2015-12-08,12.9300,13.0700,12.6400,12.9400,1261300
2015-12-07,13.3300,13.4400,12.5200,12.8700,2413300
2015-12-04,13.0500,13.4700,13.0200,13.3700,1169900
2015-12-03,13.5000,13.5800,12.9200,13.0200,2001300
2015-12-02,13.3500,13.6600,13.2600,13.5000,1131600
2015-12-01,13.6200,13.6200,13.0900,13.4200,1735400
2015-11-30,14.0300,14.0800,13.3300,13.4600,1620600
2015-11-27,13.8600,14.1400,13.7400,13.9100,891200
2015-11-25,13.4500,13.8500,13.4200,13.8200,1077800
2015-11-24,13.7300,13.9400,13.3500,13.4800,1275800
2015-11-23,13.2400,13.7200,13.2400,13.6900,4264500
2015-11-20,13.0000,13.3500,12.9500,13.2100,4588300
2015-11-19,12.9500,13.9500,12.6000,13.5600,2699700
2015-11-18,13.0400,13.1500,12.7100,13.0100,866600
2015-11-17,13.7400,13.8000,12.9000,12.9800,1513200
2015-11-16,13.6000,13.7500,13.2600,13.6700,880700
2015-11-13,13.8200,13.9100,13.5800,13.6500,1049700
2015-11-12,14.1800,14.3700,13.8300,13.8800,939500
2015-11-11,14.5300,14.5300,14.0120,14.3700,1083200
2015-11-10,14.5800,14.7100,13.9903,14.4400,2081300
2015-11-09,15.4000,15.5000,14.2000,14.6600,3420700
2015-11-06,14.2100,15.7230,13.8300,15.2500,4610500
2015-11-05,12.3600,12.5400,12.1800,12.3100,812800
2015-11-04,12.1600,12.8100,12.1000,12.3700,1106500
2015-11-03,11.8900,12.2700,11.7300,12.1700,928200
2015-11-02,11.8000,12.0700,11.6900,11.9600,787700
2015-10-30,11.6700,11.9400,11.5900,11.8200,1346700
2015-10-29,12.1900,12.2200,11.5600,11.7500,986800
2015-10-28,11.8100,12.3600,11.6700,12.2200,695300
2015-10-27,12.2500,12.4700,11.5800,11.7600,1545900
2015-10-26,12.8900,12.9300,12.2400,12.3100,732400
2015-10-23,12.9300,13.3600,12.6000,12.6900,660000
2015-10-22,12.5300,12.8698,12.0500,12.8500,1079500
2015-10-21,12.8300,12.8800,12.3900,12.4850,901700
2015-10-20,13.1700,13.3400,12.5100,12.7000,1407100
2015-10-19,13.2000,13.3250,13.0700,13.2200,500300
2015-10-16,13.1600,13.4300,13.0200,13.2500,1011500
2015-10-15,12.9000,13.2300,12.7100,13.2100,884800
2015-10-14,13.3700,13.3700,12.5100,12.7900,1780800
2015-10-13,13.7800,14.1800,13.3500,13.3800,905500
2015-10-12,14.2800,14.3100,13.8000,13.8600,479700
2015-10-09,14.5400,14.7700,14.1300,14.3200,732500
2015-10-08,14.0900,14.7200,14.0500,14.5500,1581200
2015-10-07,13.7400,14.4400,13.6800,14.4100,1284100
2015-10-06,13.6600,13.9900,13.4900,13.7050,1099500
2015-10-05,13.2400,13.9500,13.2400,13.6600,1058400
2015-10-02,12.9000,13.2200,12.5600,13.1700,1055400
2015-10-01,12.7500,13.1850,12.5000,13.1500,1490000
2015-09-30,12.5900,12.8500,12.5100,12.6800,2639700
2015-09-29,13.2300,13.5200,12.3400,12.4900,2449800
2015-09-28,13.8800,13.9000,13.1300,13.2100,1555800
2015-09-25,14.6500,14.7525,13.8200,13.9300,1047800
2015-09-24,14.8700,14.8700,14.1800,14.4900,1660400
2015-09-23,14.9500,15.0600,14.7600,14.9600,598000
2015-09-22,15.1600,15.4100,14.8200,14.9100,1009300
2015-09-21,15.5500,15.8500,15.1500,15.3100,1335700
2015-09-18,15.1100,15.8800,15.0100,15.3500,2611700
2015-09-17,16.4000,16.4500,15.6000,15.7800,2246100
2015-09-16,16.2000,16.4700,15.9800,16.3600,1580200
2015-09-15,16.4900,16.6410,16.2300,16.2600,754600
2015-09-14,16.3200,16.6900,16.2300,16.4400,1040400
2015-09-11,16.1100,16.4400,16.0400,16.2000,1284900
2015-09-10,15.7400,16.4500,15.6600,16.2300,1763800
2015-09-09,15.9400,16.4300,15.8000,16.0400,2352000
2015-09-08,15.8100,16.0000,15.5300,15.7300,1364300
2015-09-04,15.0600,15.5000,14.8900,15.3200,1395600
2015-09-03,15.4000,15.6900,15.1800,15.3250,1692100
2015-09-02,14.6200,15.4600,14.4000,15.4500,1787200
2015-09-01,14.4700,14.6200,14.1900,14.3900,1007600
2015-08-31,14.4800,14.9400,14.2900,14.8100,1280400
2015-08-28,14.2300,14.7500,14.1400,14.4800,790900
2015-08-27,14.0600,14.4300,13.7200,14.3600,1359600
2015-08-26,13.8500,13.9800,13.2300,13.8300,1145900
2015-08-25,14.5100,14.7900,13.5100,13.5200,1222600
2015-08-24,13.9200,14.9200,12.9000,14.0200,1699500
2015-08-21,14.7200,15.1900,14.5900,14.9200,1414000
2015-08-20,15.2500,15.4700,14.8100,14.9000,1484400
2015-08-19,14.9000,15.5000,14.6100,15.3500,1893300
2015-08-18,14.4100,15.0900,14.0977,14.9300,1397900
2015-08-17,14.1600,14.5000,14.0000,14.3700,592400
2015-08-14,14.5100,14.5100,14.0200,14.2700,792700
2015-08-13,14.2600,14.8400,14.2200,14.6400,895500
2015-08-12,14.5200,14.5700,13.8100,14.1800,964900
2015-08-11,14.4600,14.8400,14.4390,14.4800,1127500
2015-08-10,14.2600,14.6200,14.1900,14.5400,1016500
2015-08-07,14.1600,14.3400,13.9100,14.2300,1838200
2015-08-06,14.3000,14.6599,14.1150,14.2600,1279200
2015-08-05,14.6200,14.9100,14.2000,14.3400,1250000
2015-08-04,15.2200,15.4700,14.7000,14.7900,1847100
2015-08-03,15.1000,15.3900,14.8700,15.2800,2452000
2015-07-31,14.8400,15.2000,14.6950,15.0400,2204600
2015-07-30,14.0100,14.7700,13.6600,14.7500,3789300
2015-07-29,13.3700,13.8600,13.2900,13.8000,8712400
2015-07-28,12.9900,13.6200,12.6440,12.9000,1632900
2015-07-27,13.0400,13.4500,12.3900,13.2100,1140700
2015-07-24,14.5000,14.5000,13.3900,13.3900,1614800
2015-07-23,13.8000,14.0900,13.7400,13.9500,1891300
2015-07-22,13.3200,13.9000,13.1900,13.8500,1604200
2015-07-21,13.0700,13.4200,12.9800,13.3900,785100
2015-07-20,12.7900,13.1000,12.5500,13.0200,376500
2015-07-17,12.4500,12.7400,12.4100,12.7100,470100
2015-07-16,12.2500,12.5000,12.2200,12.4300,494100
2015-07-15,12.6600,12.6600,12.1300,12.2300,362400
2015-07-14,12.6500,12.8500,12.5700,12.6200,204200
2015-07-13,12.9000,12.9000,12.5000,12.6800,295900
2015-07-10,12.3000,12.7100,12.2800,12.6900,186200
2015-07-09,12.2900,12.4900,12.1900,12.2000,374600
2015-07-08,12.4800,12.4800,11.9800,12.0500,266800
2015-07-07,12.6800,12.6800,12.1200,12.5900,393200
2015-07-06,12.5800,12.8900,12.5100,12.6900,251300
2015-07-02,12.8600,13.0024,12.5600,12.6700,227000
2015-07-01,13.0400,13.1900,12.6300,12.8500,278800
2015-06-30,12.8300,12.9500,12.6500,12.8400,1024000
2015-06-29,13.2900,13.3250,12.7100,12.7800,491100
2015-06-26,13.6300,13.7400,13.3700,13.3900,699200
2015-06-25,13.6000,13.8300,13.4500,13.6200,319700
2015-06-24,13.8600,14.2400,13.4500,13.6000,641500
2015-06-23,13.6200,13.8800,13.5000,13.8500,471800
2015-06-22,13.8300,13.8400,13.4700,13.5800,441400
2015-06-19,13.3600,13.7700,13.2800,13.6900,3276500
2015-06-18,13.3400,13.5202,13.2700,13.3100,577300
2015-06-17,13.3100,13.6400,13.0400,13.2500,433200
2015-06-16,13.0500,13.2900,12.9300,13.2800,531700
2015-06-15,12.5900,13.2400,12.4008,13.0800,1093400
2015-06-12,12.5000,12.5700,12.2500,12.3500,320200
2015-06-11,12.5200,12.6100,12.2100,12.5400,624300
2015-06-10,12.2600,12.5600,12.2600,12.5500,274500
2015-06-09,12.3400,12.4700,12.1100,12.1800,270800
2015-06-08,12.3500,12.5900,12.3000,12.4000,244800
2015-06-05,12.2300,12.5500,12.0500,12.3500,353400
2015-06-04,12.5800,12.7220,12.2000,12.2300,151900
2015-06-03,12.5000,12.8000,12.4400,12.6700,313300
2015-06-02,12.1900,12.5000,12.0600,12.4000,255400
2015-06-01,12.3700,12.4960,11.9240,12.2500,315800
2015-05-29,12.3500,12.5480,12.1600,12.2800,234700
2015-05-28,12.4900,12.6800,12.1500,12.3900,355900
2015-05-27,12.4900,12.7400,12.2915,12.5900,367400
2015-05-26,12.5700,12.6700,12.3000,12.4400,318900
2015-05-22,12.9300,12.9700,12.5500,12.6000,303500
2015-05-21,12.9100,13.1600,12.8700,12.9300,168700
2015-05-20,13.2500,13.2900,12.8400,12.9500,237000
2015-05-19,12.9600,13.3500,12.8900,13.2700,1043100
2015-05-18,12.6900,12.8300,12.3800,12.7900,475200
2015-05-15,12.7400,12.8000,12.5200,12.7100,341300
2015-05-14,12.6100,12.9200,12.3500,12.7950,331000
2015-05-13,12.7100,12.8300,12.4100,12.5300,313500
2015-05-12,12.6500,12.7400,12.4450,12.6800,325600
2015-05-11,12.8900,12.9900,12.6600,12.7200,378700
2015-05-08,12.8400,12.9500,12.8000,12.8600,348500
2015-05-07,12.6000,12.8500,12.4700,12.7800,346200
2015-05-06,12.5400,12.8060,12.3800,12.6300,597700
2015-05-05,12.7500,12.8900,12.3700,12.5200,705900
2015-05-04,12.7400,13.0000,12.6300,12.8600,767300
2015-05-01,12.7400,13.1000,12.7000,12.9100,672900
2015-04-30,12.8200,12.8900,12.5600,12.7600,667800
2015-04-29,12.9500,13.0200,12.7400,12.8750,432600
2015-04-28,13.0800,13.1400,12.7000,13.0600,635600
2015-04-27,12.7900,13.8000,12.7000,13.1250,1365400
2015-04-24,12.9200,13.1700,12.3000,12.7900,897400
2015-04-23,12.9200,13.0400,12.6700,12.8800,610800
2015-04-22,13.0000,13.1500,12.8400,13.0000,652800
2015-04-21,12.8400,13.2400,12.6400,13.0900,1039700
2015-04-20,13.0700,13.4900,12.8338,12.8500,1444200
2015-04-17,13.5900,13.8600,12.9800,12.9900,1995600
2015-04-16,13.3500,13.9200,13.2300,13.9100,2276600
2015-04-15,13.7000,13.7500,12.7900,13.6700,4320600
2015-04-14,12.6300,14.0500,12.5900,13.5900,12224500
2015-04-13,11.0000,11.7400,10.5000,11.5700,17377500
2015-04-10,6.9100,6.9300,6.8200,6.9000,141200
2015-04-09,7.0200,7.0500,6.8100,6.8400,244500
2015-04-08,6.9000,7.0000,6.8600,7.0000,126800
2015-04-07,6.9900,7.0000,6.8700,6.8900,255000
2015-04-06,6.9800,7.0799,6.9000,6.9000,223100
2015-04-02,6.7000,6.9900,6.7000,6.9800,415300
2015-04-01,6.6300,6.7200,6.5400,6.7000,236900
2015-03-31,6.6200,6.8300,6.6000,6.6700,232100
2015-03-30,6.6000,6.7100,6.5500,6.6300,223400
2015-03-27,6.2500,6.5600,6.2500,6.5200,821100
2015-03-26,6.3000,6.3400,6.1700,6.1800,190300
2015-03-25,6.4000,6.4800,6.3000,6.3300,132300
2015-03-24,6.3400,6.4500,6.2900,6.4400,116600
2015-03-23,6.2600,6.4500,6.2600,6.3500,154300
2015-03-20,6.0600,6.3100,6.0600,6.2800,248400
2015-03-19,6.0500,6.1400,5.9800,6.0200,76400
2015-03-18,6.0000,6.1200,5.9000,6.1100,133100
2015-03-17,5.9100,6.0500,5.8316,6.0200,220000
2015-03-16,6.0100,6.0400,5.8901,5.9500,114000
2015-03-13,6.0400,6.0400,5.8300,6.0000,109100
2015-03-12,6.0000,6.0700,5.9600,6.0300,128500
2015-03-11,5.8700,5.9700,5.8100,5.9300,113400
2015-03-10,5.9400,5.9900,5.8700,5.8700,215200
2015-03-09,6.0800,6.1100,5.9600,6.0000,170900
2015-03-06,5.9000,6.1300,5.8500,6.0600,359600
2015-03-05,6.0200,6.0700,5.9100,5.9600,143400
2015-03-04,6.0200,6.0500,5.9100,6.0400,130200
2015-03-03,6.1500,6.1800,5.9600,6.0200,145600
2015-03-02,6.0100,6.1950,6.0100,6.1600,295700
2015-02-27,6.1600,6.1700,6.0100,6.0300,393500
2015-02-26,6.2300,6.2500,6.0600,6.1500,331300
2015-02-25,6.4300,6.4300,6.1700,6.2000,151700
2015-02-24,6.3600,6.4600,6.3000,6.4000,181200
2015-02-23,6.5600,6.5600,6.1750,6.3000,283700
2015-02-20,6.9700,6.9700,6.1500,6.5000,695100
2015-02-19,6.7800,7.0600,6.7600,7.0200,350600
2015-02-18,6.7400,6.8600,6.7001,6.7700,98100
2015-02-17,6.7000,6.8200,6.6300,6.7300,96500
2015-02-13,6.4600,6.6777,6.4400,6.6600,161800
2015-02-12,6.3900,6.5400,6.3500,6.4400,135700
2015-02-11,6.3000,6.4144,6.2600,6.3500,86900
2015-02-10,6.3100,6.4500,6.2100,6.3400,129500
2015-02-09,6.2800,6.4000,6.2400,6.2700,77500
2015-02-06,6.2900,6.3800,6.2000,6.2900,80200
2015-02-05,6.1000,6.3300,6.0700,6.2900,121800
2015-02-04,6.1400,6.2200,6.0500,6.0700,107200
2015-02-03,6.0600,6.2600,6.0600,6.2000,142300
2015-02-02,5.9700,6.0600,5.8800,6.0000,114800
2015-01-30,6.1900,6.2900,5.9000,5.9200,170500
2015-01-29,6.0400,6.3100,5.9600,6.2500,184700
2015-01-28,6.1800,6.2200,5.9600,5.9900,127100
2015-01-27,6.0400,6.1800,5.9900,6.1100,159100
2015-01-26,5.9600,6.1300,5.8500,6.1300,195900
2015-01-23,5.8800,5.9800,5.8800,5.9200,166800
2015-01-22,5.8300,5.9300,5.7650,5.8800,236300
2015-01-21,5.8900,5.9952,5.7100,5.7500,168000
2015-01-20,6.1000,6.1000,5.8800,5.9300,142200
2015-01-16,6.0100,6.2300,5.9600,6.1100,276800
2015-01-15,6.3200,6.3400,6.0160,6.0400,167800
2015-01-14,6.2200,6.3600,6.2100,6.3300,119500
2015-01-13,6.5000,6.5700,6.2400,6.3000,283000
2015-01-12,6.5800,6.5800,6.3300,6.4000,274700
2015-01-09,6.5400,6.7300,6.4900,6.6000,128700
2015-01-08,6.5200,6.6400,6.4000,6.5600,291600
2015-01-07,6.4900,6.5900,6.4000,6.4200,223600
2015-01-06,6.6400,6.6800,6.3300,6.4000,151800
2015-01-05,6.6600,6.7700,6.5800,6.6300,113000
2015-01-02,6.9400,7.0100,6.6000,6.7500,220200
2014-12-31,6.8600,6.9800,6.7500,6.8700,162000
2014-12-30,6.8500,6.9200,6.6900,6.8500,113100
2014-12-29,6.8200,6.9500,6.8100,6.8500,105000
2014-12-26,6.6500,6.8400,6.6335,6.8200,107400
2014-12-24,6.6900,6.7300,6.6000,6.6400,65000
2014-12-23,6.7600,6.7800,6.5900,6.6900,156500
2014-12-22,6.6500,6.7900,6.5900,6.7300,103600
2014-12-19,6.5700,6.7200,6.4501,6.6600,318500
2014-12-18,6.6200,6.6200,6.4400,6.5900,171800
2014-12-17,6.1500,6.5100,6.1018,6.5100,178800
2014-12-16,6.1000,6.2800,6.0400,6.1500,237000
2014-12-15,6.1500,6.2300,5.9666,6.1000,198700
2014-12-12,6.1500,6.1900,6.0200,6.1100,211200
2014-12-11,6.4300,6.5000,6.2200,6.2600,275400
2014-12-10,6.6900,6.7200,6.3300,6.3800,229200
2014-12-09,6.4500,6.7600,6.3300,6.7400,166800
2014-12-08,6.6500,6.7200,6.4900,6.5500,161100
2014-12-05,6.3900,6.7001,6.3300,6.6500,273700
2014-12-04,6.5600,6.6100,6.4100,6.5200,223700
2014-12-03,6.5300,6.7600,6.5100,6.6700,291700
2014-12-02,6.1600,6.5200,6.1600,6.5100,304100
2014-12-01,6.1600,6.2000,6.0600,6.1200,221800
2014-11-28,6.2800,6.3000,6.1400,6.1600,127200
2014-11-26,6.3900,6.5325,6.2000,6.2700,161500
2014-11-25,6.4400,6.5700,6.3600,6.4100,239000
2014-11-24,6.1500,6.4210,6.1500,6.4000,265900
2014-11-21,6.2700,6.3100,6.0800,6.1600,164400
2014-11-20,5.7300,6.1600,5.7300,6.1500,196800
2014-11-19,5.9200,5.9200,5.7400,5.7800,148600
2014-11-18,5.7800,5.9500,5.7800,5.9200,126800
2014-11-17,5.9700,6.0000,5.7600,5.7700,207000
2014-11-14,5.8600,5.9800,5.8000,5.9500,186900
2014-11-13,5.9900,6.0400,5.8300,5.8400,155100
2014-11-12,5.8700,6.0400,5.8700,6.0000,249900
2014-11-11,5.9000,5.9600,5.8400,5.9200,192900
2014-11-10,5.9000,6.0298,5.8300,5.9000,180500
2014-11-07,5.8300,5.8800,5.7600,5.8700,190400
2014-11-06,5.9200,5.9800,5.8350,5.8800,209200
2014-11-05,5.8300,5.9900,5.7300,5.9250,284200
2014-11-04,5.8700,5.9000,5.7300,5.7600,161600
2014-11-03,5.9200,5.9600,5.8200,5.8800,309300
2014-10-31,6.0100,6.0400,5.8200,5.9300,391600
2014-10-30,5.7000,5.8850,5.6000,5.8700,264800
2014-10-29,5.6800,5.7500,5.5500,5.7300,355700
2014-10-28,5.5000,5.7000,5.3900,5.6900,944700
2014-10-27,5.8000,5.8000,5.4400,5.4500,365800
2014-10-24,5.3600,5.9500,5.1810,5.7400,568200
2014-10-23,5.5500,5.7500,5.4600,5.6300,223400
2014-10-22,5.5900,5.6900,5.4600,5.4900,212400
2014-10-21,5.5900,5.6300,5.5200,5.5650,221400
2014-10-20,5.3300,5.5900,5.3300,5.5300,380700
2014-10-17,5.2900,5.3900,5.1500,5.3700,488400
2014-10-16,5.0000,5.2700,5.0000,5.2000,307500
2014-10-15,4.8800,5.1800,4.8500,5.1250,487500
2014-10-14,5.0700,5.1100,4.9200,5.0000,332900
2014-10-13,4.9500,5.0600,4.9400,4.9700,406600
2014-10-10,5.0300,5.1300,4.8500,4.9200,367800
2014-10-09,5.2900,5.3450,5.0200,5.0700,632300
2014-10-08,5.2000,5.3700,5.0900,5.3500,328100
2014-10-07,5.3400,5.4000,5.2016,5.2100,181100
2014-10-06,5.5000,5.6060,5.3500,5.3700,202200
2014-10-03,5.6100,5.7000,5.4300,5.4600,206500
2014-10-02,5.3800,5.5500,5.3000,5.5100,477700
2014-10-01,5.4600,5.5380,5.3100,5.3550,423300
2014-09-30,5.6600,5.7000,5.4400,5.4500,383400
2014-09-29,5.6300,5.6800,5.1000,5.6700,534500
2014-09-26,5.7300,5.7500,5.5950,5.7300,374200
2014-09-25,5.8000,5.8400,5.7118,5.7300,358200
2014-09-24,5.8900,5.8900,5.6900,5.8000,857000
2014-09-23,5.8500,5.9500,5.8400,5.8800,253700
2014-09-22,6.1200,6.1500,5.8450,5.8800,273900
2014-09-19,6.4600,6.4600,6.0700,6.1500,354600
2014-09-18,6.4100,6.4400,6.3500,6.4100,285300
2014-09-17,6.2900,6.4600,6.2100,6.4000,442300
2014-09-16,6.2300,6.3300,6.2100,6.2500,225500
2014-09-15,6.4400,6.4700,6.2620,6.2700,259100
2014-09-12,6.6100,6.6100,6.4600,6.4600,329000
2014-09-11,6.4700,6.7100,6.4700,6.6300,256100
2014-09-10,6.6800,6.7400,6.4500,6.5600,482900
2014-09-09,6.8700,6.8900,6.6600,6.6700,212800
2014-09-08,6.7800,6.9200,6.7500,6.8600,139100
2014-09-05,6.7200,6.8400,6.6700,6.8100,193300
2014-09-04,6.7300,6.9400,6.6700,6.7400,275300
2014-09-03,7.0800,7.0872,6.7200,6.7400,250600
2014-09-02,6.9100,7.1200,6.8700,7.0100,232700
2014-08-29,6.8900,6.9600,6.8200,6.9000,171200
2014-08-28,6.8100,6.9300,6.7802,6.8500,152900
2014-08-27,6.9000,6.9400,6.8199,6.8800,108400
2014-08-26,6.9600,6.9700,6.8000,6.8700,184700
2014-08-25,6.8000,6.9500,6.7500,6.9400,279700
2014-08-22,6.8100,6.8300,6.7300,6.7600,143900
2014-08-21,6.7700,6.8300,6.6845,6.8200,232100
2014-08-20,6.8300,6.8500,6.6230,6.8100,323800
2014-08-19,6.5200,6.8500,6.5200,6.8300,523600
2014-08-18,6.3700,6.4800,6.3100,6.4800,258900
2014-08-15,6.3400,6.3800,6.1450,6.3100,275000
2014-08-14,6.1500,6.2600,6.1041,6.2500,114100
2014-08-13,6.1300,6.2100,6.0800,6.1400,115700
2014-08-12,6.2600,6.2600,6.0800,6.1200,180800
2014-08-11,6.3100,6.4400,6.2000,6.3000,192600
2014-08-08,6.1000,6.3100,6.0800,6.3000,212700
2014-08-07,6.1400,6.2100,6.0200,6.0600,202700
2014-08-06,6.0700,6.1899,6.0500,6.1200,352200
2014-08-05,6.0300,6.1500,5.9600,6.1100,361000
2014-08-04,5.9500,6.1255,5.9300,6.0900,319300
2014-08-01,5.9100,6.0300,5.8500,5.9250,338900
2014-07-31,6.1300,6.1300,5.9100,5.9400,713000
2014-07-30,6.1200,6.2500,6.0800,6.2300,734900
2014-07-29,5.8800,6.1400,5.7700,6.0700,916000
2014-07-28,5.9600,6.0500,5.6400,5.8500,1662800
2014-07-25,6.3400,6.6000,5.9500,6.0000,1311100
2014-07-24,6.7800,6.8100,6.5800,6.5800,330400
2014-07-23,6.8200,6.9000,6.7100,6.7300,219500
2014-07-22,6.7800,6.8100,6.6600,6.8100,326200
2014-07-21,6.7200,6.7490,6.5600,6.5900,361000
2014-07-18,6.6000,6.8000,6.5700,6.7800,273300
2014-07-17,6.8100,6.9700,6.6100,6.6300,451200
2014-07-16,6.9200,6.9544,6.8050,6.9000,255300
2014-07-15,6.8500,7.0100,6.7900,6.8600,317900
2014-07-14,7.0600,7.0600,6.8300,6.8600,248000
2014-07-11,6.8700,7.0300,6.8600,6.9700,286200
2014-07-10,6.7800,6.9570,6.6700,6.8500,653800
2014-07-09,7.2000,7.2000,6.9300,6.9400,263100
2014-07-08,7.2300,7.2500,7.0400,7.1400,279700
2014-07-07,7.6300,7.6800,7.2400,7.2700,397200
2014-07-03,7.6000,7.7500,7.5900,7.6200,125400
2014-07-02,7.7600,7.9200,7.5800,7.5800,190100
2014-07-01,7.4400,7.8600,7.4400,7.7600,513400
2014-06-30,7.3400,7.5500,7.2700,7.4800,340700
2014-06-27,7.2300,7.4350,7.1800,7.3600,343900
2014-06-26,7.3100,7.3350,7.1400,7.3000,286700
2014-06-25,7.3700,7.5380,7.2900,7.3000,473600
2014-06-24,7.4100,7.6800,7.3400,7.4100,319600
2014-06-23,7.3600,7.5300,7.3500,7.4500,214000
2014-06-20,7.6000,7.6200,7.3300,7.3500,357600
2014-06-19,7.5000,7.6200,7.4900,7.5450,175700
2014-06-18,7.5000,7.5880,7.3850,7.5000,194800
2014-06-17,7.4800,7.5900,7.3700,7.5100,208000
2014-06-16,7.5100,7.5900,7.3600,7.5200,243900
2014-06-13,7.7000,7.7090,7.4500,7.5300,241700
2014-06-12,7.7000,7.8060,7.6250,7.6700,212400
2014-06-11,7.8900,7.9000,7.6300,7.7400,367200
2014-06-10,8.0300,8.0300,7.8150,7.9700,222800
2014-06-09,7.5700,8.0300,7.5700,8.0300,493100
2014-06-06,7.3300,7.5700,7.3100,7.5400,259100
2014-06-05,7.1500,7.3750,7.1400,7.2600,322800
2014-06-04,7.1200,7.1700,7.0301,7.1400,191400
2014-06-03,7.0400,7.2000,7.0000,7.1300,454300
2014-06-02,7.1900,7.1900,6.9800,7.1000,243000
2014-05-30,7.1900,7.2900,7.1000,7.1800,308300
2014-05-29,7.2500,7.4200,7.1500,7.1700,470800
2014-05-28,7.3400,7.4000,7.2600,7.3700,280400
2014-05-27,7.4100,7.5300,7.2800,7.3300,261600
2014-05-23,7.2000,7.4100,7.1600,7.3100,515300
2014-05-22,7.0700,7.2300,7.0300,7.2100,236800
2014-05-21,7.0800,7.2100,7.0250,7.0500,233200
2014-05-20,7.1600,7.2000,6.9800,7.0600,438300
2014-05-19,7.1300,7.2966,7.0500,7.1950,256600
2014-05-16,7.1100,7.1590,7.0200,7.1400,316900
2014-05-15,7.1200,7.1800,6.9200,7.1300,432000
2014-05-14,7.4500,7.4500,7.1200,7.1800,670200
2014-05-13,7.6500,7.6900,7.4250,7.4800,568000
2014-05-12,7.4700,7.7600,7.4100,7.6400,306800
2014-05-09,7.3100,7.5100,7.3100,7.4000,439500
2014-05-08,7.4200,7.6100,7.3400,7.3800,370700
2014-05-07,7.5500,7.5500,7.3100,7.4100,459600
2014-05-06,7.8200,7.8290,7.4900,7.5200,588800
2014-05-05,8.0700,8.1200,7.8200,7.8700,292100
2014-05-02,7.9400,8.2500,7.7900,8.1100,382500
2014-05-01,7.8000,7.9800,7.7200,7.9000,408900
2014-04-30,7.8500,7.9100,7.7000,7.8500,493900
2014-04-29,7.8500,8.0700,7.7700,7.8500,561600
2014-04-28,8.1200,8.3250,7.6900,7.8400,796600
2014-04-25,8.0000,8.5500,7.5500,8.0000,1244800
2014-04-24,8.4400,8.5400,8.1800,8.4700,619400
2014-04-23,8.5700,8.6700,8.3400,8.3700,415500
2014-04-22,8.6000,8.7600,8.5800,8.6000,347500
2014-04-21,8.6900,8.6900,8.4300,8.5700,423900
2014-04-17,8.5700,8.7500,8.5200,8.6900,194100
2014-04-16,8.4400,8.6500,8.3200,8.5800,347900
2014-04-15,8.5100,8.6200,8.1620,8.3900,470300
2014-04-14,8.4800,8.6600,8.4300,8.5000,573500
2014-04-11,8.3900,8.6000,8.2601,8.4200,392800
2014-04-10,8.7700,8.7700,8.3750,8.4600,549300
2014-04-09,8.5600,8.7700,8.5400,8.7600,444800
2014-04-08,8.7000,8.7300,8.5300,8.5600,269300
2014-04-07,8.9000,8.9200,8.4850,8.6900,439400
2014-04-04,9.1500,9.4000,8.8400,8.9100,686300
2014-04-03,9.0000,9.1100,8.8000,9.0700,465100
2014-04-02,9.1000,9.1100,8.9100,8.9900,510900
2014-04-01,9.1200,9.2500,9.0300,9.0700,622200
2014-03-31,8.6500,9.1600,8.3700,9.1000,2066400
2014-03-28,7.9400,8.2300,7.9300,8.0400,302800
2014-03-27,7.9700,8.1100,7.8800,7.9700,434800
2014-03-26,8.5900,8.6800,8.0000,8.0000,481400
2014-03-25,8.3700,8.5800,8.3700,8.4900,433100
2014-03-24,8.2400,8.4000,8.0900,8.3200,623700
2014-03-21,8.5500,8.5500,8.1900,8.1900,394300
2014-03-20,8.4700,8.5500,8.3000,8.4900,309000
2014-03-19,8.6400,8.7290,8.3400,8.4800,286100
2014-03-18,8.1800,8.5900,8.1800,8.5900,344400
2014-03-17,8.3000,8.4800,8.1350,8.1900,426300
2014-03-14,8.1200,8.2600,8.0800,8.2600,295300
2014-03-13,8.5000,8.5000,8.0400,8.1800,583500
2014-03-12,8.3700,8.5000,8.2855,8.4700,321500
2014-03-11,8.5600,8.7600,8.3700,8.4700,308700
2014-03-10,8.5600,8.6600,8.4200,8.5700,353500
2014-03-07,8.7300,8.8500,8.5300,8.6000,222900
2014-03-06,8.7100,8.8600,8.6201,8.7000,335200
2014-03-05,8.6500,8.7450,8.5000,8.6800,343200
2014-03-04,8.5800,8.9850,8.5800,8.6400,489700
2014-03-03,8.5100,8.5800,8.2800,8.4900,461700
2014-02-28,8.8700,8.9900,8.6100,8.6100,491600
2014-02-27,8.4500,9.0000,8.4500,8.8400,1151000
2014-02-26,8.6400,8.6800,8.4700,8.5100,483800
2014-02-25,8.3800,8.6400,8.3700,8.6000,690800
2014-02-24,8.1500,8.6600,8.1500,8.4100,960500
2014-02-21,8.2400,8.8400,7.7900,8.7400,1236800
2014-02-20,8.2000,8.2500,7.9200,8.2100,729000
2014-02-19,8.2000,8.2700,8.0408,8.1500,600000
2014-02-18,8.2100,8.3100,8.0000,8.2100,629000
2014-02-14,8.1200,8.2100,8.0100,8.1600,467200
2014-02-13,8.0100,8.2400,7.8300,8.1200,491300
2014-02-12,7.6900,8.1000,7.6900,8.0600,455800
2014-02-11,7.5600,7.7100,7.4850,7.6700,216100
2014-02-10,7.6300,7.6700,7.4600,7.5600,368200
2014-02-07,7.7400,7.9000,7.6400,7.6700,263500
2014-02-06,7.5400,7.8300,7.5400,7.7000,248500
2014-02-05,7.5600,7.6500,7.4500,7.5100,440700
2014-02-04,7.6600,7.7500,7.5400,7.5800,293400
2014-02-03,8.0100,8.2325,7.5000,7.5900,549600
2014-01-31,7.9500,8.2100,7.8900,8.0500,734100
2014-01-30,7.9900,8.1600,7.9400,8.1000,346200
2014-01-29,8.0100,8.0800,7.7000,7.9200,455700
2014-01-28,7.9300,8.1400,7.9000,8.1200,489100
2014-01-27,8.0000,8.1300,7.6100,7.9300,648800
2014-01-24,8.3800,8.3800,7.8100,8.0000,693100
2014-01-23,8.2100,8.4200,7.9900,8.4200,663800
2014-01-22,7.8200,8.2300,7.7745,8.2200,685400
2014-01-21,7.7700,7.8800,7.7500,7.8400,322000
2014-01-17,7.9600,7.9600,7.7400,7.7500,345100
2014-01-16,7.6700,8.0400,7.5666,7.9700,407600
2014-01-15,7.9100,7.9100,7.7001,7.7300,399900
2014-01-14,7.6000,7.9200,7.4700,7.8500,362100
2014-01-13,7.7100,7.7490,7.5300,7.6100,348900
2014-01-10,7.5500,7.8400,7.5500,7.7300,410800
2014-01-09,7.4300,7.5600,7.3100,7.5300,268000
2014-01-08,7.3900,7.5277,7.2500,7.4100,387800
2014-01-07,7.6600,7.7500,7.4000,7.4100,313700
2014-01-06,7.6500,7.8800,7.6100,7.6500,701400
2014-01-03,7.5000,7.8700,7.5000,7.6300,665900
2014-01-02,7.1800,7.6000,7.1400,7.5300,1022300
2013-12-31,7.1600,7.3000,7.0500,7.1300,502000
2013-12-30,7.2700,7.2700,7.1400,7.1700,469200
2013-12-27,7.3500,7.3600,7.1700,7.2500,271100
2013-12-26,7.4000,7.4800,7.2600,7.3100,202100
2013-12-24,7.2500,7.4700,7.2500,7.3900,331800
2013-12-23,7.0100,7.2000,6.9500,7.1700,775100
2013-12-20,7.0600,7.1700,6.9252,6.9300,742700
2013-12-19,7.2500,7.2500,6.9100,7.0500,319400
2013-12-18,6.9200,7.1500,6.8900,7.1300,423200
2013-12-17,6.9800,6.9800,6.7600,6.8800,293400
2013-12-16,6.8400,6.9500,6.8400,6.9000,330900
2013-12-13,6.8200,6.8900,6.7800,6.8100,279700
2013-12-12,6.6700,6.8394,6.6100,6.7700,381100
2013-12-11,6.4500,6.7200,6.3500,6.6800,803900
2013-12-10,6.6400,6.7400,6.4500,6.4500,246100
2013-12-09,6.6600,6.6900,6.5700,6.6400,241800
2013-12-06,6.6500,6.7600,6.5210,6.6300,319100
2013-12-05,6.6700,6.7400,6.5500,6.5700,250100
2013-12-04,6.7400,6.8760,6.5200,6.6500,265500
2013-12-03,6.7300,6.8800,6.6900,6.7700,353900
2013-12-02,7.0400,7.0525,6.6600,6.7600,661500
2013-11-29,7.3500,7.3900,7.0400,7.0500,204000
2013-11-27,7.4000,7.4800,7.2900,7.4200,293000
2013-11-26,6.9800,7.3800,6.9600,7.3500,468500
2013-11-25,6.9300,7.0000,6.8900,6.9600,222700
2013-11-22,7.0300,7.1200,6.9000,6.9300,376900
2013-11-21,6.9800,7.0000,6.8600,6.9900,397700
2013-11-20,7.0300,7.1900,6.8600,6.9200,365000
2013-11-19,7.1000,7.2600,6.9000,7.0000,267800
2013-11-18,7.2200,7.3900,7.1000,7.1400,228300
2013-11-15,7.3100,7.3899,7.1500,7.2100,244300
2013-11-14,7.1000,7.3100,7.0200,7.3100,303100
2013-11-13,6.9100,7.1400,6.9100,7.0800,217500
2013-11-12,6.9400,7.0500,6.9000,6.9900,356500
2013-11-11,6.9500,6.9900,6.8200,6.9700,302700
2013-11-08,6.8800,7.0700,6.8600,6.9500,411800
2013-11-07,7.2400,7.2900,6.9400,6.9500,329000
2013-11-06,7.4000,7.4000,7.0900,7.1700,354300
2013-11-05,7.2700,7.3500,7.2000,7.3100,481800
2013-11-04,7.4200,7.6000,7.2800,7.2900,413500
2013-11-01,7.4000,7.5400,7.2100,7.3400,507400
2013-10-31,7.6200,7.7200,7.4100,7.4100,691400
2013-10-30,7.6900,7.7500,7.5700,7.6000,753600
2013-10-29,7.5600,7.7500,7.5000,7.6300,831800
2013-10-28,7.4500,7.9400,7.4300,7.6600,1230100
2013-10-25,7.2700,7.4500,6.9000,7.2300,3658400
2013-10-24,6.4000,6.5900,6.3200,6.5300,346900
2013-10-23,6.3100,6.4200,6.2700,6.3600,176500
2013-10-22,6.2800,6.4500,6.2700,6.3600,218800
2013-10-21,6.3800,6.3900,6.2200,6.2600,245500
2013-10-18,6.3000,6.3900,6.2400,6.3400,239300
2013-10-17,6.1200,6.3700,6.1200,6.2500,332900
2013-10-16,6.2100,6.2800,6.0800,6.1800,187700
2013-10-15,6.2900,6.2900,6.1100,6.1400,295100
2013-10-14,6.4400,6.4500,6.2500,6.3400,276400
2013-10-11,6.1200,6.6150,5.9600,6.4900,836700
2013-10-10,5.6800,5.9200,5.6300,5.9200,250600
2013-10-09,5.6100,5.7100,5.5500,5.6200,289000
2013-10-08,5.7800,5.8100,5.5700,5.5900,232900
2013-10-07,5.6000,5.8300,5.5900,5.7500,221600
2013-10-04,5.7700,5.7900,5.6400,5.7000,235500
2013-10-03,5.8100,5.8800,5.6900,5.7800,208900
2013-10-02,5.8800,6.0400,5.7700,5.8500,155500
2013-10-01,5.9000,6.0550,5.8800,5.9600,172300
2013-09-30,5.7900,5.9700,5.6800,5.8800,823200
2013-09-27,5.9300,5.9900,5.8800,5.8900,193800
2013-09-26,5.9500,6.0100,5.8800,5.9800,118200
2013-09-25,6.0800,6.1000,5.9000,5.9100,254800
2013-09-24,5.9800,6.1600,5.9000,6.0800,345800
2013-09-23,6.0000,6.0100,5.8600,5.9500,324800
2013-09-20,6.1600,6.1600,5.9800,6.0200,506000
2013-09-19,6.1700,6.2000,5.8900,6.1400,596800
2013-09-18,5.8000,6.1800,5.6600,6.1600,460200
2013-09-17,5.6300,5.8000,5.6100,5.7900,244100
2013-09-16,5.7800,5.8800,5.6200,5.6300,127300
2013-09-13,5.7800,5.8000,5.7000,5.7000,169700
2013-09-12,5.6600,5.7600,5.5700,5.7400,323000
2013-09-11,5.7700,5.8050,5.6300,5.6600,376500
2013-09-10,5.8600,5.9300,5.7800,5.7900,264100
2013-09-09,5.5600,5.8300,5.5600,5.8300,358900
2013-09-06,5.6500,5.6600,5.4500,5.5600,127100
2013-09-05,5.6100,5.6600,5.3700,5.5800,423000
2013-09-04,5.7100,5.8100,5.5900,5.6100,201500
2013-09-03,5.7800,5.8300,5.5800,5.6900,313500
2013-08-30,5.8300,5.8300,5.6200,5.6800,245800
2013-08-29,5.7800,5.9500,5.7800,5.8400,120100
2013-08-28,5.7500,5.8900,5.6600,5.8000,307700
2013-08-27,5.8800,5.9300,5.7500,5.7500,344200
2013-08-26,5.9200,6.1000,5.9100,5.9800,403500
2013-08-23,5.9600,5.9800,5.8200,5.9100,268200
2013-08-22,5.8200,5.9800,5.7800,5.9600,388300
2013-08-21,5.6300,5.8774,5.6300,5.7700,723800
2013-08-20,5.4400,5.7200,5.4400,5.6500,365900
2013-08-19,5.5400,5.6600,5.3800,5.4000,371500
2013-08-16,5.4200,5.7370,5.4100,5.5650,470300
2013-08-15,5.2700,5.4900,5.1500,5.4500,772200
2013-08-14,5.6000,5.6500,5.3700,5.3900,446000
2013-08-13,5.8000,5.8000,5.5700,5.5800,292800
2013-08-12,5.7300,5.8100,5.6700,5.8000,229200
2013-08-09,5.8900,5.9000,5.7400,5.8100,293600
2013-08-08,5.8900,5.9700,5.8200,5.9200,318300
2013-08-07,5.9000,5.9700,5.7500,5.8300,266400
2013-08-06,5.9900,6.0100,5.9300,5.9700,337900
2013-08-05,5.9900,6.0700,5.9100,6.0200,848800
2013-08-02,6.0000,6.0200,5.9085,5.9900,626600
2013-08-01,6.0000,6.0400,5.9100,6.0000,523100
2013-07-31,5.9600,6.0500,5.7950,5.9000,552600
2013-07-30,6.1200,6.1200,5.9050,5.9400,407100
2013-07-29,6.1600,6.2340,5.9300,6.0500,579300
2013-07-26,6.4000,6.9400,6.1100,6.1400,796500
2013-07-25,6.2400,6.3000,6.1001,6.3000,628100
2013-07-24,6.5500,6.6500,6.2400,6.2800,216300
2013-07-23,6.5800,6.5800,6.4600,6.5100,105400
2013-07-22,6.5900,6.6500,6.4200,6.5500,156500
2013-07-19,6.7100,6.7900,6.5200,6.6100,213000
2013-07-18,6.6300,6.8699,6.4885,6.7200,376900
2013-07-17,6.4700,6.6700,6.2800,6.6100,323300
2013-07-16,6.5800,6.6100,6.3800,6.4200,169500
2013-07-15,6.6300,6.7300,6.5200,6.5900,155000
2013-07-12,6.7200,6.8100,6.5100,6.6200,191000
2013-07-11,6.2500,6.7298,6.1500,6.7200,489400
2013-07-10,6.1300,6.2200,6.0800,6.1400,242700
2013-07-09,5.9600,6.1300,5.8800,6.1300,501500
2013-07-08,6.0100,6.0900,5.8200,5.8900,444200
2013-07-05,6.2500,6.2500,5.9400,6.0000,389000
2013-07-03,6.0400,6.2200,5.9600,6.1700,208900
2013-07-02,6.0900,6.2000,6.0700,6.1100,494400
2013-07-01,6.0300,6.1700,5.9500,6.1100,128300
2013-06-28,6.0100,6.0500,5.9500,5.9800,418100
2013-06-27,6.0000,6.0600,5.9100,6.0500,177300
2013-06-26,6.0500,6.1299,5.9200,5.9200,118500
2013-06-25,6.0000,6.1699,5.9000,5.9800,315900
2013-06-24,6.1300,6.2300,5.8400,5.9200,438200
2013-06-21,6.3000,6.3900,6.0500,6.2800,502200
2013-06-20,6.6000,6.7740,6.1700,6.2600,454400
2013-06-19,6.9800,7.0000,6.7300,6.7400,193700
2013-06-18,6.8800,7.0100,6.7300,7.0000,321700
2013-06-17,6.5900,6.8400,6.5100,6.8400,222800
2013-06-14,6.6200,6.6500,6.4300,6.5000,193500
2013-06-13,6.4000,6.6700,6.3400,6.6500,191900
2013-06-12,6.5700,6.6000,6.3550,6.4000,286300
2013-06-11,6.6100,6.7400,6.4450,6.4900,303000
2013-06-10,6.7200,6.7900,6.5200,6.7200,382800
2013-06-07,6.6500,6.8400,6.5500,6.7000,222300
2013-06-06,6.4100,6.6100,6.2850,6.6000,362500
2013-06-05,6.6800,6.7100,6.3500,6.4200,481100
2013-06-04,6.8100,6.8750,6.5500,6.7100,471900
2013-06-03,6.7900,6.8900,6.5400,6.8100,374200
2013-05-31,6.7600,6.8300,6.5000,6.7400,401000
2013-05-30,6.9400,6.9800,6.7700,6.8400,149500
2013-05-29,6.9500,7.0000,6.7800,6.8900,194900
2013-05-28,6.9700,7.0300,6.9000,7.0000,327200
2013-05-24,6.8700,6.8800,6.6800,6.8200,179800
2013-05-23,6.7000,6.9500,6.6500,6.9200,337200
2013-05-22,6.9600,7.0600,6.7000,6.7800,425000
2013-05-21,6.8600,7.0050,6.8600,6.9200,300100
2013-05-20,6.9000,7.0000,6.8000,6.8300,291800
2013-05-17,7.0000,7.0100,6.8900,6.9500,355500
2013-05-16,6.9300,7.0150,6.8800,6.9600,408800
2013-05-15,7.0000,7.0600,6.9000,7.0000,454600
2013-05-14,7.0000,7.3300,6.9700,7.0800,841000
2013-05-13,6.6600,7.1400,6.6600,6.9500,978700
2013-05-10,6.5500,6.7400,6.4600,6.7000,333800
2013-05-09,6.4800,6.5700,6.4300,6.5100,653400
2013-05-08,6.5200,6.6200,6.3900,6.5100,276300
2013-05-07,6.5700,6.6800,6.4600,6.5900,364700
2013-05-06,6.5700,6.6300,6.4700,6.5700,331400
2013-05-03,6.3100,6.7000,6.2400,6.5800,750700
2013-05-02,6.1000,6.3000,6.0800,6.2700,458900
2013-05-01,6.1600,6.2260,6.0100,6.0800,670300
2013-04-30,6.1100,6.2500,6.0810,6.1900,564000
2013-04-29,6.1000,6.2490,6.0500,6.1500,658200
2013-04-26,5.7100,6.1700,5.5610,6.0600,1110800
2013-04-25,5.8700,5.9300,5.5700,5.7200,475700
2013-04-24,5.4200,5.8650,5.3900,5.8300,325500
2013-04-23,5.3500,5.4500,5.2700,5.4000,160000
2013-04-22,5.2800,5.3800,5.0000,5.2700,268000
2013-04-19,5.0900,5.2800,5.0400,5.2600,152500
2013-04-18,5.2700,5.3500,5.0500,5.0800,226600
2013-04-17,5.2200,5.3300,5.0100,5.2700,453700
2013-04-16,5.4400,5.5086,5.2100,5.3200,667500
2013-04-15,5.6400,5.6400,5.0300,5.3500,484700
2013-04-12,5.7200,5.7300,5.6100,5.7100,115300
2013-04-11,5.7300,5.7900,5.6600,5.7500,183000
2013-04-10,5.6900,5.7399,5.5900,5.7300,188800
2013-04-09,5.6200,5.7100,5.6100,5.6400,236700
2013-04-08,5.5300,5.6380,5.5100,5.6200,202300
2013-04-05,5.1800,5.4800,5.1300,5.4700,327100
2013-04-04,5.4300,5.4600,5.1900,5.3100,382000
2013-04-03,5.6900,5.7000,5.3600,5.4000,330200
2013-04-02,5.7600,5.7900,5.6200,5.6900,474400
2013-04-01,5.8200,5.9700,5.6500,5.6900,530800
2013-03-28,5.9200,5.9200,5.7800,5.8600,315600
2013-03-27,5.9300,6.0400,5.8300,5.8900,242800
2013-03-26,5.9500,6.0200,5.8600,6.0200,237200
2013-03-25,6.0500,6.0900,5.8050,5.9200,313500
2013-03-22,6.0200,6.0399,5.9460,6.0100,177800
2013-03-21,6.0000,6.0800,5.9500,5.9900,405300
2013-03-20,5.9500,6.1400,5.9100,6.0800,246600
2013-03-19,5.9700,6.0300,5.8300,5.8800,313200
2013-03-18,5.8700,6.0400,5.8600,5.9200,212800
2013-03-15,6.1000,6.2300,5.9800,6.0000,453500
2013-03-14,6.0500,6.1300,6.0000,6.0900,192600
2013-03-13,5.8200,6.0400,5.7500,6.0100,242600
2013-03-12,6.0500,6.0500,5.7800,5.8300,340900
2013-03-11,6.0900,6.1600,6.0000,6.0600,193500
2013-03-08,6.2200,6.2200,5.9700,6.0900,404500
2013-03-07,6.1900,6.1900,6.0500,6.1600,383600
2013-03-06,6.2800,6.2800,6.0100,6.1700,377500
2013-03-05,6.1700,6.2900,6.0700,6.2700,433500
2013-03-04,6.0000,6.2300,5.9200,6.1400,499600
2013-03-01,5.9600,6.1000,5.8210,6.0400,362300
2013-02-28,5.9800,6.1200,5.7800,6.0500,457400
2013-02-27,5.8700,6.1000,5.8200,6.0100,683100
2013-02-26,5.7000,5.8900,5.4370,5.8700,724900
2013-02-25,6.0000,6.0100,5.5800,5.6100,654000
2013-02-22,5.6900,6.0300,5.1300,5.9300,1207900
2013-02-21,6.0000,6.0000,5.4200,5.5800,663400
2013-02-20,6.0400,6.1150,5.9800,6.0000,443300
2013-02-19,6.0600,6.1150,6.0000,6.0500,195200
2013-02-15,6.0500,6.1200,5.9001,6.0600,296500
2013-02-14,5.9800,6.0700,5.9500,6.0100,198300
2013-02-13,6.0300,6.0900,5.9300,6.0000,279500
2013-02-12,5.8200,6.0500,5.8200,5.9900,308800
2013-02-11,5.7900,5.8500,5.7600,5.8200,166500
2013-02-08,5.8000,5.9000,5.7700,5.8400,216100
2013-02-07,5.9400,5.9500,5.6720,5.8000,371500
2013-02-06,6.0200,6.1100,5.9000,5.9600,387100
2013-02-05,6.0600,6.1800,6.0100,6.0800,316100
2013-02-04,6.2100,6.2488,5.9855,6.0300,246800
2013-02-01,6.3000,6.3100,6.1900,6.2850,335300
2013-01-31,6.2900,6.3000,6.1233,6.2600,305600
2013-01-30,6.4000,6.4500,6.1800,6.2600,388600
2013-01-29,6.3900,6.4999,6.2800,6.4000,459400
2013-01-28,6.3500,6.4960,6.2984,6.3700,611100
2013-01-25,6.3000,6.3200,6.1600,6.3000,411800
2013-01-24,6.1700,6.5500,6.1100,6.2400,650700
2013-01-23,6.0000,6.1200,5.9302,6.1000,318800
2013-01-22,5.9300,6.0900,5.9100,5.9900,164900
2013-01-18,5.8100,6.0000,5.7100,5.9100,270200
2013-01-17,5.7700,5.8500,5.7300,5.8000,153300
2013-01-16,5.7700,5.7900,5.6500,5.7400,119600
2013-01-15,5.6500,5.8700,5.6500,5.7900,188100
2013-01-14,5.8400,5.8800,5.6500,5.6800,133900
2013-01-11,5.8600,5.9500,5.7400,5.8800,117800
2013-01-10,5.9300,6.0500,5.7700,5.8500,288200
2013-01-09,6.0100,6.0300,5.8325,5.9000,194700
2013-01-08,5.7000,5.9200,5.6800,5.9200,230700
2013-01-07,5.9500,5.9500,5.6000,5.7300,410000
2013-01-04,6.0000,6.1300,5.8600,5.9700,235000
2013-01-03,5.7500,6.2200,5.6800,5.9300,544600
2013-01-02,5.8300,5.9900,5.7200,5.7900,610700
2012-12-31,5.4100,5.6600,5.3600,5.5800,261000
2012-12-28,5.2800,5.5384,5.2100,5.4100,165200
2012-12-27,5.4000,5.4180,5.1210,5.3000,278800
2012-12-26,5.5500,5.6000,5.4200,5.4300,184800
2012-12-24,5.6000,5.6300,5.4600,5.5400,74800
2012-12-21,5.2900,5.6200,5.2700,5.6100,581100
2012-12-20,5.4300,5.5000,5.3600,5.4300,291100
2012-12-19,5.3800,5.5500,5.3500,5.4177,392900
2012-12-18,5.1200,5.4600,5.1200,5.3500,706500
2012-12-17,5.1600,5.2300,5.0900,5.1000,349500
2012-12-14,5.1200,5.1900,5.0600,5.1000,126900
2012-12-13,5.1600,5.3100,5.1200,5.1600,249500
2012-12-12,5.2500,5.2900,5.1400,5.1700,255000
2012-12-11,5.3100,5.3600,5.1500,5.2400,130200
2012-12-10,5.2000,5.3400,5.1850,5.2500,204400
2012-12-07,5.3500,5.3500,5.1500,5.1800,141300
2012-12-06,5.0600,5.4100,5.0600,5.2800,489600
2012-12-05,5.2600,5.2690,5.0600,5.0800,154900
2012-12-04,5.3200,5.3500,5.1100,5.2400,240300
2012-12-03,5.2800,5.3000,5.1700,5.3000,231400
2012-11-30,5.3900,5.3900,5.0500,5.2000,321100
2012-11-29,5.2000,5.4200,5.2000,5.4200,243600
2012-11-28,5.0500,5.1500,4.8900,5.1400,246600
2012-11-27,5.2100,5.2300,5.0200,5.1000,231100
2012-11-26,5.2400,5.3600,5.0650,5.2000,255100
2012-11-23,5.1200,5.2500,5.0900,5.2500,119500
2012-11-21,4.9400,5.0800,4.8900,5.0700,210300
2012-11-20,4.9000,5.0000,4.7900,4.8900,368700
2012-11-19,4.6600,4.9600,4.6300,4.8600,431900
2012-11-16,4.4700,4.6000,4.3500,4.5800,458700
2012-11-15,4.6500,4.7100,4.3000,4.4700,765700
2012-11-14,5.0700,5.0700,4.6250,4.6600,329500
2012-11-13,5.1000,5.1900,4.9000,5.0300,221300
2012-11-12,5.3100,5.4300,5.1100,5.1700,231900
2012-11-09,5.2400,5.3900,5.1200,5.3100,355800
2012-11-08,5.4800,5.5700,5.2000,5.2900,312100
2012-11-07,5.4500,5.7400,5.3000,5.5000,408600
2012-11-06,5.7800,5.9500,5.5100,5.5400,249500
2012-11-05,5.5700,5.8000,5.5100,5.7400,396400
2012-11-02,5.8500,5.8700,5.5300,5.5500,508500
2012-11-01,5.5400,6.0500,5.5400,5.8500,2018500
2012-10-31,5.2000,5.6900,5.1300,5.5100,493600
2012-10-26,5.1300,5.1600,5.0000,5.1600,236900
2012-10-25,5.1300,5.2300,5.0000,5.1100,311000
2012-10-24,5.1800,5.1800,4.9800,5.0700,360800
2012-10-23,5.0950,5.1300,4.9900,5.0600,458200
2012-10-22,4.7900,5.2500,4.7900,5.1800,549300
2012-10-19,4.7700,4.9800,4.2700,4.8700,1452200
2012-10-18,4.9700,5.0610,4.8800,4.9100,416100
2012-10-17,4.7500,5.0000,4.7200,4.9600,358800
2012-10-16,4.6600,4.7600,4.6400,4.7200,286600
2012-10-15,4.5500,4.6900,4.3700,4.6300,340400
2012-10-12,4.5700,4.6100,4.5100,4.5300,124500
2012-10-11,4.6500,4.7100,4.5200,4.5500,301200
2012-10-10,4.6600,4.8550,4.5700,4.5700,331700
2012-10-09,4.9000,4.9100,4.5700,4.6600,440500
2012-10-08,5.0400,5.0500,4.9000,4.9200,339300
2012-10-05,5.2400,5.5700,5.0800,5.0900,721800
2012-10-04,5.2800,5.2800,5.1000,5.1800,429500
2012-10-03,5.1200,5.3100,5.0500,5.2400,511800
2012-10-02,5.2300,5.2300,4.9800,5.1200,289000
2012-10-01,5.2500,5.3000,5.0600,5.1800,164700
2012-09-28,5.2000,5.3000,5.1000,5.1900,352700
2012-09-27,4.7800,5.2600,4.7600,5.2450,737400
2012-09-26,5.1200,5.1200,4.7700,4.8100,322500
2012-09-25,5.2700,5.2800,5.0100,5.1200,545300
2012-09-24,5.2200,5.3450,5.1300,5.2200,397000
2012-09-21,5.2800,5.2800,5.1700,5.2400,730900
2012-09-20,5.1300,5.3400,5.0700,5.1700,196700
2012-09-19,5.3000,5.3000,5.0717,5.2000,320600
2012-09-18,5.2500,5.3300,5.1100,5.2700,363400
2012-09-17,4.9900,5.3000,4.7700,5.2700,607600
2012-09-14,5.0100,5.1900,4.9800,5.0600,650500
2012-09-13,4.8800,5.0200,4.7400,5.0100,505100
2012-09-12,4.7300,4.8900,4.6500,4.8900,327100
2012-09-11,4.7400,4.7650,4.6800,4.7200,424400
2012-09-10,4.7200,4.7600,4.6000,4.7600,309200
2012-09-07,4.7900,4.7900,4.6500,4.7600,239000
2012-09-06,4.5300,4.7700,4.5300,4.7500,557600
2012-09-05,4.4700,4.5400,4.4300,4.5000,171800
2012-09-04,4.4500,4.5700,4.2700,4.4800,155100
2012-08-31,4.5000,4.5900,4.4100,4.4500,123300
2012-08-30,4.5200,4.5200,4.3600,4.4600,155300
2012-08-29,4.3400,4.6100,4.3100,4.5600,427400
2012-08-28,4.2400,4.3500,4.2200,4.3400,117100
2012-08-27,4.2100,4.2500,4.1300,4.2400,336300
2012-08-24,4.1700,4.2300,4.0900,4.2000,199400
2012-08-23,4.2400,4.2400,4.1100,4.2000,165200
2012-08-22,4.0100,4.2900,3.9800,4.2500,291400
2012-08-21,4.1500,4.2000,3.9700,3.9900,183600
2012-08-20,4.0800,4.1500,3.9700,4.1300,221300
2012-08-17,3.9800,4.0900,3.9100,4.0900,165000
2012-08-16,3.6700,4.0300,3.6000,3.9900,346800
2012-08-15,3.6000,3.6700,3.5800,3.6700,122800
2012-08-14,3.6600,3.7000,3.5800,3.6100,108000
2012-08-13,3.6300,3.7000,3.5400,3.6100,155900
2012-08-10,3.7000,3.7600,3.5600,3.6000,164700
2012-08-09,3.7500,3.8296,3.6300,3.7300,204600
2012-08-08,3.9400,3.9800,3.7500,3.7600,176100
2012-08-07,3.7600,3.9900,3.6500,3.9600,360000
2012-08-06,3.7300,3.7720,3.6800,3.7400,197100
2012-08-03,3.6800,3.9000,3.5600,3.7500,387200
2012-08-02,3.5600,3.7300,3.5000,3.5700,320200
2012-08-01,3.6400,3.7100,3.5600,3.5800,325100
2012-07-31,3.6700,3.7100,3.5700,3.6000,184000
2012-07-30,3.9600,4.0000,3.5800,3.6800,312800
2012-07-27,3.7400,3.8300,3.6500,3.7600,428900
2012-07-26,3.9100,3.9500,3.6500,3.7000,459200
2012-07-25,4.1300,4.1300,3.7800,3.8000,305400
2012-07-24,4.2900,4.3100,4.0000,4.0600,388600
2012-07-23,3.9700,4.3700,3.9400,4.2700,365300
2012-07-20,4.7600,4.9060,4.0600,4.1100,861200
2012-07-19,4.8500,4.9800,4.8000,4.8800,220200
2012-07-18,4.8300,5.0100,4.8100,4.8600,135700
2012-07-17,5.0800,5.0800,4.7600,4.8500,173600
2012-07-16,4.9200,5.0301,4.8124,4.9800,245700
2012-07-13,4.9500,5.1300,4.8100,4.9000,244600
2012-07-12,4.6500,4.9400,4.5200,4.9000,404500
2012-07-11,4.7800,4.7800,4.5600,4.6700,241300
2012-07-10,5.3000,5.3000,4.6900,4.7500,434800
2012-07-09,5.3200,5.3800,5.2100,5.2800,160700
2012-07-06,5.2500,5.3600,5.1600,5.3400,184100
2012-07-05,5.3900,5.4800,5.3000,5.3700,307500
2012-07-03,5.1700,5.4900,5.1200,5.3900,315300
2012-07-02,4.7800,5.1800,4.7500,5.1700,514600
2012-06-29,4.8200,4.9500,4.6700,4.7400,796000
2012-06-28,4.4600,4.6700,4.3400,4.6600,471000
2012-06-27,4.3000,4.5400,4.2700,4.5100,464900
2012-06-26,4.1900,4.3200,4.0110,4.2600,194100
2012-06-25,3.8600,4.2100,3.8500,4.1700,267500
2012-06-22,3.9500,4.0000,3.8400,3.9500,1646700
2012-06-21,4.2800,4.2900,3.8800,3.9000,314500
2012-06-20,4.4100,4.4400,4.1900,4.3000,249000
2012-06-19,4.3800,4.5000,4.3480,4.4000,515200
2012-06-18,4.1200,4.4000,4.1100,4.3500,269500
2012-06-15,4.0300,4.1600,4.0300,4.1600,267900
2012-06-14,3.9600,4.1200,3.9600,4.0500,160700
2012-06-13,4.0600,4.1600,3.9400,4.0000,168000
2012-06-12,4.0700,4.1082,3.9500,4.0800,286600
2012-06-11,4.1400,4.1900,3.9500,4.0200,317000
2012-06-08,3.8000,4.0500,3.7700,4.0400,299000
2012-06-07,3.7300,3.8300,3.6200,3.8200,454900
2012-06-06,3.5000,3.5900,3.4900,3.5400,416900
2012-06-05,3.5200,3.5500,3.3800,3.4500,225800
2012-06-04,3.6300,3.8000,3.4800,3.5100,427500
2012-06-01,3.7900,3.8000,3.5700,3.5900,275900
2012-05-31,4.0500,4.0500,3.8200,3.9600,222300
2012-05-30,4.0100,4.0500,3.8600,4.0400,220900
2012-05-29,4.0300,4.0900,3.9200,4.0000,181400
2012-05-25,4.0200,4.0491,3.8200,3.9700,256900
2012-05-24,3.9800,4.1000,3.9200,4.0300,252300
2012-05-23,3.7400,3.9300,3.7200,3.9100,246300
2012-05-22,3.6700,3.7900,3.6700,3.7600,456400
2012-05-21,3.6200,3.7600,3.6100,3.6500,398800
2012-05-18,3.8200,3.8200,3.5500,3.5500,330200
2012-05-17,4.1400,4.1700,3.8001,3.8300,295800
2012-05-16,4.3200,4.3700,4.0800,4.1200,602100
2012-05-15,4.2900,4.3600,4.2500,4.3400,608400
2012-05-14,4.2000,4.3000,4.0900,4.2900,220000
2012-05-11,4.3000,4.4200,4.2500,4.2900,233400
2012-05-10,4.0700,4.4800,4.0600,4.3500,572000
2012-05-09,3.9500,4.0100,3.9000,3.9800,200000
2012-05-08,3.8500,4.0300,3.7500,4.0200,149200
2012-05-07,3.7800,3.9400,3.7800,3.9000,267900
2012-05-04,4.1100,4.1200,3.8100,3.8100,271100
2012-05-03,4.2000,4.3900,4.1200,4.1500,391400
2012-05-02,4.0600,4.2300,4.0400,4.2000,226000
2012-05-01,4.1600,4.2800,4.1100,4.1100,250000
2012-04-30,4.2100,4.2100,4.0800,4.1700,247500
2012-04-27,3.9700,4.2500,3.9592,4.2200,461400
2012-04-26,3.5200,3.9400,3.5200,3.9200,348000
2012-04-25,3.5300,3.6600,3.4900,3.5200,288400
2012-04-24,3.5100,3.5700,3.4300,3.4800,301200
2012-04-23,3.6500,3.6500,3.4200,3.4950,293200
2012-04-20,4.3100,4.3500,3.6500,3.6600,807900
2012-04-19,3.9200,4.0800,3.8500,4.0700,433100
2012-04-18,3.9300,4.0000,3.8100,3.9300,257700
2012-04-17,3.7800,3.9700,3.7600,3.9600,214800
2012-04-16,3.7400,3.7700,3.6400,3.7100,127700
2012-04-13,3.7500,3.7700,3.6300,3.7200,172700
2012-04-12,3.6700,3.8000,3.6700,3.7600,174300
2012-04-11,3.5200,3.8400,3.5200,3.6500,192800
2012-04-10,3.7900,3.8300,3.5000,3.5100,354400
2012-04-09,3.8000,3.8700,3.7219,3.8000,257300
2012-04-05,3.8500,3.9600,3.8200,3.9000,226300
2012-04-04,3.9200,3.9900,3.8900,3.9000,273000
2012-04-03,4.2100,4.2500,4.0000,4.0200,328300
2012-04-02,4.2100,4.3400,4.1200,4.2500,212600
2012-03-30,4.3500,4.4200,4.2000,4.2300,422900
2012-03-29,4.3900,4.3900,4.0900,4.2800,323600
2012-03-28,4.5200,4.5200,4.3500,4.4300,401600
2012-03-27,4.4400,4.5500,4.2300,4.4800,608600
2012-03-26,4.2400,4.4100,4.2100,4.4000,716100
2012-03-23,3.9900,4.1800,3.8200,4.1500,644200
2012-03-22,4.3900,4.4100,3.9395,3.9600,835600
2012-03-21,4.2700,4.4700,4.2600,4.4000,504000
2012-03-20,4.1500,4.2900,4.0500,4.2600,299100
2012-03-19,4.0200,4.2000,4.0000,4.1700,509200
2012-03-16,3.8800,4.1200,3.8700,4.0000,722300
2012-03-15,3.7400,3.9600,3.6100,3.8500,1000100
2012-03-14,3.5100,3.6400,3.5000,3.5900,313800
2012-03-13,3.3400,3.5400,3.3296,3.5000,1174300
2012-03-12,3.3300,3.3600,3.2800,3.2900,122400
2012-03-09,3.2700,3.3900,3.2600,3.3000,455200
2012-03-08,3.2300,3.3000,3.1500,3.2600,244900
2012-03-07,3.1300,3.2000,3.1200,3.1800,288400
2012-03-06,3.1300,3.2400,3.0800,3.0900,474200
2012-03-05,3.0900,3.2000,3.0300,3.1700,173100
2012-03-02,3.0600,3.2100,3.0500,3.0900,343600
2012-03-01,3.0500,3.1500,3.0300,3.0300,143900
2012-02-29,3.1700,3.2150,3.0300,3.0600,377700
2012-02-28,3.1000,3.2000,3.0807,3.1500,277800
2012-02-27,3.1200,3.1700,3.0700,3.0800,147200
2012-02-24,3.0400,3.2300,3.0000,3.1200,629700
2012-02-23,2.7200,2.9900,2.6600,2.9900,199700
2012-02-22,2.7500,2.9099,2.6900,2.6900,222200
2012-02-21,3.0000,3.0500,2.7800,2.7900,180300
2012-02-17,3.1200,3.1600,2.9600,2.9700,221900
2012-02-16,2.8500,2.9900,2.8200,2.9800,170200
2012-02-15,2.9400,3.0100,2.7700,2.8300,162500
2012-02-14,3.0300,3.0300,2.8500,2.9200,202500
2012-02-13,3.0400,3.1080,3.0000,3.0500,75900
2012-02-10,3.0400,3.0600,2.9900,3.0000,176300
2012-02-09,3.1200,3.1200,3.0600,3.0800,169700
2012-02-08,3.0800,3.2000,3.0300,3.1000,218800
2012-02-07,3.0600,3.1600,2.9700,3.0800,446000
2012-02-06,2.9700,3.0700,2.9000,3.0400,229200
2012-02-03,2.9300,3.0800,2.8500,2.9800,682600
2012-02-02,2.6700,2.8500,2.6500,2.8300,248400
2012-02-01,2.5600,2.7400,2.5000,2.6600,273400
2012-01-31,2.5500,2.6200,2.4800,2.5300,111700
2012-01-30,2.4800,2.5400,2.4700,2.5200,115400
2012-01-27,2.4700,2.5325,2.4700,2.5200,58700
2012-01-26,2.6100,2.6200,2.4600,2.4900,140300
2012-01-25,2.6500,2.7300,2.5800,2.6000,131500
2012-01-24,2.4900,2.6900,2.4900,2.6400,170100
2012-01-23,2.4900,2.5500,2.2900,2.5200,40800
2012-01-20,2.5400,2.6000,2.3400,2.5000,163700
2012-01-19,2.6600,2.7000,2.5500,2.5500,120600
2012-01-18,2.6600,2.7048,2.5500,2.6500,193000
2012-01-17,2.4200,2.7500,2.4000,2.6800,232100
2012-01-13,2.3600,2.4000,2.3300,2.3900,54000
2012-01-12,2.3500,2.4100,2.3400,2.4000,197900
2012-01-11,2.1500,2.4500,2.1307,2.3000,161900
2012-01-10,2.1700,2.2000,2.1100,2.1600,165500
2012-01-09,2.1500,2.1900,2.1100,2.1400,84700
2012-01-06,2.0800,2.1800,2.0400,2.1500,73100
2012-01-05,2.0400,2.0900,2.0000,2.0900,70900
2012-01-04,2.0400,2.0800,1.9500,2.0500,84100
2012-01-03,2.1000,2.1000,2.0300,2.0600,112000
2011-12-30,2.0500,2.0507,2.0000,2.0400,99300
2011-12-29,1.9700,2.0600,1.9700,2.0600,117300
2011-12-28,1.9900,1.9900,1.8900,1.9500,108600
2011-12-27,2.0200,2.0500,1.9900,2.0000,53800
2011-12-23,2.0100,2.0600,1.9900,2.0400,118200
2011-12-22,2.0600,2.0600,1.9300,1.9800,124000
2011-12-21,1.9300,2.0800,1.9100,2.0500,190100
2011-12-20,1.8300,1.9400,1.8146,1.9300,195000
2011-12-19,1.8000,1.8700,1.7600,1.7700,67900
2011-12-16,1.7500,1.8000,1.7500,1.7800,182200
2011-12-15,1.8100,1.8600,1.7000,1.7200,106200
2011-12-14,1.8000,1.8800,1.7700,1.7800,182500
2011-12-13,1.9700,1.9800,1.8000,1.8200,84800
2011-12-12,1.9100,1.9800,1.8600,1.9400,64600
2011-12-09,1.8500,1.9400,1.8100,1.9200,187900
2011-12-08,1.9100,1.9380,1.8400,1.8400,207800
2011-12-07,1.8500,1.9610,1.7600,1.8900,350800
2011-12-06,1.8500,1.8910,1.8000,1.8700,130400
2011-12-05,1.8300,1.9200,1.7700,1.8300,319700
2011-12-02,1.5600,1.7000,1.5200,1.7000,251100
2011-12-01,1.5300,1.5600,1.4300,1.5500,202500
2011-11-30,1.5000,1.5500,1.4200,1.5500,338800
2011-11-29,1.4000,1.5100,1.3700,1.4200,369900
2011-11-28,1.3800,1.4400,1.3700,1.4000,132000
2011-11-25,1.3500,1.4200,1.3100,1.3100,54900
2011-11-23,1.4400,1.4600,1.3500,1.3500,90900
2011-11-22,1.4600,1.5100,1.4500,1.4500,96800
2011-11-21,1.4400,1.5000,1.4400,1.4600,84000
2011-11-18,1.4700,1.5000,1.4300,1.4900,115300
2011-11-17,1.4500,1.5000,1.4500,1.4600,93600
2011-11-16,1.4800,1.5000,1.4400,1.4400,87300
2011-11-15,1.4700,1.5000,1.4500,1.5000,93300
2011-11-14,1.5100,1.5100,1.4500,1.4700,99700
2011-11-11,1.4300,1.4900,1.4000,1.4800,91700
2011-11-10,1.4400,1.4400,1.3600,1.4000,75800
2011-11-09,1.4200,1.4500,1.3900,1.3900,134500
2011-11-08,1.4600,1.4900,1.4000,1.4800,119500
2011-11-07,1.4600,1.5000,1.3600,1.4400,123200
2011-11-04,1.4700,1.5000,1.4000,1.4700,129900
2011-11-03,1.5600,1.5600,1.4800,1.5000,183100
2011-11-02,1.5400,1.5400,1.4800,1.5400,86000
2011-11-01,1.5300,1.5700,1.4500,1.4900,121900
2011-10-31,1.6800,1.7301,1.6200,1.6300,87600
2011-10-28,1.8100,1.8500,1.7100,1.7400,235000
2011-10-27,1.7000,1.8300,1.5600,1.8200,303900
2011-10-26,1.6100,1.6500,1.4900,1.5900,268200
2011-10-25,1.5000,1.6001,1.5000,1.5700,252600
2011-10-24,1.4500,1.5500,1.4200,1.5500,126600
2011-10-21,1.5000,1.5000,1.4000,1.4400,125000
2011-10-20,1.3900,1.4200,1.3600,1.4000,80100
2011-10-19,1.4500,1.5000,1.3700,1.3700,98900
2011-10-18,1.3800,1.4600,1.3800,1.4500,139000
2011-10-17,1.4600,1.5200,1.3400,1.3600,96700
2011-10-14,1.4800,1.5199,1.3500,1.4700,78400
2011-10-13,1.3800,1.4600,1.3600,1.4500,42000
2011-10-12,1.3800,1.4200,1.3500,1.4000,130000
2011-10-11,1.4400,1.4800,1.3400,1.3500,167600
2011-10-10,1.2900,1.5100,1.2500,1.4800,141000
2011-10-07,1.3400,1.3400,1.2400,1.2500,101600
2011-10-06,1.2600,1.3400,1.2100,1.3400,89000
2011-10-05,1.2400,1.3400,1.1300,1.2600,84200
2011-10-04,1.0300,1.2600,1.0200,1.2300,209500
2011-10-03,1.2600,1.2700,1.0100,1.0300,213700
2011-09-30,1.3500,1.4000,1.2600,1.2700,78800
2011-09-29,1.4700,1.4900,1.2300,1.3800,268200
2011-09-28,1.5000,1.5400,1.3900,1.3900,291900
2011-09-27,1.5300,1.5400,1.4500,1.5200,125400
2011-09-26,1.4300,1.5100,1.3700,1.4700,100800
2011-09-23,1.3900,1.4700,1.3900,1.4200,155500
2011-09-22,1.4500,1.5500,1.3600,1.3700,275000
2011-09-21,1.6200,1.6500,1.4900,1.4900,135200
2011-09-20,1.6400,1.7100,1.5500,1.5800,277700
2011-09-19,1.6700,1.6800,1.6000,1.6400,228600
2011-09-16,1.7700,1.7700,1.6500,1.7300,216200
2011-09-15,1.7100,1.7800,1.7000,1.7600,83800
2011-09-14,1.7300,1.7400,1.6000,1.6800,276700
2011-09-13,1.7100,1.7790,1.6700,1.6900,113600
2011-09-12,1.6800,1.7700,1.6400,1.7200,117900
2011-09-09,1.6800,1.7500,1.6500,1.6900,222100
2011-09-08,1.8100,1.8400,1.6700,1.7000,111400
2011-09-07,1.7900,1.8800,1.7800,1.8400,90400
2011-09-06,1.6100,1.7500,1.6100,1.7300,112000
2011-09-02,1.7500,1.8400,1.6500,1.6800,151400
2011-09-01,1.9400,1.9700,1.7500,1.7800,110200
2011-08-31,2.0900,2.1200,1.9200,1.9300,118100
2011-08-30,2.0800,2.2190,1.8900,2.0900,61800
2011-08-29,1.9600,2.1200,1.8900,2.1100,105400
2011-08-26,1.8000,1.9400,1.7900,1.9300,136700
2011-08-25,1.9600,1.9600,1.7800,1.8000,100000
2011-08-24,1.9500,1.9700,1.7500,1.9500,66000
2011-08-23,1.7600,1.8900,1.7500,1.8700,91300
2011-08-22,1.8200,1.8200,1.7300,1.7500,35200
2011-08-19,1.7100,1.8400,1.7100,1.7300,89300
2011-08-18,1.7900,1.8800,1.6900,1.7400,219500
2011-08-17,1.8800,1.9890,1.8100,1.8700,62100
2011-08-16,1.8100,1.8900,1.7700,1.8500,134100
2011-08-15,1.8100,1.8500,1.7500,1.8500,57400
2011-08-12,1.7800,1.8100,1.6800,1.7800,204300
2011-08-11,1.6900,1.8200,1.6900,1.7600,355500
2011-08-10,1.8000,2.4000,1.5800,1.6700,246400
2011-08-09,1.7800,1.9800,1.6100,1.9000,215800
2011-08-08,1.8300,1.8600,1.6900,1.7000,242900
2011-08-05,1.9300,1.9700,1.8000,1.8800,87400
2011-08-04,2.0000,2.0700,1.8000,1.9000,149300
2011-08-03,2.0300,2.1000,1.9300,2.0400,147100
2011-08-02,2.1900,2.2350,2.0100,2.0100,149400
2011-08-01,2.3400,2.3500,2.1600,2.2150,162500
2011-07-29,2.4500,2.5000,2.2700,2.3000,99100
2011-07-28,2.5100,2.5200,2.4700,2.4900,107000
2011-07-27,2.5200,2.5700,2.3210,2.5100,209100
2011-07-26,2.5000,2.5700,2.4800,2.5400,162400
2011-07-25,2.4200,2.5800,2.3700,2.5100,144800
2011-07-22,2.4400,2.5200,2.3890,2.4800,150400
2011-07-21,2.3300,2.3900,2.2800,2.3400,126100
2011-07-20,2.3300,2.3500,2.2900,2.3200,46300
2011-07-19,2.2100,2.3410,2.2100,2.3400,75800
2011-07-18,2.2500,2.4580,2.1800,2.2100,64800
2011-07-15,2.2300,2.2800,2.2300,2.2500,105800
2011-07-14,2.2000,2.2500,2.1410,2.2200,78300
2011-07-13,2.1200,2.1900,2.1200,2.1900,55900
2011-07-12,2.0900,2.1500,2.0800,2.1200,71500
2011-07-11,2.1500,2.1500,2.0900,2.1000,54300
2011-07-08,2.3800,2.3800,2.1700,2.2000,135100
2011-07-07,2.3900,2.5000,2.3100,2.4400,172100
2011-07-06,2.1600,2.3600,2.1000,2.3600,136500
2011-07-05,2.1800,2.1800,2.0900,2.1700,71400
2011-07-01,2.1600,2.1900,2.1500,2.1800,59400
2011-06-30,2.1600,2.1800,2.1000,2.1500,600600
2011-06-29,2.1900,2.1900,2.0900,2.1400,45500
2011-06-28,2.1200,2.1800,2.0900,2.1800,74200
2011-06-27,2.0500,2.1600,2.0300,2.1600,70500
2011-06-24,2.1500,2.1500,2.0300,2.0400,586600
2011-06-23,2.0500,2.1400,2.0400,2.1400,50100
2011-06-22,2.1600,2.1900,2.1000,2.1100,56700
2011-06-21,2.1900,2.2000,2.1300,2.1900,99800
2011-06-20,2.1800,2.2200,2.1200,2.1500,94100
2011-06-17,2.1900,2.2000,2.1700,2.1900,239700
2011-06-16,2.1100,2.2100,2.0200,2.1650,179000
2011-06-15,2.0900,2.1500,2.0800,2.1000,89800
2011-06-14,2.0900,2.1500,2.0700,2.1400,80000
2011-06-13,2.0600,2.0800,2.0000,2.0500,123000
2011-06-10,2.1800,2.2800,2.0000,2.0500,1299100
2011-06-09,2.2100,2.2600,2.1900,2.2100,293200
2011-06-08,2.1800,2.2500,2.1700,2.1900,126300
2011-06-07,2.2400,2.2400,2.1600,2.2000,158400
2011-06-06,2.2400,2.2800,2.2000,2.2100,125700
2011-06-03,2.2100,2.3200,2.2000,2.2000,126100
2011-06-02,2.2700,2.3100,2.2100,2.2800,55000
2011-06-01,2.4300,2.5000,2.2200,2.2700,167200
2011-05-31,2.2900,2.4400,2.2300,2.4200,154100
2011-05-27,2.2500,2.3050,2.2400,2.2500,47200
2011-05-26,2.1600,2.2400,2.1600,2.2300,83600
2011-05-25,2.0700,2.1800,2.0700,2.1600,43600
2011-05-24,2.1200,2.1500,2.0500,2.0900,200000
2011-05-23,2.1100,2.1800,2.0800,2.1100,136800
2011-05-20,2.2600,2.3400,2.1700,2.1700,104500
2011-05-19,2.2900,2.3300,2.2700,2.2800,81500
2011-05-18,2.2800,2.2800,2.2300,2.2600,83500
2011-05-17,2.2800,2.3000,2.2500,2.2700,111900
2011-05-16,2.4400,2.4800,2.3000,2.3000,132000
2011-05-13,2.4600,2.4900,2.3700,2.4700,79600
2011-05-12,2.4200,2.4990,2.3609,2.4600,94400
2011-05-11,2.5700,2.5700,2.4400,2.4500,103000
2011-05-10,2.4600,2.6300,2.4200,2.6000,158600
2011-05-09,2.4100,2.4600,2.4000,2.4600,102900
2011-05-06,2.4300,2.4500,2.4000,2.4300,109000
2011-05-05,2.4400,2.4600,2.3400,2.3900,114200
2011-05-04,2.5200,2.5550,2.4600,2.4600,146000
2011-05-03,2.5400,2.6000,2.5000,2.5100,165300
2011-05-02,2.6800,2.6900,2.5400,2.5500,135500
2011-04-29,2.6900,2.6900,2.6400,2.6500,106000
2011-04-28,2.6500,2.6700,2.6400,2.6700,189500
2011-04-27,2.6900,2.7000,2.6500,2.6700,39900
2011-04-26,2.6200,2.7300,2.6200,2.7000,196900
2011-04-25,2.6700,2.8500,2.5100,2.6050,261100
2011-04-21,2.9600,2.9600,2.7800,2.8100,176600
2011-04-20,2.9600,3.0200,2.6600,2.9700,284500
2011-04-19,2.7500,2.8400,2.7500,2.8300,257300
2011-04-18,2.6900,2.8400,2.6500,2.7400,268200
2011-04-15,2.9900,2.9900,2.7100,2.7500,502100
2011-04-14,3.1200,3.1300,2.9900,3.0000,724500
2011-04-13,3.2300,3.2500,3.1500,3.1500,284100
2011-04-12,3.2300,3.3900,3.1400,3.2000,481900
2011-04-11,3.2300,3.2800,3.1800,3.2600,216100
2011-04-08,3.2000,3.2700,3.1000,3.2500,140300
2011-04-07,3.2200,3.2400,3.0900,3.1600,322000
2011-04-06,3.2500,3.2900,3.1500,3.2200,310500
2011-04-05,3.0600,3.3500,3.0500,3.2800,794200
2011-04-04,2.8800,3.1300,2.8200,3.0400,234800
2011-04-01,2.8600,2.8800,2.8300,2.8500,175300
2011-03-31,2.7900,2.8500,2.7400,2.8400,170900
2011-03-30,2.7200,2.8200,2.7000,2.7900,129300
2011-03-29,2.6600,2.7100,2.6400,2.7100,94000
2011-03-28,2.6400,2.7000,2.6400,2.6600,149200
2011-03-25,2.5800,2.6800,2.5500,2.6300,144300
2011-03-24,2.5900,2.5900,2.5300,2.5600,56700
2011-03-23,2.5300,2.6300,2.5100,2.5700,79700
2011-03-22,2.5000,2.5600,2.4800,2.5200,112900
2011-03-21,2.3700,2.4900,2.3500,2.4800,169100
2011-03-18,2.5100,2.6200,2.3200,2.3200,680600
2011-03-17,2.4900,2.5700,2.4400,2.4800,135400
2011-03-16,2.4400,2.4800,2.3900,2.4400,140300
2011-03-15,2.3800,2.5200,2.3500,2.4600,117500
2011-03-14,2.4600,2.5100,2.3800,2.4700,128300
2011-03-11,2.4500,2.5000,2.4400,2.4800,90900
2011-03-10,2.5400,2.5400,2.3800,2.4500,187900
2011-03-09,2.4900,2.6300,2.4900,2.6000,135200
2011-03-08,2.3400,2.5400,2.3100,2.5100,79700
2011-03-07,2.4300,2.4400,2.3400,2.3500,132400
2011-03-04,2.4600,2.4600,2.4100,2.4300,80600
2011-03-03,2.4400,2.5300,2.4299,2.4500,190900
2011-03-02,2.3900,2.4400,2.3500,2.4100,72500
2011-03-01,2.4100,2.4500,2.3500,2.3600,95700
2011-02-28,2.3700,2.4300,2.3200,2.3900,97400
2011-02-25,2.3700,2.3800,2.2200,2.3500,165700
2011-02-24,2.3200,2.4090,2.2500,2.3700,121800
2011-02-23,2.5200,2.6000,2.3100,2.3300,218200
2011-02-22,2.6400,2.7300,2.5000,2.5000,208700
2011-02-18,2.8300,2.8900,2.4000,2.7100,428400
2011-02-17,2.4600,2.9800,2.4600,2.7900,401900
2011-02-16,2.3800,2.4600,2.3700,2.4600,126000
2011-02-15,2.3100,2.3800,2.3000,2.3600,84500
2011-02-14,2.3200,2.4400,2.2500,2.3400,68800
2011-02-11,2.2800,2.3300,2.2600,2.3200,50000
2011-02-10,2.2500,2.3100,2.2300,2.3100,60700
2011-02-09,2.2500,2.3800,2.2500,2.2800,95700
2011-02-08,2.2600,2.2700,2.2100,2.2500,109600
2011-02-07,2.2100,2.2800,2.2100,2.2700,136000
2011-02-04,2.2500,2.2700,2.2100,2.2200,112600
2011-02-03,2.3000,2.4500,2.2399,2.2500,84400
2011-02-02,2.4000,2.4200,2.2710,2.3100,110500
2011-02-01,2.2400,2.4200,2.2000,2.4000,185400
2011-01-31,2.1900,2.2200,2.1410,2.2200,147100
2011-01-28,2.3900,2.4000,2.1800,2.2200,225600
2011-01-27,2.4100,2.4300,2.3500,2.3900,141200
2011-01-26,2.2800,2.4100,2.2700,2.4000,198300
2011-01-25,2.2800,2.2900,2.2500,2.2800,71900
2011-01-24,2.2600,2.3600,2.2500,2.2900,104300
2011-01-21,2.2000,2.2700,2.1980,2.2600,181400
2011-01-20,2.2000,2.2600,2.1700,2.1800,142800
2011-01-19,2.3300,2.3600,2.2100,2.2200,268100
2011-01-18,2.2100,2.3700,2.2000,2.3200,266100
2011-01-14,2.1000,2.3000,2.1000,2.2100,186600
2011-01-13,2.0700,2.0900,2.0100,2.0700,187700
2011-01-12,2.0800,2.0900,2.0400,2.0700,183400
2011-01-11,2.0200,2.0800,2.0150,2.0500,84100
2011-01-10,1.9500,2.0500,1.9500,2.0100,351000
2011-01-07,1.9800,1.9800,1.9300,1.9600,401600
2011-01-06,2.0100,2.0100,1.9000,1.9600,108000
2011-01-05,1.9700,1.9800,1.9300,1.9800,129100
2011-01-04,2.0500,2.0500,1.9450,1.9800,160000
2011-01-03,2.0000,2.0300,1.9500,2.0300,115500
2010-12-31,1.8800,1.9900,1.8200,1.9700,133100
2010-12-30,1.8200,1.8900,1.8100,1.8800,100700
2010-12-29,1.8200,1.8200,1.8000,1.8200,56500
2010-12-28,1.7900,1.8200,1.7800,1.8100,87700
2010-12-27,1.7600,1.8200,1.7600,1.8000,57700
2010-12-23,1.8200,1.8200,1.7300,1.7750,447500
2010-12-22,1.8200,1.8200,1.7900,1.8200,50700
2010-12-21,1.7400,1.8300,1.7200,1.8200,72300
2010-12-20,1.6800,1.8000,1.6800,1.7200,154100
2010-12-17,1.8800,1.8800,1.6600,1.7100,434600
2010-12-16,1.8200,1.8700,1.8100,1.8700,60600
2010-12-15,1.8700,1.9100,1.7500,1.8200,218800
2010-12-14,1.9200,1.9200,1.8700,1.8800,120100
2010-12-13,1.8500,1.9500,1.8300,1.9000,103200
2010-12-10,1.7900,1.8400,1.7900,1.8300,170200
2010-12-09,1.7600,1.8400,1.7500,1.7800,242300
2010-12-08,1.8100,1.8100,1.7400,1.7600,46000
2010-12-07,1.7600,1.8300,1.7200,1.7900,229700
2010-12-06,1.6900,1.7500,1.6300,1.7300,93200
2010-12-03,1.5900,1.7600,1.5800,1.7000,174700
2010-12-02,1.5000,1.6200,1.4700,1.6000,277900
2010-12-01,1.6200,1.6600,1.4300,1.5000,474100
2010-11-30,1.5400,1.6120,1.5400,1.5800,145900
2010-11-29,1.6200,1.6400,1.5400,1.5600,143300
2010-11-26,1.6900,1.7000,1.6400,1.6400,72400
2010-11-24,1.7700,2.0000,1.6900,1.7100,267000
2010-11-23,1.8100,1.8400,1.7400,1.7400,194800
2010-11-22,1.8700,1.8800,1.8100,1.8400,92000
2010-11-19,1.9400,1.9500,1.8500,1.8800,162100
2010-11-18,2.0300,2.0800,1.9400,1.9400,87100
2010-11-17,2.0300,2.0700,1.9800,2.0000,60300
2010-11-16,2.0800,2.0800,2.0200,2.0300,69700
2010-11-15,2.0600,2.1100,1.7300,2.1100,74100
2010-11-12,2.1000,2.1000,2.0400,2.0400,67100
2010-11-11,2.1400,2.1680,2.1000,2.1300,35800
2010-11-10,2.0500,2.1900,2.0400,2.1800,69200
2010-11-09,2.1700,2.1700,2.0300,2.0300,87400
2010-11-08,2.1800,2.2300,2.0500,2.1700,130300
2010-11-05,2.2100,2.2200,2.1600,2.1900,133400
2010-11-04,2.1800,2.2200,2.0400,2.2000,126000
2010-11-03,2.0400,2.1500,2.0400,2.1400,44600
2010-11-02,2.0000,2.1900,1.9700,2.1200,208700
2010-11-01,2.0200,2.0600,1.9500,1.9500,83200
2010-10-29,2.0300,2.0600,2.0100,2.0200,85900
2010-10-28,2.1000,2.1000,2.0200,2.0400,205800
2010-10-27,2.1100,2.1100,2.0200,2.0600,138300
2010-10-26,2.1500,2.1500,2.0800,2.1300,131700
2010-10-25,2.2400,2.2500,2.1500,2.1700,76200
2010-10-22,2.2100,2.2500,2.1800,2.2000,46700
2010-10-21,2.1900,2.2500,2.1200,2.2000,95400
2010-10-20,2.1700,2.1900,2.0000,2.1700,176100
2010-10-19,2.1900,2.2500,2.1000,2.1400,88900
2010-10-18,2.2700,2.2700,2.2000,2.2400,56000
2010-10-15,2.3600,2.3600,2.2400,2.2600,159200
2010-10-14,2.2800,2.3400,2.2600,2.3000,52500
2010-10-13,2.1900,2.3000,2.1700,2.2900,114100
2010-10-12,2.2700,2.2700,2.1800,2.1800,69900
2010-10-11,2.2900,2.3100,2.2600,2.2800,38600
2010-10-08,2.3000,2.3000,2.2500,2.3000,93500
2010-10-07,2.3600,2.3700,2.2500,2.2900,120400
2010-10-06,2.2900,2.3800,2.1700,2.3400,74300
2010-10-05,2.2300,2.3500,2.1700,2.2900,156000
2010-10-04,2.2500,2.2700,2.1400,2.1800,92100
2010-10-01,2.3000,2.3000,2.2200,2.2500,81900
2010-09-30,2.3400,2.4301,2.2700,2.2800,484500
2010-09-29,2.3400,2.4000,2.2300,2.3300,442300
2010-09-28,2.2800,2.4500,2.2200,2.3500,136100
2010-09-27,2.3000,2.3300,2.2100,2.2600,80200
2010-09-24,2.2200,2.3300,2.2000,2.2900,162200
2010-09-23,2.1700,2.3200,2.1600,2.1600,81200
2010-09-22,2.3400,2.3700,2.2000,2.2100,107600
2010-09-21,2.4800,2.6300,2.3100,2.3400,194100
2010-09-20,2.3400,2.5000,2.2500,2.4900,133300
2010-09-17,2.3000,2.4602,2.1800,2.3400,358900
2010-09-16,2.3300,2.3500,2.2100,2.2600,57500
2010-09-15,2.2800,2.3600,2.1800,2.3400,69700
2010-09-14,2.2800,2.3200,2.2300,2.3000,92800
2010-09-13,2.1500,2.3000,2.1300,2.2900,132700
2010-09-10,2.0300,2.1400,2.0300,2.1100,72800
2010-09-09,2.1600,2.2200,2.0000,2.0100,174900
2010-09-08,2.2000,2.2000,2.0800,2.1100,85400
2010-09-07,2.3200,2.3200,2.1800,2.1800,131400
2010-09-03,2.2000,2.3400,2.2000,2.3300,114500
2010-09-02,2.1400,2.1800,2.1100,2.1800,68500
2010-09-01,2.0700,2.2800,2.0700,2.1300,171400
2010-08-31,2.0300,2.1500,1.9900,1.9900,113400
2010-08-30,2.1200,2.1700,2.0100,2.0100,64600
2010-08-27,2.1000,2.1500,2.0000,2.1400,92100
2010-08-26,2.2000,2.2000,2.0100,2.0500,65000
2010-08-25,1.9900,2.1800,1.9900,2.1700,158500
2010-08-24,2.0300,2.0700,1.9600,1.9900,273400
2010-08-23,2.2000,2.2000,2.0400,2.0800,126600
2010-08-20,2.0200,2.2000,2.0200,2.2000,140600
2010-08-19,2.1700,2.1800,2.0099,2.0300,162700
2010-08-18,2.3500,2.3700,2.1800,2.1900,46100
2010-08-17,2.2600,2.4200,2.1700,2.3600,273100
2010-08-16,2.0500,2.2300,2.0500,2.2100,143300
2010-08-13,2.0000,2.2300,1.9800,2.0700,157400
2010-08-12,2.0300,2.0800,1.9000,2.0200,213400
2010-08-11,2.0900,2.2200,2.0050,2.0500,247800
2010-08-10,2.2000,2.2501,2.1400,2.1400,71600
2010-08-09,2.2400,2.2700,2.1800,2.2500,54100
2010-08-06,2.1900,2.3100,2.1500,2.1900,59400
2010-08-05,2.2900,2.3000,2.2251,2.2300,52500
2010-08-04,2.2200,2.3300,2.2100,2.3300,121300
2010-08-03,2.1700,2.2300,2.1700,2.2000,116400
2010-08-02,2.2200,2.3200,2.1600,2.1700,283400
2010-07-30,2.2100,2.2800,2.1200,2.1400,229900
2010-07-29,2.2800,2.2900,2.2000,2.2400,195800
2010-07-28,2.4000,2.4400,2.2200,2.2500,622600
2010-07-27,2.5800,2.6100,2.3700,2.4100,126700
2010-07-26,2.6000,2.6300,2.5000,2.5400,158800
2010-07-23,2.4300,2.6000,2.3500,2.5900,158700
2010-07-22,2.3100,2.5100,2.2101,2.4700,203100
2010-07-21,2.4100,2.4200,2.2400,2.2500,85700
2010-07-20,2.2600,2.4400,2.2600,2.4000,120900
2010-07-19,2.4200,2.4500,2.2700,2.3200,71500
2010-07-16,2.5300,2.5300,2.3900,2.4000,168600
2010-07-15,2.6300,2.6500,2.4800,2.5800,54500
2010-07-14,2.6800,2.7000,2.5600,2.6300,80900
2010-07-13,2.5400,2.7300,2.5400,2.6900,144900
2010-07-12,2.6300,2.6300,2.4600,2.4700,63300
2010-07-09,2.4900,2.6500,2.4500,2.6400,118700
2010-07-08,2.5800,2.5800,2.4600,2.5000,221700
2010-07-07,2.3800,2.5600,2.3600,2.5600,293300
2010-07-06,2.4800,2.5799,2.3500,2.3500,101500
2010-07-02,2.4600,2.5100,2.3800,2.4400,64400
2010-07-01,2.4000,2.4800,2.2500,2.4400,371800
2010-06-30,2.5700,2.6100,2.3900,2.4000,1019600
2010-06-29,2.8100,2.8600,2.5500,2.5700,853100
2010-06-28,2.9500,3.0400,2.8400,2.8900,51700
2010-06-25,2.7300,2.9900,2.7000,2.9700,1633400
2010-06-24,2.8300,2.9300,2.6900,2.7000,210100
2010-06-23,2.9100,2.9790,2.8100,2.8600,228500
2010-06-22,2.9900,3.1350,2.8900,2.8900,120300
2010-06-21,3.0400,3.2100,2.9400,2.9700,122400
2010-06-18,3.0200,3.2100,2.9500,2.9700,333100
2010-06-17,3.0900,3.0900,2.9450,3.0000,89100
2010-06-16,3.1200,3.1300,3.0400,3.0600,116500
2010-06-15,3.1800,3.2200,3.0300,3.1700,146400
2010-06-14,3.2900,3.3600,3.1000,3.1300,66400
2010-06-11,2.9800,3.2700,2.9500,3.2400,96400
2010-06-10,2.9200,3.0900,2.9000,3.0500,114800
2010-06-09,2.9100,3.1800,2.7900,2.8400,233600
2010-06-08,2.9900,3.2600,2.7600,2.8800,210700
2010-06-07,3.1400,3.2700,2.9100,2.9600,270600
2010-06-04,3.3200,3.3200,3.0500,3.1200,423500
2010-06-03,3.4000,3.4700,3.3200,3.4000,115900
2010-06-02,3.1700,3.4000,3.1400,3.3900,89800
2010-06-01,3.3300,3.4200,3.1500,3.1550,128100
2010-05-28,3.5200,3.6100,3.3300,3.3700,166000
2010-05-27,3.4500,3.6000,3.3300,3.6000,145200
2010-05-26,3.3500,3.6800,3.2900,3.3200,116200
2010-05-25,3.1700,3.3200,3.1200,3.3100,133400
2010-05-24,3.3600,3.5400,3.3000,3.3300,72900
2010-05-21,3.2000,3.5500,3.1300,3.3700,156800
2010-05-20,3.3700,3.5600,3.2300,3.2600,193100
2010-05-19,3.6000,3.7800,3.4500,3.4900,180200
2010-05-18,3.9000,3.9900,3.5500,3.6000,120200
2010-05-17,3.7900,3.8400,3.5550,3.8100,110800
2010-05-14,3.8300,3.8300,3.6600,3.7400,80900
2010-05-13,4.0700,4.1000,3.8500,3.9000,80200
2010-05-12,3.8700,4.1300,3.8500,4.1000,175300
2010-05-11,3.6000,3.9900,3.6000,3.8700,115900
2010-05-10,3.6400,3.7600,3.5400,3.7600,206900
2010-05-07,3.6500,3.7800,3.3800,3.4400,276300
2010-05-06,3.7000,4.0000,3.5500,3.6200,273800
2010-05-05,3.7600,3.8600,3.7000,3.7400,212600
2010-05-04,3.9300,3.9300,3.6710,3.8300,219000
2010-05-03,3.8500,4.0500,3.8100,4.0100,171000
2010-04-30,4.0800,4.0800,3.8000,3.8400,229100
2010-04-29,3.9100,4.1500,3.8500,4.0900,173100
2010-04-28,3.8400,3.9500,3.7600,3.8600,171100
2010-04-27,4.0000,4.0900,3.8000,3.8100,248400
2010-04-26,4.0300,4.3000,3.8800,4.0200,317800
2010-04-23,4.0400,4.0650,3.7200,4.0000,720500
2010-04-22,3.8600,4.1900,3.8300,4.0800,782900
2010-04-21,3.7400,3.9400,3.7400,3.9400,311800
2010-04-20,3.6500,3.7500,3.5500,3.7200,139700
2010-04-19,3.5900,3.7000,3.5900,3.6300,322300
2010-04-16,3.7100,3.7705,3.5400,3.6400,741300
2010-04-15,3.6300,3.7575,3.6200,3.7100,238300
2010-04-14,3.6000,3.6900,3.5200,3.6500,371100
2010-04-13,3.4200,3.6100,3.4200,3.5600,297200
2010-04-12,3.5000,3.5000,3.3700,3.4200,194800
2010-04-09,3.4900,3.5500,3.4200,3.4900,173800
2010-04-08,3.4900,3.5500,3.4500,3.5000,239100
2010-04-07,3.3900,3.4900,3.3700,3.4800,339200
2010-04-06,3.3900,3.4200,3.3200,3.4100,246100
2010-04-05,3.1700,3.4000,3.1500,3.3900,278500
2010-04-01,3.1800,3.1800,3.1200,3.1600,164500
2010-03-31,3.1100,3.1501,3.1100,3.1500,270200
2010-03-30,3.1200,3.2000,3.1200,3.1400,157100
2010-03-29,3.0700,3.1500,3.0700,3.1100,107000
2010-03-26,3.0700,3.1100,3.0300,3.0700,222200
2010-03-25,3.1900,3.2600,3.0500,3.0500,130600
2010-03-24,3.2800,3.2900,3.1000,3.1400,109200
2010-03-23,3.2900,3.3100,3.1600,3.2900,105900
2010-03-22,3.1300,3.3200,3.0700,3.2800,134600
2010-03-19,3.2900,3.3000,3.0500,3.1600,639800
2010-03-18,3.0900,3.2900,3.0500,3.2700,524400
2010-03-17,3.1100,3.1700,3.0800,3.1000,246000
2010-03-16,3.1100,3.1400,3.0300,3.1100,743500
2010-03-15,3.1400,3.1500,3.0300,3.1000,120700
2010-03-12,3.1600,3.1700,3.0900,3.1400,155700
2010-03-11,3.1500,3.1900,3.1000,3.1900,88200
2010-03-10,3.1300,3.2500,3.0800,3.1800,117200
2010-03-09,3.1000,3.1600,3.0700,3.1200,51700
2010-03-08,3.1100,3.1500,3.0600,3.1100,78000
2010-03-05,3.0600,3.1100,3.0100,3.1100,200700
2010-03-04,3.0500,3.0800,3.0000,3.0400,90500
2010-03-03,3.0500,3.0900,3.0200,3.0400,204800
2010-03-02,3.0400,3.0600,3.0200,3.0400,148100
2010-03-01,3.0100,3.0800,3.0000,3.0300,245700
2010-02-26,2.9900,3.0125,2.9600,3.0000,411600
2010-02-25,2.9200,3.0300,2.9200,3.0000,409500
2010-02-24,2.9800,2.9800,2.9100,2.9700,136300
2010-02-23,3.1100,3.1600,2.9500,2.9700,555500
2010-02-22,3.0100,3.1400,2.9600,3.1100,640200
2010-02-19,3.0000,3.0500,2.9700,3.0100,610100
2010-02-18,3.0100,3.0100,2.9400,3.0000,281600
2010-02-17,3.0100,3.0500,2.9800,3.0200,289900
2010-02-16,3.0100,3.0100,2.9000,3.0000,373800
2010-02-12,2.9600,3.0200,2.9200,2.9900,81700
2010-02-11,2.9500,3.0000,2.9000,3.0000,120100
2010-02-10,2.8700,2.9900,2.8100,2.9700,174000
2010-02-09,3.0100,3.0500,2.8800,2.9000,152800
2010-02-08,3.0200,3.0200,2.9500,2.9600,353700
2010-02-05,3.0000,3.0400,2.8600,3.0300,398700
2010-02-04,3.1700,3.1900,2.9700,3.0000,499800
2010-02-03,3.3500,3.3800,3.1800,3.1900,386300
2010-02-02,3.3500,3.4200,3.3100,3.3300,434700
2010-02-01,3.3700,3.4000,3.2900,3.3400,313600
2010-01-29,3.3800,3.4100,3.3100,3.3500,1074100
2010-01-28,3.4100,3.4700,3.3400,3.3500,280500
2010-01-27,3.4200,3.4300,3.3200,3.3900,150500
2010-01-26,3.3800,3.4500,3.3400,3.3900,243800
2010-01-25,3.4100,3.4200,3.3200,3.3800,222400
2010-01-22,3.5000,3.5000,3.3200,3.3600,527400
2010-01-21,3.6600,3.7200,3.5000,3.5000,201300
2010-01-20,3.8500,3.8700,3.6200,3.6400,72000
2010-01-19,3.7900,3.8900,3.6400,3.8900,392900
2010-01-15,3.6800,3.8000,3.5300,3.6000,349700
2010-01-14,3.7500,3.8300,3.6400,3.6800,385900
2010-01-13,3.7800,3.9500,3.7000,3.7300,396300
2010-01-12,3.5800,4.0700,3.5800,3.7500,567300
2010-01-11,3.5800,3.6000,3.5400,3.5900,686800
2010-01-08,3.5600,3.6300,3.5000,3.5400,391400
2010-01-07,3.6100,3.6200,3.5600,3.5700,351400
2010-01-06,3.5700,3.6100,3.5700,3.6000,271000
2010-01-05,3.7700,3.7900,3.5660,3.5900,284700
2010-01-04,3.9300,3.9300,3.7500,3.7700,494400
2009-12-31,3.8300,3.8700,3.7600,3.8400,211900
2009-12-30,3.9200,3.9800,3.7900,3.8200,207900
2009-12-29,3.9600,4.0000,3.8200,3.9300,288000
2009-12-28,4.2400,4.2400,3.8700,3.9300,187200
2009-12-24,4.4000,4.4000,4.1500,4.2100,61000
2009-12-23,4.5400,4.6400,4.2200,4.3600,161700
2009-12-22,4.4600,4.7200,4.4000,4.4900,171300
2009-12-21,4.6600,4.8200,4.3700,4.4200,283600
2009-12-18,4.0500,4.8900,3.9600,4.6800,1118600
2009-12-17,3.8000,4.0000,3.7000,3.9300,330800
2009-12-16,4.0200,4.0900,3.9000,4.0500,254200
2009-12-15,3.9400,4.0300,3.8900,3.9900,40500
2009-12-14,4.0000,4.0000,3.8000,3.9700,29100
2009-12-11,4.0200,4.0600,3.8650,3.9800,31200
2009-12-10,3.9200,4.0200,3.8200,4.0000,72800
2009-12-09,3.9400,3.9730,3.8000,3.8900,45300
2009-12-08,4.0200,4.0900,3.9300,3.9300,43800
2009-12-07,4.0500,4.1000,3.9800,4.0300,81200
2009-12-04,3.9100,4.0400,3.9100,4.0400,128700
2009-12-03,3.9100,3.9300,3.7700,3.8000,142100
2009-12-02,3.9800,4.0000,3.8100,3.9000,33000
2009-12-01,3.8800,4.0000,3.5500,3.9700,52700
2009-11-30,3.7800,3.9000,3.7000,3.8100,556000
2009-11-27,3.7000,3.8300,3.7000,3.7800,36600
2009-11-25,3.8600,3.9300,3.7210,3.7600,74900
2009-11-24,3.8500,3.8900,3.8000,3.8200,84500
2009-11-23,3.9100,3.9700,3.7800,3.8600,58600
2009-11-20,3.8100,3.9100,3.7900,3.8200,72500
2009-11-19,3.8400,3.9800,3.7900,3.8500,75100
2009-11-18,3.8600,3.8800,3.7700,3.8800,62000
2009-11-17,3.8600,3.9120,3.8000,3.8700,28100
2009-11-16,3.8100,3.9100,3.7900,3.8800,61500
2009-11-13,3.6700,3.8500,3.6000,3.7700,69900
2009-11-12,3.9800,4.1100,3.6200,3.6600,140600
2009-11-11,4.1100,4.3200,3.9700,3.9800,77900
2009-11-10,4.2900,4.3999,4.0100,4.0400,33400
2009-11-09,4.1100,4.3200,4.0900,4.2800,48900
2009-11-06,4.2000,4.5000,4.0200,4.0600,70800
2009-11-05,3.7000,4.3300,3.6421,4.2900,98000
2009-11-04,3.8800,4.0000,3.6300,3.6400,72700
2009-11-03,3.6100,3.8800,3.5000,3.8400,51000
2009-11-02,3.9100,4.1200,3.7000,3.7200,116500
2009-10-30,4.2300,4.3700,3.8000,3.8900,175600
2009-10-29,4.5000,4.5100,4.2900,4.3100,95000
2009-10-28,4.5000,4.6300,4.4300,4.4500,132300
2009-10-27,4.4300,4.6200,4.3900,4.5300,145900
2009-10-26,4.3300,4.4900,4.2800,4.4200,118300
2009-10-23,4.4700,4.4700,4.1100,4.3800,204600
2009-10-22,4.2700,4.5900,4.2500,4.5500,57400
2009-10-21,4.5700,4.7299,4.2600,4.2900,75500
2009-10-20,4.9400,5.0299,4.5300,4.5500,108600
2009-10-19,5.1700,5.2200,4.8950,4.9400,38000
2009-10-16,5.1000,5.2200,4.8200,5.1300,68500
2009-10-15,5.1100,5.2500,4.7800,5.1900,72900
2009-10-14,5.1900,5.1900,4.9300,5.0900,64100
2009-10-13,5.0100,5.1300,4.8800,5.0500,46700
2009-10-12,5.1600,5.1600,4.9100,5.0100,80500
2009-10-09,5.1600,5.2100,5.0300,5.1100,74200
2009-10-08,5.1400,5.2700,5.0900,5.1700,119400
2009-10-07,5.2800,5.2800,5.0500,5.0600,127500
2009-10-06,4.8200,5.3000,4.8200,5.2800,321600
2009-10-05,4.5000,4.8800,4.2400,4.8700,233700
2009-10-02,4.4500,4.4900,4.2900,4.4800,447600
2009-10-01,4.3300,4.4900,4.3300,4.4700,232900
2009-09-30,4.2300,4.3600,4.2200,4.3600,127900
2009-09-29,4.2400,4.2800,4.1700,4.2000,190100
2009-09-28,4.1600,4.2700,4.0000,4.2300,128500
2009-09-25,4.5400,4.6200,4.0800,4.1200,184700
2009-09-24,4.5300,4.6100,4.5000,4.5500,175800
2009-09-23,4.5500,4.7500,4.3500,4.4800,60200
2009-09-22,4.5100,4.7199,4.3400,4.5100,99100
2009-09-21,4.7000,4.7000,4.4200,4.4500,129200
2009-09-18,4.9300,5.0500,4.7600,4.7800,119900
2009-09-17,4.8100,5.1800,4.5400,4.8900,150200
2009-09-16,4.6100,4.8300,4.4500,4.8100,137800
2009-09-15,4.7100,4.7100,4.5500,4.6200,82500
2009-09-14,4.7000,4.8600,4.5600,4.7100,100800
2009-09-11,4.7900,4.8900,4.6700,4.7800,112300
2009-09-10,4.7300,4.8500,4.7000,4.7900,136700
2009-09-09,4.9300,4.9300,4.6503,4.7400,187600
2009-09-08,4.5200,4.9300,4.4800,4.8500,503400
2009-09-04,4.2700,4.6299,4.2700,4.4400,199400
2009-09-03,4.4400,4.6100,4.0600,4.2700,471500
2009-09-02,5.0500,5.0500,4.2300,4.3100,656400
2009-09-01,7.0500,8.3000,4.9000,4.9800,1143300
2009-08-31,7.5500,7.9000,7.5000,7.6900,106300
2009-08-28,8.2900,8.2900,7.4700,7.7100,167400
2009-08-27,8.0900,8.6000,8.0500,8.2000,142800
2009-08-26,7.9500,8.2500,7.9500,8.2500,144600
2009-08-25,8.1400,8.2600,7.9700,8.0100,189400
2009-08-24,7.7100,8.2000,7.7000,8.0000,249900
2009-08-21,7.5100,7.8400,7.3200,7.7000,154800
2009-08-20,7.2500,7.7800,6.9850,7.3200,278400
2009-08-19,6.3000,7.2400,6.3000,7.2400,142500
2009-08-18,5.8900,6.4900,5.8400,6.3600,141600
2009-08-17,6.0300,6.1900,5.7101,5.8200,222900
2009-08-14,6.8000,7.0600,6.1500,6.1900,115700
2009-08-13,6.9700,7.0000,6.6800,6.8200,87500
2009-08-12,6.7900,7.3200,6.7700,6.7900,169300
2009-08-11,7.3500,7.6400,6.6304,6.7900,127800
2009-08-10,8.2400,8.2600,7.3700,7.5200,180800
2009-08-07,6.9000,8.4700,6.8405,8.3100,291200
2009-08-06,6.9100,7.2300,6.5401,6.7000,81600
2009-08-05,6.7300,6.9500,6.3601,6.8400,114700
2009-08-04,6.2600,6.7930,6.0000,6.7500,253500
2009-08-03,5.9800,6.4000,5.6400,6.3100,155000
2009-07-31,5.4900,6.0400,5.2500,5.8600,117100
2009-07-30,5.0400,5.5700,5.0400,5.5200,99200
2009-07-29,4.8200,5.0500,4.5100,4.9500,110800
2009-07-28,4.9300,4.9500,4.6000,4.8800,110100
2009-07-27,4.6800,4.9600,4.6800,4.9500,110400
2009-07-24,4.5700,5.0000,4.5700,4.6800,134600
2009-07-23,4.0000,4.5900,3.9800,4.5600,196700
2009-07-22,3.9200,4.0500,3.9200,4.0000,40200
2009-07-21,4.1100,4.1200,3.9000,3.9300,162200
2009-07-20,4.2200,4.2900,4.0000,4.0600,88000
2009-07-17,4.3600,4.5400,4.0510,4.1700,68200
2009-07-16,4.5200,4.5500,4.1300,4.3500,49100
2009-07-15,4.2000,4.5000,4.0000,4.4600,95600
2009-07-14,4.0200,4.1100,3.9000,4.1100,54400
2009-07-13,4.0500,4.0800,3.8200,4.0200,86400
2009-07-10,3.8900,4.0700,3.8500,4.0100,25200
2009-07-09,4.0000,4.0600,3.8600,3.9200,62900
2009-07-08,4.0500,4.3400,3.8000,3.9500,123400
2009-07-07,4.1100,4.1400,3.9000,4.0000,86900
2009-07-06,3.9000,4.1200,3.7800,4.0200,95100
2009-07-02,4.0000,4.0500,3.9000,3.9400,82700
2009-07-01,3.9900,4.5500,3.9900,4.0700,78900
2009-06-30,4.7700,4.7700,4.0500,4.1600,76900
2009-06-29,4.7800,4.8700,4.5200,4.7500,150300
2009-06-26,4.1900,5.1600,4.1300,4.9000,877700
2009-06-25,3.9000,4.2500,3.9000,4.2500,112200
2009-06-24,3.4100,4.0300,3.3700,3.9700,162800
2009-06-23,3.2900,3.4800,3.2000,3.3700,77500
2009-06-22,3.4300,3.6100,3.2600,3.2600,71600
2009-06-19,3.3800,3.7100,3.3000,3.4900,216300
2009-06-18,3.3000,3.4100,3.1500,3.2500,174000
2009-06-17,3.4200,3.5000,3.2800,3.2900,117100
2009-06-16,3.5200,3.6800,3.3200,3.4100,105700
2009-06-15,3.2100,3.6000,3.2000,3.3500,176500
2009-06-12,3.4000,3.4300,3.1500,3.2000,870900
2009-06-11,3.5200,3.7200,3.4000,3.4000,141500
2009-06-10,4.4600,4.4600,3.4700,3.4900,160500
2009-06-09,4.7700,4.7700,4.3400,4.3800,72800
2009-06-08,4.7900,5.1200,4.6400,4.7000,89100
2009-06-05,4.8400,4.9800,4.8200,4.8700,28300
2009-06-04,4.6700,4.9200,4.6700,4.7900,45200
2009-06-03,4.7500,4.9900,4.5200,4.7600,58000
2009-06-02,4.4100,4.9200,4.3600,4.9000,95600
2009-06-01,4.2500,4.4500,4.1300,4.4300,86800
2009-05-29,4.1300,4.2000,3.9100,4.1100,101200
2009-05-28,3.7500,4.0400,3.6900,4.0100,91500
2009-05-27,3.5900,3.8900,3.5900,3.7200,63100
2009-05-26,3.1200,3.5500,3.0100,3.5200,71800
2009-05-22,3.0300,3.2600,3.0200,3.1200,39900
2009-05-21,3.1800,3.1900,2.8100,2.9200,110900
2009-05-20,3.1300,3.2700,3.1000,3.2700,132200
2009-05-19,3.1800,3.2000,2.9400,3.0800,676700
2009-05-18,2.8500,3.1600,2.8100,3.1000,139200
2009-05-15,3.0000,3.0000,2.8302,2.8500,153400
2009-05-14,2.4000,3.6000,2.1300,3.0100,213700
2009-05-13,3.1000,3.1199,2.2200,2.2500,144400
2009-05-12,3.3300,3.3300,3.0400,3.2000,46600
2009-05-11,3.3800,3.5400,3.2700,3.2700,65300
2009-05-08,4.1300,4.2099,3.1900,3.4400,180200
2009-05-07,4.2800,4.4300,3.9900,3.9900,83800
2009-05-06,3.7800,4.1700,3.6900,4.1100,111200
2009-05-05,3.4700,3.9400,3.4700,3.6900,89500
2009-05-04,3.2600,3.5100,3.2600,3.5000,73200
2009-05-01,3.3600,3.4600,3.2000,3.2200,43700
2009-04-30,3.1700,3.4500,3.0600,3.3100,116900
2009-04-29,2.9300,3.2100,2.9100,3.1500,108200
2009-04-28,2.8400,2.9400,2.8300,2.8900,203000
2009-04-27,3.0000,3.0800,2.7500,2.9200,72000
2009-04-24,2.6600,3.2100,2.6600,3.0900,268000
2009-04-23,2.3400,3.0700,2.2800,2.7400,89300
2009-04-22,2.3700,2.5400,2.2300,2.3200,205800
2009-04-21,2.2500,2.4500,2.2500,2.4000,131900
2009-04-20,2.1000,2.3700,2.1000,2.1800,37000
2009-04-17,2.3900,2.5000,2.0800,2.1600,81100
2009-04-16,2.2700,2.5399,2.2700,2.3400,84500
2009-04-15,2.3700,2.5400,2.0100,2.2400,95900
2009-04-14,2.5300,2.7800,2.4000,2.4100,46900
2009-04-13,2.2400,2.6100,2.2400,2.5700,50100
2009-04-09,2.1400,2.3200,2.1400,2.3000,54300
2009-04-08,2.0500,2.1000,1.9850,2.0800,32700
2009-04-07,1.9600,2.0800,1.9400,1.9700,152700
2009-04-06,1.8900,2.0000,1.8900,1.9800,37900
2009-04-03,1.9700,2.0460,1.9300,1.9400,16900
2009-04-02,2.1900,2.2000,1.9300,1.9300,233700
2009-04-01,2.1200,2.2000,2.0700,2.1000,18100
2009-03-31,1.8500,2.2000,1.8380,2.0200,151900
2009-03-30,1.9200,1.9760,1.7200,1.7200,29100
2009-03-27,2.3100,2.3796,1.9700,1.9700,36000
2009-03-26,2.4900,2.4900,2.2100,2.2800,52100
2009-03-25,2.1700,2.4900,2.1700,2.4900,46100
2009-03-24,2.4200,2.4500,2.1400,2.1600,55000
2009-03-23,2.3800,2.5000,2.3500,2.5000,106100
2009-03-20,2.0700,2.5000,1.7900,2.2500,156700
2009-03-19,1.9000,2.0600,1.8100,2.0600,50000
2009-03-18,1.8100,2.0800,1.6700,2.0800,62200
2009-03-17,1.9700,1.9900,1.7600,1.8300,46100
2009-03-16,1.9200,2.0000,1.6900,2.0000,56100
2009-03-13,1.8100,2.0000,1.5500,1.8400,72700
2009-03-12,1.3800,1.8300,1.2300,1.8000,89400
2009-03-11,1.0600,1.4100,0.8800,1.4000,1395300
2009-03-10,1.1700,1.3500,0.9900,1.0000,120300
2009-03-09,1.2700,1.3200,1.1100,1.1100,23900
2009-03-06,1.2300,1.4200,1.1700,1.2900,61700
2009-03-05,1.5000,1.5600,1.1200,1.1400,75200
2009-03-04,1.6200,1.8400,1.4100,1.5700,63800
2009-03-03,1.5600,1.8200,1.5100,1.5600,66500
2009-03-02,1.8900,1.9600,1.5000,1.5100,44700
2009-02-27,2.1600,2.1800,1.9200,1.9200,34800
2009-02-26,2.5100,2.5100,2.1500,2.2300,47100
2009-02-25,2.6000,2.7200,2.3800,2.4800,55500
2009-02-24,2.0205,2.7100,2.0000,2.5900,51400
2009-02-23,2.0600,2.1200,1.9400,1.9900,84800
2009-02-20,2.2800,2.4800,1.9900,2.0900,86500
2009-02-19,2.3100,2.4500,2.2000,2.3600,53600
2009-02-18,2.1500,2.2500,2.0700,2.2500,28700
2009-02-17,2.0500,2.2500,2.0500,2.1700,50000
2009-02-13,2.1600,2.2500,2.0700,2.2500,23900
2009-02-12,1.9900,2.1500,1.9500,2.1500,21100
2009-02-11,2.0100,2.0700,1.9000,2.0600,56600
2009-02-10,1.8900,2.1900,1.8750,1.9800,77400
2009-02-09,1.7700,1.8900,1.7600,1.8800,57300
2009-02-06,1.7400,1.8100,1.6500,1.8000,23400
2009-02-05,1.8100,1.9000,1.6100,1.7400,23800
2009-02-04,1.7400,1.9500,1.7400,1.8300,28200
2009-02-03,1.5600,1.7500,1.5600,1.7500,23600
2009-02-02,1.2700,1.6301,1.2700,1.6000,60500
2009-01-30,1.3700,1.4000,1.2300,1.2300,15700
2009-01-29,1.4000,1.4000,1.3100,1.3400,8800
2009-01-28,1.4100,1.4100,1.3400,1.3800,23800
2009-01-27,1.3800,1.3800,1.3000,1.3600,29100
2009-01-26,1.2000,1.4200,1.2000,1.3800,64500
2009-01-23,1.2000,1.3800,1.2000,1.2100,27900
2009-01-22,1.3000,1.4000,1.1800,1.1800,14500
2009-01-21,1.1800,1.3300,1.1200,1.3300,22300
2009-01-20,1.3300,1.4800,1.1400,1.1400,37000
2009-01-16,1.3200,1.4500,1.3200,1.3600,34700
2009-01-15,1.2200,1.3300,1.1600,1.3100,31700
2009-01-14,1.2100,1.2600,1.2000,1.2100,288900
2009-01-13,1.2700,1.2800,1.2300,1.2500,33100
2009-01-12,1.2600,1.2700,1.2500,1.2500,17100
2009-01-09,1.3600,1.3800,1.2500,1.2600,50300
2009-01-08,1.3500,1.3800,1.3400,1.3500,269000
2009-01-07,1.3700,1.3800,1.2700,1.2700,74000
2009-01-06,1.5000,1.5400,1.3500,1.3500,86100
2009-01-05,1.5600,1.5600,1.4700,1.5200,243500
2009-01-02,1.5600,1.5600,1.4900,1.5100,44100
2008-12-31,1.4800,1.5900,1.4800,1.5300,222100
2008-12-30,1.5100,1.5800,1.4800,1.4800,34700
2008-12-29,1.5000,1.5500,1.4700,1.4900,44700
2008-12-26,1.3900,1.5200,1.3900,1.5100,16100
2008-12-24,1.5100,1.5100,1.3400,1.3800,24800
2008-12-23,1.4100,1.4700,1.4100,1.4500,41300
2008-12-22,1.4500,1.4500,1.3500,1.4000,57000
2008-12-19,1.4000,1.4800,1.2600,1.4000,167300
2008-12-18,1.4400,1.4400,1.3700,1.4000,69700
2008-12-17,1.4700,1.5600,1.4200,1.4300,86600
2008-12-16,1.7700,1.8500,1.4500,1.5000,116400
2008-12-15,2.0900,2.1000,1.6200,1.6800,72900
2008-12-12,1.5600,2.1800,1.5400,2.1200,111600
2008-12-11,1.7800,1.9200,1.6200,1.6200,40200
2008-12-10,1.8300,1.9500,1.6800,1.8400,182500
2008-12-09,1.8800,2.0000,1.7500,1.7500,204700
2008-12-08,1.3500,2.0500,1.2600,1.8600,264300
2008-12-05,1.1100,1.5000,1.0900,1.4000,56400
2008-12-04,1.0500,1.1700,1.0500,1.0800,88400
2008-12-03,1.1900,1.2400,1.0000,1.0200,62900
2008-12-02,1.2300,1.2400,0.8600,1.2400,41200
2008-12-01,1.2300,1.2300,0.8300,0.8300,58200
2008-11-28,1.0500,1.1700,1.0500,1.1700,39200
2008-11-26,0.9800,1.0600,0.9800,1.0200,107100
2008-11-25,1.0500,1.0500,0.9600,1.0100,74600
2008-11-24,1.0100,1.0500,0.9400,1.0000,61100
2008-11-21,1.1000,1.2400,0.8200,1.0000,110300
2008-11-20,1.2600,1.2800,1.0300,1.0400,140400
2008-11-19,1.9100,1.9900,1.0700,1.0700,81500
2008-11-18,2.5200,2.5200,1.8660,1.9800,93800
2008-11-17,2.5200,2.7700,2.4700,2.5000,276000
2008-11-14,3.0300,3.2100,2.5500,2.5500,45900
2008-11-13,3.0300,3.2000,2.6700,3.1100,124700
2008-11-12,3.3500,3.4500,3.0300,3.0500,89300
2008-11-11,3.6300,3.7600,3.4000,3.4000,38600
2008-11-10,4.0000,4.1000,3.6000,3.6700,31000
2008-11-07,3.7400,3.8600,3.5700,3.8600,51100
2008-11-06,3.7400,3.9100,3.6700,3.6900,34800
2008-11-05,3.9400,4.1500,3.7400,3.7600,92300
2008-11-04,3.9800,4.3800,3.9100,4.0000,155100
2008-11-03,3.8200,4.1800,3.7400,3.8200,150500
2008-10-31,3.4900,3.9000,3.3700,3.8000,49800
2008-10-30,3.2400,3.4800,3.0700,3.4700,33200
2008-10-29,3.4100,3.4100,2.9400,3.1200,56200
2008-10-28,3.3300,3.4400,2.9000,3.3600,77900
2008-10-27,3.0500,3.5500,3.0000,3.1500,67700
2008-10-24,3.7100,3.9900,3.0900,3.1000,108000
2008-10-23,3.4700,3.8400,3.0700,3.3600,71700
2008-10-22,3.7500,4.4700,3.3700,3.3800,67000
2008-10-21,4.0000,4.0300,3.7500,3.8400,56500
2008-10-20,4.0900,4.5500,3.7000,4.2100,56400
2008-10-17,4.5600,4.9000,4.0300,4.0400,85100
2008-10-16,4.9600,5.0000,3.5400,4.7900,155800
2008-10-15,4.1500,5.0099,3.6000,3.6000,36500
2008-10-14,4.9500,5.3600,3.7500,4.2000,42200
2008-10-13,4.2400,4.7500,4.0100,4.7500,46200
2008-10-10,3.7300,4.8000,3.0000,3.7700,108500
2008-10-09,4.5300,4.5300,3.7500,3.7600,68600
2008-10-08,4.1100,4.9500,4.0800,4.4100,78900
2008-10-07,4.5320,5.2300,4.2100,4.2100,58200
2008-10-06,4.6400,5.0200,4.5000,4.9900,90200
2008-10-03,5.2100,5.7100,4.7500,4.7800,66800
2008-10-02,5.4000,5.5200,5.0800,5.1100,33000
2008-10-01,5.9000,6.2900,5.5000,5.5200,40200
2008-09-30,5.5000,6.4500,5.5000,5.9900,95400
2008-09-29,6.0300,6.5000,5.0000,5.2600,62500
2008-09-26,5.9800,6.2000,5.6300,6.1300,60700
2008-09-25,6.0600,6.2300,5.9600,5.9600,61500
2008-09-24,5.9700,6.4500,5.7800,5.8700,59800
2008-09-23,6.4400,6.5000,5.8200,5.9700,88200
2008-09-22,6.0400,6.4300,6.0400,6.0800,34400
2008-09-19,6.2500,6.4500,5.8300,6.0100,270400
2008-09-18,5.7200,6.3400,5.5900,5.9000,338000
2008-09-17,5.4900,5.7800,5.2600,5.5800,68100
2008-09-16,5.5800,5.6500,5.3200,5.5400,62500
2008-09-15,5.4000,5.7400,5.4000,5.4700,39300
2008-09-12,5.6900,6.0000,5.5300,5.5500,277000
2008-09-11,5.4000,6.0900,5.2000,5.7400,241100
2008-09-10,5.4900,5.8000,5.4400,5.4700,52300
2008-09-09,5.8600,5.9300,5.3800,5.3800,63300
2008-09-08,5.2200,6.3400,5.1100,5.8300,106700
2008-09-05,5.1700,5.3000,4.9300,5.0900,50200
2008-09-04,5.2500,5.2900,5.0800,5.1700,36300
2008-09-03,4.9500,5.3100,4.9300,5.2900,27600
2008-09-02,5.2200,5.3700,4.9400,4.9700,29100
2008-08-29,5.3000,5.3000,4.9700,5.0700,68300
2008-08-28,5.4100,5.6000,5.0400,5.3100,79800
2008-08-27,5.1100,5.4100,5.1100,5.3800,20900
2008-08-26,4.8300,5.1500,4.8101,5.1200,30300
2008-08-25,5.0700,5.2400,4.8400,4.8400,54300
2008-08-22,5.0300,5.2399,5.0300,5.1100,17600
2008-08-21,4.9600,5.4300,4.8000,5.0000,41600
2008-08-20,5.0000,5.1800,4.9100,4.9700,74800
2008-08-19,5.4100,5.4800,5.0500,5.0600,70900
2008-08-18,5.6900,5.6900,5.4201,5.4700,83700
2008-08-15,6.1300,6.3900,5.5800,5.6700,123600
2008-08-14,5.4700,6.2000,5.2900,6.0000,156300
2008-08-13,5.2300,5.5800,5.1900,5.4900,64600
2008-08-12,5.3900,5.6000,5.0400,5.2600,88300
2008-08-11,5.0000,5.8300,4.9100,5.4100,114400
2008-08-08,4.9200,5.1600,4.7600,5.0000,120800
2008-08-07,4.7500,5.0200,4.6500,4.8900,77000
2008-08-06,4.4600,5.0000,4.2200,4.8100,110500
2008-08-05,4.2300,4.4800,4.1900,4.4600,91100
2008-08-04,4.4100,4.4100,4.1700,4.1700,127400
2008-08-01,4.4300,4.6400,4.2000,4.5300,80500
2008-07-31,4.6900,4.8400,4.2900,4.3700,178900
2008-07-30,4.7600,4.8700,4.6900,4.8300,58900
2008-07-29,4.6700,4.9300,4.5800,4.6900,107100
2008-07-28,4.9100,4.9100,4.4600,4.5900,99300
2008-07-25,4.6700,4.9400,4.4900,4.9300,119100
2008-07-24,4.7300,4.7300,4.5900,4.6100,36800
2008-07-23,4.9700,4.9700,4.4650,4.7100,75200
2008-07-22,4.6600,4.9600,4.5600,4.9300,66200
2008-07-21,4.5800,4.7600,4.5500,4.6900,24400
2008-07-18,4.6500,4.7500,4.4300,4.5400,78300
2008-07-17,4.7700,4.8900,4.5100,4.7500,62100
2008-07-16,4.3100,4.7000,4.2700,4.7000,119300
2008-07-15,4.1800,4.5500,4.0000,4.2800,77400
2008-07-14,4.2900,4.8000,4.1700,4.2700,183100
2008-07-11,4.2900,4.2900,3.8550,4.1500,188300
2008-07-10,4.7400,4.7400,4.2800,4.3400,81100
2008-07-09,5.0800,5.0800,4.6900,4.7000,70400
2008-07-08,4.5200,5.1200,4.3200,5.1000,119800
2008-07-07,4.9200,4.9200,4.4200,4.5300,194000
2008-07-03,4.9500,4.9820,4.8100,4.8400,57500
2008-07-02,5.0800,5.2104,4.8900,4.9300,177700
2008-07-01,5.2100,5.2500,5.0600,5.1200,117900
2008-06-30,5.8500,5.9000,5.0500,5.3100,241400
2008-06-27,6.0000,6.0600,5.7837,5.7900,424600
2008-06-26,6.1600,6.2200,5.6601,6.0300,36100
2008-06-25,5.9000,6.2600,5.7000,6.1900,190300
2008-06-24,6.3100,6.3100,5.8900,5.9100,96200
2008-06-23,6.5300,6.5300,6.0800,6.2400,88300
2008-06-20,6.4900,6.7000,6.4000,6.4600,106800
2008-06-19,6.6100,6.6100,6.4800,6.4900,88600
2008-06-18,6.6500,6.8400,6.5600,6.6100,47500
2008-06-17,6.8300,6.9200,6.6800,6.6900,64700
2008-06-16,6.7700,6.8500,6.7000,6.8100,49300
2008-06-13,6.8100,7.0000,6.6900,6.8600,54200
2008-06-12,6.8400,7.0500,6.6700,6.7600,139700
2008-06-11,6.7900,7.0200,6.7300,6.7900,175200
2008-06-10,6.8700,6.9300,6.6800,6.8200,74200
2008-06-09,7.0900,7.1800,6.8100,6.9400,76100
2008-06-06,7.0600,7.2200,6.9200,7.0000,188700
2008-06-05,7.0000,7.2500,7.0000,7.1400,72400
2008-06-04,7.3000,7.4100,6.9900,7.0000,170500
2008-06-03,7.1700,7.6400,7.1700,7.3600,145200
2008-06-02,7.2900,7.3900,6.9700,7.1100,66600
2008-05-30,7.4000,7.4300,7.1000,7.3200,96300
2008-05-29,7.2300,7.4100,7.2000,7.3800,70600
2008-05-28,7.4500,7.4500,7.1900,7.2400,56400
2008-05-27,7.0000,7.4300,7.0000,7.3800,51900
2008-05-23,7.1400,7.4800,6.9700,6.9900,144400
2008-05-22,7.3500,7.4900,7.0000,7.1500,241000
2008-05-21,7.3100,7.3700,7.1700,7.3500,170500
2008-05-20,7.2300,7.4700,7.0700,7.3000,134500
2008-05-19,7.6000,7.6200,7.1600,7.2900,156200
2008-05-16,7.5500,7.5700,7.3800,7.4800,96500
2008-05-15,7.3300,7.4400,7.2200,7.4300,153600
2008-05-14,7.0200,7.4600,7.0200,7.3400,186500
2008-05-13,7.0500,7.1500,7.0200,7.0200,94900
2008-05-12,6.7800,7.1000,6.7800,6.9900,116000
2008-05-09,6.5500,6.7400,6.5100,6.7400,29500
2008-05-08,6.6000,6.7700,6.5100,6.5400,58600
2008-05-07,6.7800,6.9800,6.6100,6.6300,72900
2008-05-06,6.8400,7.0600,6.6500,6.7600,169000
2008-05-05,7.0000,7.0500,6.7500,6.8000,177500
2008-05-02,7.2800,7.2800,6.9500,6.9600,174500
2008-05-01,6.6700,7.1000,6.6200,7.0500,151900
2008-04-30,6.7600,6.9700,6.5500,6.5900,113500
2008-04-29,6.9700,7.2500,6.7500,6.7600,92300
2008-04-28,7.0000,7.2500,6.8500,6.9600,164300
2008-04-25,6.8200,7.1100,6.8000,7.0000,226800
2008-04-24,6.9400,7.1600,6.9200,7.0500,155000
2008-04-23,7.2100,7.3500,6.9000,7.0000,108800
2008-04-22,7.3500,7.3500,7.0400,7.1900,191900
2008-04-21,7.6000,7.6000,7.4000,7.4600,135100
2008-04-18,7.4400,7.6700,7.2900,7.6500,211700
2008-04-17,7.0300,7.3500,7.0300,7.2900,207900
2008-04-16,7.0000,7.1600,6.8000,7.0400,81400
2008-04-15,7.0300,7.1100,6.8500,6.9600,35800
2008-04-14,7.0400,7.0600,6.9540,7.0000,26000
2008-04-11,7.4100,7.4100,6.9900,7.0100,99100
2008-04-10,7.2700,7.5900,7.1900,7.4900,67400
2008-04-09,7.0000,7.4500,7.0000,7.2600,160200
2008-04-08,6.9300,7.0400,6.7100,7.0200,198700
2008-04-07,7.1300,7.1400,6.9600,6.9600,68100
2008-04-04,7.2800,7.6400,7.0900,7.0900,79200
2008-04-03,7.1700,7.4400,7.1300,7.2900,48800
2008-04-02,7.7300,7.7300,7.1900,7.2200,109200
2008-04-01,7.3100,7.6200,7.0500,7.5800,94100
2008-03-31,7.0000,7.3800,6.9100,7.2600,117900
2008-03-28,7.4500,7.4500,6.9500,6.9600,146600
2008-03-27,7.3900,7.4400,7.2500,7.4200,142200
2008-03-26,7.3700,7.4000,7.2100,7.4000,119000
2008-03-25,7.4600,7.5300,7.2000,7.4000,179700
2008-03-24,7.3600,7.6000,7.2500,7.4600,262000
2008-03-20,7.1800,7.4600,6.7900,7.3300,306100
2008-03-19,7.1100,7.3100,6.8000,6.8100,55700
2008-03-18,6.8700,7.1700,6.7100,7.1500,167300
2008-03-17,6.9500,6.9501,6.6400,6.7200,101400
2008-03-14,7.1200,7.1200,6.7260,6.8700,120600
2008-03-13,6.7600,7.1000,6.6500,7.0700,61300
2008-03-12,6.8200,7.1000,6.7100,6.8100,107200
2008-03-11,6.6100,6.8500,6.3800,6.8400,104100
2008-03-10,6.6200,6.6200,6.3900,6.4200,206100
2008-03-07,6.4500,6.6200,6.3900,6.5600,130900
2008-03-06,6.5800,6.6400,6.3800,6.3800,217300
2008-03-05,6.6400,6.9300,6.6000,6.6300,97100
2008-03-04,6.3700,6.6200,6.3300,6.5500,241900
2008-03-03,6.7200,6.8100,6.3900,6.4100,199900
2008-02-29,7.0200,7.0700,6.6000,6.6300,153200
2008-02-28,6.8300,7.2300,6.8300,7.0700,215500
2008-02-27,6.6200,7.0300,6.6150,6.9200,150100
2008-02-26,6.5000,6.7500,6.5000,6.7000,135900
2008-02-25,6.4300,6.5950,6.3600,6.5200,373500
2008-02-22,6.9300,6.9400,6.3500,6.4500,379300
2008-02-21,7.4500,8.0200,6.8700,6.9000,302500
2008-02-20,6.8300,7.1900,6.8300,7.1000,308700
2008-02-19,6.6200,7.0500,6.6200,6.9800,163500
2008-02-15,6.6200,6.6794,6.3700,6.5700,259700
2008-02-14,6.9700,7.2100,6.6500,6.7000,286800
2008-02-13,7.2000,7.2700,6.8100,6.8700,266700
2008-02-12,7.2100,7.3700,6.9900,7.0000,131200
2008-02-11,7.1100,7.3300,6.7400,7.1900,404000
2008-02-08,7.4400,7.6900,7.2700,7.3400,201000
2008-02-07,7.6000,7.8400,7.4000,7.4600,115000
2008-02-06,7.5100,7.8700,7.4600,7.6100,185300
2008-02-05,7.8000,8.0000,7.3900,7.4300,200300
2008-02-04,8.1700,8.1800,7.7600,7.9700,338100
2008-02-01,8.0700,8.1700,7.6500,8.1400,373400
2008-01-31,7.0600,8.1300,6.6700,8.0000,518700
2008-01-30,6.7400,7.4900,6.6800,7.2000,878300
2008-01-29,6.7000,7.0000,6.4000,6.6000,411600
2008-01-28,6.5000,6.7000,6.4200,6.6600,124100
2008-01-25,6.7000,6.8900,6.4000,6.5000,215900
2008-01-24,6.4000,6.6500,6.1300,6.5900,604100
2008-01-23,6.0100,6.4700,5.9025,6.3500,338700
2008-01-22,5.9000,6.3500,5.7200,6.0300,257300
2008-01-18,5.9700,6.2300,5.8500,6.0000,138600
2008-01-17,6.4200,6.5200,5.9200,5.9700,242600
2008-01-16,6.0100,6.4700,5.9900,6.3800,175600
2008-01-15,6.1800,6.2800,6.0400,6.0600,62900
2008-01-14,6.2000,6.2900,6.0400,6.2800,175300
2008-01-11,6.2100,6.2200,6.0000,6.1100,230800
2008-01-10,6.0200,6.5300,6.0200,6.2800,370800
2008-01-09,6.4300,6.5100,5.9900,6.1400,243300
2008-01-08,6.6600,6.8700,6.3800,6.4600,261200
2008-01-07,6.4100,6.8200,6.3000,6.6200,302300
2008-01-04,6.4900,6.6100,6.3500,6.3600,331900
2008-01-03,7.0200,7.2100,6.5000,6.5000,224400
2008-01-02,7.2400,7.6690,6.9300,7.0300,221000
2007-12-31,7.1400,7.4900,7.1400,7.2200,332700
2007-12-28,7.6100,8.1000,7.0900,7.1400,375400
2007-12-27,8.2000,8.4200,7.4200,7.5100,225600
2007-12-26,8.1600,8.4550,8.1200,8.1900,189000
2007-12-24,8.2400,8.4300,8.1100,8.2600,109800
2007-12-21,7.9000,8.3000,7.8950,8.2100,306000
2007-12-20,7.5100,7.7600,7.4800,7.7400,220500
2007-12-19,7.5000,7.6300,7.4700,7.4700,152400
2007-12-18,7.6400,7.7700,7.4400,7.5400,261500
2007-12-17,7.6400,8.2320,7.5300,7.5300,174100
2007-12-14,8.1800,8.4700,7.6500,7.6700,156200
2007-12-13,8.0400,8.7500,8.0400,8.3000,156500
2007-12-12,8.6600,8.8400,7.8400,8.0900,177400
2007-12-11,8.4400,8.7000,7.8700,7.9000,233200
2007-12-10,8.1800,8.7400,8.1400,8.3600,474200
2007-12-07,8.0400,8.4000,7.6800,8.0500,837300
2007-12-06,6.9800,8.0100,6.9100,8.0000,434400
2007-12-05,6.9700,7.0400,6.7000,6.9700,197300
2007-12-04,6.8900,7.0800,6.8600,6.8800,184000
2007-12-03,6.9200,7.0800,6.6900,6.9400,170100
2007-11-30,6.9300,7.0600,6.8000,6.9200,199000
2007-11-29,7.0300,7.1100,6.8200,6.8800,200700
2007-11-28,6.8700,7.1100,6.7100,7.0300,362400
2007-11-27,7.0100,7.0500,6.7200,6.8000,394100
2007-11-26,7.1100,7.1180,6.7000,6.9800,384600
2007-11-23,7.0400,7.1600,6.9100,7.1300,110200
2007-11-21,6.8400,7.0900,6.6700,7.0100,215700
2007-11-20,7.0700,7.0700,6.7100,6.8900,533600
2007-11-19,7.1500,7.1700,7.0000,7.0900,509600
2007-11-16,6.8900,7.2800,6.6900,7.2300,553100
2007-11-15,6.8500,7.0100,6.7100,6.8700,707300
2007-11-14,6.7700,7.1800,6.5500,6.8800,711200
2007-11-13,6.6500,6.8999,6.4600,6.7500,597000
2007-11-12,6.4100,6.5300,6.4000,6.4600,382100
2007-11-09,6.5800,6.5800,6.2800,6.4400,419400
2007-11-08,6.6000,6.6400,6.2000,6.6000,554600
2007-11-07,6.7300,6.8400,6.5700,6.5700,541600
2007-11-06,6.8500,6.9300,6.7600,6.8400,507600
2007-11-05,7.0300,7.1100,6.8200,6.8500,622900
2007-11-02,7.0700,7.1500,6.7000,7.1500,593700
2007-11-01,7.1700,7.2000,6.9300,7.0300,468300
2007-10-31,7.6800,7.7400,6.8100,7.2500,1852800
2007-10-30,8.5100,8.5100,7.5200,7.6300,877000
2007-10-29,8.9400,9.0900,8.6200,8.6700,618600
2007-10-26,9.8800,9.8800,8.6900,8.9300,446600
2007-10-25,9.7500,9.8600,9.5300,9.8000,240400
2007-10-24,9.6900,9.7500,9.5000,9.6600,253700
2007-10-23,9.7300,9.8100,9.5500,9.7600,127800
2007-10-22,9.3800,9.7600,9.2500,9.6300,122800
2007-10-19,9.6900,9.6900,9.3500,9.4600,132300
2007-10-18,9.8700,9.8700,9.5200,9.7100,126700
2007-10-17,9.8800,9.9700,9.6300,9.8400,149900
2007-10-16,10.1000,10.1000,9.7400,9.7700,192900
2007-10-15,10.4100,10.4268,9.9500,10.1200,300600
2007-10-12,10.4000,10.5200,10.2500,10.4300,77600
2007-10-11,10.6800,10.6800,10.3700,10.4000,131000
2007-10-10,10.5800,10.7500,10.5800,10.6000,108500
2007-10-09,10.8000,10.8720,10.5000,10.6000,181800
2007-10-08,11.2800,11.2800,10.6500,10.7800,208700
2007-10-05,11.1600,11.4400,11.0800,11.2300,119000
2007-10-04,11.0400,11.2900,10.8500,11.0500,153300
2007-10-03,10.7800,11.2500,10.5900,11.0100,187700
2007-10-02,10.7800,10.9900,10.6100,10.8200,146300
2007-10-01,10.7600,10.9500,10.6000,10.8100,368500
2007-09-28,10.8400,10.9000,10.6800,10.7800,246400
2007-09-27,10.7300,10.8900,10.6700,10.8700,153500
2007-09-26,10.7600,10.9000,10.6100,10.7000,212300
2007-09-25,11.1800,11.1800,10.7000,10.7500,392400
2007-09-24,11.2700,11.3300,10.9800,11.3300,348200
2007-09-21,11.1300,11.3700,11.0100,11.2600,524000
2007-09-20,11.1900,11.4000,10.9000,11.0100,102000
2007-09-19,11.2900,11.6300,11.1780,11.2100,214200
2007-09-18,11.0400,11.4500,11.0400,11.2200,222400
2007-09-17,11.1600,11.2200,10.9400,10.9900,360800
2007-09-14,11.1600,11.2500,10.7400,11.1700,226300
2007-09-13,11.4000,11.5700,11.1500,11.1900,315300
2007-09-12,11.5800,11.6100,11.2700,11.3100,215000
2007-09-11,11.8200,12.2800,11.4300,11.6000,294100
2007-09-10,12.5000,12.6000,11.7600,11.7900,354600
2007-09-07,12.5400,12.5700,12.4000,12.4700,163500
2007-09-06,12.6700,12.8200,12.5000,12.6900,118400
2007-09-05,12.7900,13.0000,12.5400,12.6500,149600
2007-09-04,13.0300,13.1700,12.7200,12.9000,228900
2007-08-31,12.8300,13.2400,12.6500,13.1000,269200
2007-08-30,12.6300,12.8800,12.5100,12.6700,107600
2007-08-29,12.7200,12.8400,12.4500,12.7700,242000
2007-08-28,12.8600,12.9300,12.5600,12.6700,206700
2007-08-27,13.3700,13.5300,12.9100,12.9400,264500
2007-08-24,13.3200,13.8400,13.3200,13.4400,103000
2007-08-23,13.4500,13.5400,13.1801,13.3300,320700
2007-08-22,13.4000,13.6900,13.1600,13.4100,126500
2007-08-21,13.2700,13.6400,13.2700,13.3000,153900
2007-08-20,13.5100,13.9500,13.3000,13.3600,228300
2007-08-17,14.3400,14.6600,13.4500,13.4800,393000
2007-08-16,12.9300,14.1200,12.5400,13.9300,443300
2007-08-15,13.2200,13.4200,12.8900,13.0000,206900
2007-08-14,14.1400,14.3100,13.2100,13.2600,208000
2007-08-13,14.2400,14.7400,13.7900,14.1500,343900
2007-08-10,13.3000,14.4600,12.9100,14.2000,354800
2007-08-09,13.5400,13.5600,12.7600,13.4300,684700
2007-08-08,13.4600,13.7400,13.1300,13.7300,649900
2007-08-07,13.9200,13.9200,12.9500,13.4300,319600
2007-08-06,13.8900,13.9700,13.5000,13.9400,315900
2007-08-03,14.0600,14.1400,13.8100,13.8400,352200
2007-08-02,14.7000,14.8100,13.9800,14.0400,488000
2007-08-01,14.6500,15.0800,14.4200,14.6900,419400
2007-07-31,14.5300,14.9900,14.3100,14.6600,388000
2007-07-30,15.1900,15.4500,15.0600,15.1400,478900
2007-07-27,14.6200,15.8600,14.3800,15.2400,638000
2007-07-26,15.2300,15.2800,14.6000,14.8000,275700
2007-07-25,15.1200,15.6000,15.0400,15.4500,301800
2007-07-24,15.7700,15.8300,14.9400,15.0400,306700
2007-07-23,15.8000,16.1000,15.7500,15.7800,133400
2007-07-20,16.0600,16.1400,15.7400,15.7800,349100
2007-07-19,16.1900,16.2600,16.0700,16.1000,131900
2007-07-18,16.2000,16.3000,16.0100,16.1500,130500
2007-07-17,16.3700,16.4900,16.2000,16.2600,147500
2007-07-16,16.3500,16.5100,16.2600,16.3500,55700
2007-07-13,16.4000,16.5600,16.3200,16.4200,107300
2007-07-12,16.4600,16.5000,16.3200,16.4800,100300
2007-07-11,16.3000,16.4700,16.2500,16.3900,101500
2007-07-10,16.1600,16.4700,16.1100,16.3300,346200
2007-07-09,16.3600,16.3600,16.1600,16.2600,104900
2007-07-06,16.3300,16.3700,16.1800,16.3500,75500
2007-07-05,16.3600,16.4700,16.1600,16.3400,87300
2007-07-03,16.3600,16.4900,16.3000,16.4100,66900
2007-07-02,16.1700,16.4800,16.1700,16.3600,116400
2007-06-29,16.5200,16.5700,15.9980,16.0600,118600
2007-06-28,16.2200,16.6500,16.0600,16.4500,145100
2007-06-27,16.1400,16.2400,16.0100,16.2100,113300
2007-06-26,16.2400,16.3600,16.1300,16.2000,131100
2007-06-25,16.0900,16.4200,16.0900,16.1800,312600
2007-06-22,16.1600,16.2800,15.8100,16.0900,646600
2007-06-21,16.3700,16.6800,16.1800,16.2300,327100
2007-06-20,16.3000,16.4700,16.2200,16.3900,234800
2007-06-19,16.2800,16.4500,16.1300,16.3000,327300
2007-06-18,16.7800,16.8800,16.1900,16.2900,153000
2007-06-15,16.8600,16.9600,16.7000,16.7900,159800
2007-06-14,16.4400,16.6700,16.4000,16.5900,81800
2007-06-13,16.3200,16.5500,16.2000,16.3800,156300
2007-06-12,16.3500,16.4400,16.2000,16.2500,198800
2007-06-11,16.6700,16.7000,16.2900,16.3600,120300
2007-06-08,16.3900,16.7500,16.3900,16.7300,108800
2007-06-07,16.4600,16.4900,16.3200,16.4000,139400
2007-06-06,16.6900,16.7500,16.3500,16.5100,138700
2007-06-05,16.8500,16.9400,16.6900,16.7800,125800
2007-06-04,16.8900,17.0600,16.7380,16.9500,184400
2007-06-01,16.6900,17.3400,16.6900,16.9800,324700
2007-05-31,17.0500,17.0500,16.4800,16.6700,182900
2007-05-30,16.3800,17.0300,16.3300,17.0200,281200
2007-05-29,16.3900,16.5100,16.2400,16.4900,207500
2007-05-25,16.1000,16.3200,16.0200,16.2800,136700
2007-05-24,16.2500,16.5800,16.1400,16.1900,226400
2007-05-23,16.4500,16.6000,16.2600,16.2900,115100
2007-05-22,16.3500,16.5900,16.3000,16.4800,193100
2007-05-21,16.0200,16.5000,15.9600,16.4500,166900
2007-05-18,16.2900,16.3000,15.7800,16.0400,252900
2007-05-17,16.0400,16.3400,16.0400,16.2700,265200
2007-05-16,16.1800,16.2100,16.0000,16.1300,286700
2007-05-15,16.1200,16.3700,15.9900,16.1000,137100
2007-05-14,16.1800,16.2100,16.0400,16.1000,136000
2007-05-11,16.1000,16.3900,15.8200,16.1700,161100
2007-05-10,16.3100,16.5000,15.9000,15.9400,172900
2007-05-09,16.0200,16.5400,15.9900,16.4200,179400
2007-05-08,16.1000,16.1200,15.8100,16.1200,231800
2007-05-07,16.1000,16.2100,15.9000,15.9100,247200
2007-05-04,16.1600,16.1600,15.8300,16.0800,276400
2007-05-03,15.9650,16.1200,15.8300,16.0400,265000
2007-05-02,16.2900,16.2900,15.9200,15.9600,310900
2007-05-01,16.1000,16.3200,15.8700,16.2200,290800
2007-04-30,16.2500,16.3800,15.9700,16.1300,481800
2007-04-27,16.5000,16.5200,16.2150,16.2500,291700
2007-04-26,16.5000,16.8400,16.2500,16.5200,912000
2007-04-25,17.2200,17.5300,17.1600,17.2700,243700
2007-04-24,17.3700,17.3700,16.9500,17.2200,94300
2007-04-23,17.4000,17.4300,17.1500,17.2100,90400
2007-04-20,17.1500,17.4100,16.9400,17.4000,181600
2007-04-19,16.5000,17.0000,16.5000,16.9600,184100
2007-04-18,16.7700,16.9900,16.5300,16.5300,297100
2007-04-17,17.0700,17.2400,16.9500,16.9800,193200
2007-04-16,16.8900,17.0200,16.8100,17.0100,163000
2007-04-13,17.0600,17.0700,16.6200,16.8500,147800
2007-04-12,16.6200,17.1100,16.5100,17.1000,77800
2007-04-11,16.8300,16.8300,16.4500,16.6400,118900
2007-04-10,16.6800,16.9000,16.4900,16.8300,122500
2007-04-09,16.6300,16.9100,16.5000,16.6900,237800
2007-04-05,16.7900,16.9900,16.5000,16.5500,159300
2007-04-04,16.6800,16.8400,16.5600,16.8300,106800
2007-04-03,16.8500,17.2100,16.7100,16.7200,315800
2007-04-02,16.0700,16.8500,16.0700,16.7900,407000
2007-03-30,16.5200,16.6100,16.0000,16.0700,258200
2007-03-29,16.6700,16.7400,16.4400,16.5100,148600
2007-03-28,16.8700,16.9100,16.4000,16.5500,440700
2007-03-27,17.3300,17.4500,16.8500,16.9500,262900
2007-03-26,17.6300,17.6900,17.2700,17.4200,99300
2007-03-23,17.5900,17.7700,17.4400,17.6600,180800
2007-03-22,17.5300,17.7500,17.3700,17.6000,184700
2007-03-21,17.2100,17.5600,17.1300,17.4400,161700
2007-03-20,17.3000,17.4000,17.1100,17.1700,123300
2007-03-19,17.1500,17.3500,16.8000,17.2900,165000
2007-03-16,16.6300,17.0900,16.5400,17.0300,254600
2007-03-15,16.5300,16.7100,16.4400,16.6400,192200
2007-03-14,16.2500,16.6700,16.1100,16.5200,359200
2007-03-13,17.0000,17.1000,16.1600,16.1900,725600
2007-03-12,17.7400,17.7400,17.1000,17.1500,325200
2007-03-09,17.8400,17.8800,17.5400,17.7200,111800
2007-03-08,17.7100,17.9600,17.5800,17.6700,83100
2007-03-07,17.8700,17.8750,17.4800,17.5000,182300
2007-03-06,17.5600,17.8000,17.4401,17.6600,217400
2007-03-05,17.8800,17.9700,17.3600,17.4500,235100
2007-03-02,17.8000,17.9400,17.6400,17.7100,291800
2007-03-01,17.9800,18.0900,17.7500,17.9200,276100
2007-02-28,18.0100,18.4500,18.0000,18.0200,272400
2007-02-27,18.2400,18.2500,17.8500,18.0000,491100
2007-02-26,18.6500,18.6800,18.2300,18.4700,385800
2007-02-23,17.8500,18.6900,17.1500,18.2400,794600
2007-02-22,19.3700,19.4800,18.4900,18.4900,396300
2007-02-21,19.5200,19.8800,19.2500,19.2600,224300
2007-02-20,18.9000,19.5200,18.8500,19.5000,176700
2007-02-16,18.9700,18.9900,18.4300,18.8000,154800
2007-02-15,18.7200,19.1100,18.7100,18.9300,234200
2007-02-14,18.6200,18.7500,18.5200,18.6600,165100
2007-02-13,18.5500,18.7500,18.5400,18.6400,165400
2007-02-12,18.5800,18.7000,18.5000,18.5700,80700
2007-02-09,18.5600,18.6199,18.4500,18.5800,54100
2007-02-08,18.6500,18.7500,18.5000,18.5900,74300
2007-02-07,18.7000,18.9400,18.6600,18.8100,54400
2007-02-06,18.6000,18.8800,18.4890,18.7100,173000
2007-02-05,19.0300,19.1500,18.5700,19.0400,126000
2007-02-02,18.2400,19.0700,18.1000,18.9400,197500
2007-02-01,18.1600,18.3500,18.0700,18.2100,149400
2007-01-31,17.6900,18.1600,17.6900,18.1400,168400
2007-01-30,17.7300,17.8500,17.5500,17.7100,146200
2007-01-29,17.7000,17.7500,17.5600,17.7100,68100
2007-01-26,17.5000,17.8500,17.4700,17.7700,66600
2007-01-25,17.7800,17.7800,17.3300,17.4800,88700
2007-01-24,17.7900,17.8000,17.5000,17.7000,178800
2007-01-23,17.5000,17.8100,17.3000,17.7800,92000
2007-01-22,17.3000,17.4700,17.1800,17.4600,162700
2007-01-19,17.0400,17.5000,17.0200,17.3400,80300
2007-01-18,17.1100,17.3320,17.0000,17.0800,102600
2007-01-17,17.1000,17.4000,17.0900,17.1300,206500
2007-01-16,17.2600,17.4600,17.1200,17.2000,109000
2007-01-12,17.1400,17.2500,16.9100,17.2000,297400
2007-01-11,17.0000,17.3700,16.9700,17.1900,171600
2007-01-10,16.8900,17.0100,16.7503,16.9400,75900
2007-01-09,16.7700,17.0700,16.6100,17.0300,109100
2007-01-08,17.2800,17.2800,16.6000,16.7900,175300
2007-01-05,17.4600,17.6400,17.1700,17.2000,231100
2007-01-04,17.5500,17.7100,17.2000,17.6000,109600
2007-01-03,17.9900,18.0200,17.2000,17.5700,109000
2006-12-29,18.0400,18.0400,17.6900,17.8300,106300
2006-12-28,17.9000,18.0900,17.6600,18.0000,63900
2006-12-27,17.5400,17.9400,17.4800,17.9200,76100
2006-12-26,17.0300,17.4900,17.0300,17.4800,71300
2006-12-22,17.0600,17.0700,16.8375,17.0100,79300
2006-12-21,17.3500,17.4000,16.8500,17.0300,131100
2006-12-20,17.6500,17.8900,17.3100,17.3700,162200
2006-12-19,17.7600,17.7600,17.3000,17.5700,107800
2006-12-18,17.9200,18.0200,17.7200,17.7800,174700
2006-12-15,17.6200,18.0500,17.5600,17.8200,197200
2006-12-14,17.4300,17.7100,17.4300,17.6000,101600
2006-12-13,17.6200,17.7500,17.3001,17.4200,140700
2006-12-12,17.6200,17.8600,17.2500,17.4900,187400
2006-12-11,17.9500,18.4600,17.6600,17.6700,226400
2006-12-08,18.2400,18.4600,17.7700,17.9300,188300
2006-12-07,18.6400,18.6800,17.9500,17.9700,226300
2006-12-06,18.2200,18.6800,18.1500,18.6000,236900
2006-12-05,17.2300,18.6200,17.2300,18.3400,877700
2006-12-04,16.9800,17.2500,16.7700,16.8700,116000
2006-12-01,16.6300,16.9800,16.6300,16.9200,178700
2006-11-30,16.4500,16.9200,16.4400,16.5999,138400
2006-11-29,16.5000,16.8000,16.3800,16.5200,162400
2006-11-28,16.7100,16.7200,16.3100,16.3900,194500
2006-11-27,16.9400,17.1700,16.6880,16.7900,143200
2006-11-24,16.8800,17.2500,16.8700,16.9900,105100
2006-11-22,16.8800,17.1700,16.8800,16.9500,69400
2006-11-21,16.8800,17.0500,16.8800,16.9600,90500
2006-11-20,16.7000,17.0100,16.7000,16.8900,48600
2006-11-17,16.9600,17.1500,16.6600,16.7000,154300
2006-11-16,17.0700,17.3100,16.9800,17.1100,76300
2006-11-15,16.3200,17.4400,16.3200,17.0000,190900
2006-11-14,16.0600,16.4700,16.0600,16.3200,138900
2006-11-13,16.2000,16.6400,15.8000,16.0200,337400
2006-11-10,16.1600,16.6200,16.1600,16.2600,169700
2006-11-09,16.2000,16.3300,16.0000,16.1900,230400
2006-11-08,15.9700,16.3000,15.7900,16.2000,130500
2006-11-07,15.7600,16.1000,15.5500,16.1000,112600
2006-11-06,15.5900,15.9100,15.5100,15.7900,263600
2006-11-03,15.7100,15.7700,15.3300,15.4700,126800
2006-11-02,15.7000,15.7700,15.4000,15.6900,200100
2006-11-01,15.8500,15.9200,15.5600,15.7800,226800
2006-10-31,15.8200,15.8800,15.3000,15.8200,319300
2006-10-30,15.2000,15.7900,15.0200,15.7600,181800
2006-10-27,14.6900,15.6700,14.1000,15.5200,644800
2006-10-26,15.9000,16.2500,15.8900,16.0000,267600
2006-10-25,15.8100,16.1100,15.5600,16.0100,211400
2006-10-24,15.6500,15.8600,15.5700,15.7400,159600
2006-10-23,16.1400,16.1600,15.6700,15.6700,134700
2006-10-20,16.4600,16.4600,16.1500,16.1900,77900
2006-10-19,16.5000,16.6600,16.3100,16.4000,154100
2006-10-18,16.4400,16.7900,16.3000,16.5000,164900
2006-10-17,17.8500,17.8700,16.3800,16.3800,567400
2006-10-16,16.8600,18.2300,16.7900,17.9200,519900
2006-10-13,16.5000,17.0500,16.3900,16.9000,186000
2006-10-12,16.3200,16.5200,15.9600,16.5000,185900
2006-10-11,16.6900,16.6900,15.9900,16.1800,213300
2006-10-10,15.8300,17.0500,15.6700,16.8200,501900
2006-10-09,15.1800,15.9200,14.8000,15.8300,208000
2006-10-06,15.2800,15.3300,14.9200,15.2600,142100
2006-10-05,15.1100,15.4800,14.6700,15.2700,227800
2006-10-04,14.5200,15.1600,14.3000,15.0500,199500
2006-10-03,14.4200,14.8200,14.2700,14.5300,284600
2006-10-02,15.1800,15.2300,14.4300,14.5700,298500
2006-09-29,15.7100,15.9100,15.2000,15.2300,163600
2006-09-28,15.5100,15.8400,15.4100,15.6600,318600
2006-09-27,15.8300,16.0100,15.4100,15.4400,125700
2006-09-26,16.1400,16.1400,15.7800,15.9300,308300
2006-09-25,15.5800,16.4300,15.4300,16.1600,455700
2006-09-22,15.2300,15.6000,15.0800,15.5900,241400
2006-09-21,15.7800,15.7800,15.3000,15.3100,167100
2006-09-20,16.0500,16.1800,15.6600,15.8000,138300
2006-09-19,16.2300,16.3000,15.5200,15.8900,284700
2006-09-18,16.3100,16.3900,15.9000,16.1700,153300
2006-09-15,16.3400,16.5100,16.1400,16.3900,199200
2006-09-14,16.3500,16.5300,16.0100,16.2700,172500
2006-09-13,16.1600,16.5600,15.8700,16.4800,193700
2006-09-12,15.0900,16.2900,14.9300,16.2000,279900
2006-09-11,14.9900,15.1600,14.9200,15.0500,199100
2006-09-08,15.2400,15.2500,14.9700,15.1100,209900
2006-09-07,15.1600,15.5400,15.1000,15.2400,271000
2006-09-06,15.5800,15.6400,15.1000,15.2000,168700
2006-09-05,15.4900,15.6900,15.4700,15.5500,99300
2006-09-01,15.2600,15.5900,15.0500,15.4400,114700
2006-08-31,15.3200,15.5100,15.0400,15.2000,240100
2006-08-30,15.7100,15.7400,15.1900,15.4500,169300
2006-08-29,15.6200,15.6900,15.1500,15.4100,198700
2006-08-28,15.4500,15.7100,15.3600,15.5400,212300
2006-08-25,15.5100,15.6500,15.1100,15.3900,291700
2006-08-24,15.5400,15.7000,15.4900,15.5900,200800
2006-08-23,16.2300,16.2400,15.4500,15.4500,209900
2006-08-22,16.4600,16.5200,16.0900,16.1750,180200
2006-08-21,16.6200,16.7200,16.2800,16.4300,134500
2006-08-18,16.7800,17.1639,16.1400,16.5700,186700
2006-08-17,16.6600,17.1200,16.6100,16.8000,124800
2006-08-16,16.3200,16.7500,16.1700,16.6700,98100
2006-08-15,16.2500,16.7200,16.0000,16.1700,227200
2006-08-14,16.0200,16.1900,15.9300,16.0200,85700
2006-08-11,15.7300,16.1200,15.7000,15.8800,177700
2006-08-10,15.7300,16.1600,15.3500,16.0900,356000
2006-08-09,16.7600,16.7900,15.6000,15.7200,383900
2006-08-08,16.7100,17.0000,16.4200,16.5800,456800
2006-08-07,16.1900,16.6100,16.0800,16.6100,256600
2006-08-04,16.3700,16.6300,16.1100,16.2800,236700
2006-08-03,15.9500,16.3200,15.9200,16.1600,733300
2006-08-02,16.4600,16.7500,15.9500,15.9900,321500
2006-08-01,17.2200,17.3100,16.2600,16.4100,502400
2006-07-31,17.6400,18.0900,17.3700,17.3700,492600
2006-07-28,18.7700,19.1900,17.6500,17.7100,283300
2006-07-27,18.8900,19.1000,17.7100,17.7200,186200
2006-07-26,19.0500,19.0500,18.6700,18.6700,109500
2006-07-25,18.9300,19.3300,18.7100,19.0300,340500
2006-07-24,18.6400,19.1700,18.6100,18.8300,197300
2006-07-21,18.4000,18.5400,18.0000,18.5100,489100
2006-07-20,18.9100,18.9700,18.3800,18.4300,190500
2006-07-19,18.4800,19.1500,18.4800,18.9000,196800
2006-07-18,19.0300,19.0300,18.2000,18.5400,311700
2006-07-17,19.0900,19.3100,18.6900,18.8800,132400
2006-07-14,18.7100,19.3200,18.2000,19.0800,223000
2006-07-13,18.9800,19.4300,18.7300,18.7400,150800
2006-07-12,19.1600,19.4700,19.0600,19.1000,118800
2006-07-11,18.7500,19.3000,18.6800,19.2400,251000
2006-07-10,18.5600,18.9500,18.4500,18.8300,246100
2006-07-07,19.1600,19.3000,18.4700,18.5100,102500
2006-07-06,19.6000,19.9000,19.0700,19.2300,172300
2006-07-05,20.2900,20.3600,19.8200,19.8200,130400
2006-07-03,20.4000,20.5200,19.8900,20.3500,67700
2006-06-30,19.8100,20.5900,19.4300,20.3600,436100
2006-06-29,19.1800,20.0000,19.1500,19.9600,194200
2006-06-28,19.0200,19.2600,18.6600,19.0400,348000
2006-06-27,18.5800,18.5800,18.0000,18.2900,241300
2006-06-26,18.3700,18.6100,18.2500,18.5400,161700
2006-06-23,18.8300,18.9800,18.1500,18.2400,205600
2006-06-22,18.9400,19.1600,18.4900,18.9000,155800
2006-06-21,18.9200,19.2400,18.3700,18.8900,238500
2006-06-20,18.8200,19.5200,18.8000,19.0100,418900
2006-06-19,20.3000,20.4900,19.3000,19.7200,183800
2006-06-16,19.4400,20.5700,19.4200,20.3000,506600
2006-06-15,18.2100,19.4700,18.1052,19.4300,190800
2006-06-14,17.8200,18.1700,17.4900,18.0000,231200
2006-06-13,18.3700,18.7400,17.7600,17.7900,302100
2006-06-12,18.8400,19.0000,18.3200,18.4800,186600
2006-06-09,19.6700,20.0000,18.9200,19.0800,184700
2006-06-08,20.0000,20.1200,19.3000,19.5200,280700
2006-06-07,20.6100,20.8100,19.8800,20.1000,606500
2006-06-06,20.5800,20.8800,20.0500,20.5000,550800
2006-06-05,21.0400,21.1300,20.3000,20.4400,259700
2006-06-02,21.8000,21.8100,21.0300,21.1600,184300
2006-06-01,20.8400,21.9800,20.8400,21.7000,199200
2006-05-31,20.8800,21.2400,20.2800,20.7600,414300
2006-05-30,20.1300,20.9700,19.7200,20.7600,120200
2006-05-26,20.8700,20.9699,19.6900,20.2600,231300
2006-05-25,20.3000,20.8600,19.7500,20.7300,56900
2006-05-24,19.9900,20.4100,19.5200,20.0200,122700
2006-05-23,20.2300,20.9000,19.8600,19.9600,187300
2006-05-22,19.7200,20.3000,19.4800,19.9900,333200
2006-05-19,20.3200,20.4600,19.5200,19.7500,185000
2006-05-18,20.2000,20.7500,20.1000,20.2300,183500
2006-05-17,20.3200,20.5000,19.9600,20.2500,307600
2006-05-16,21.4400,21.8000,20.2500,20.4700,361100
2006-05-15,21.9000,22.4500,21.1000,21.3100,148300
2006-05-12,22.5700,22.7500,21.9100,22.1700,166900
2006-05-11,23.1400,23.5000,22.5900,22.6900,146200
2006-05-10,23.6800,24.0800,23.1700,23.5000,307200
2006-05-09,23.9400,24.2500,23.4700,23.6700,119700
2006-05-08,23.2500,24.0000,22.7500,23.9200,206300
2006-05-05,22.7200,23.5900,22.7200,23.4000,76500
2006-05-04,22.7700,23.4800,22.4200,22.5500,300300
2006-05-03,21.7800,23.5100,21.7800,22.8000,244600
2006-05-02,22.0500,22.5500,21.4100,21.8600,238200
2006-05-01,21.6300,22.9400,21.6300,21.9300,289100
2006-04-28,21.3000,22.0000,21.0600,21.5500,387300
2006-04-27,23.8800,23.8800,21.2500,21.2500,1022200
2006-04-26,24.0000,24.4200,21.5600,22.3000,643500
2006-04-25,23.8000,24.0000,22.9000,23.0300,121600
2006-04-24,23.7900,23.9600,23.5400,23.6500,112600
2006-04-21,24.3300,24.3300,23.7500,23.8700,44700
2006-04-20,24.7400,24.7400,23.5500,24.1500,93200
2006-04-19,24.8000,24.9400,24.5200,24.6800,52200
2006-04-18,23.8000,24.9400,23.6600,24.7700,151200
2006-04-17,23.4800,23.8000,23.2200,23.6500,122200
2006-04-13,23.1800,23.4000,23.0700,23.1700,91200
2006-04-12,23.1900,23.4100,22.9300,23.2700,41600
2006-04-11,23.2100,23.4600,22.7700,23.1500,121000
2006-04-10,22.4400,23.4100,22.3200,23.0400,119000
2006-04-07,22.7600,23.0200,22.4200,22.5400,36000
2006-04-06,22.4500,22.9700,22.4500,22.7000,111200
2006-04-05,22.4200,22.7700,22.3000,22.5100,102500
2006-04-04,22.5100,22.7600,22.3000,22.4000,80400
2006-04-03,22.6000,22.8620,22.2000,22.5300,102700
2006-03-31,22.8300,22.9500,22.1600,22.7100,109700
2006-03-30,22.7400,23.0000,22.5000,22.8000,107800
2006-03-29,22.8900,23.0500,22.5100,22.6500,49300
2006-03-28,22.6600,23.2000,22.5000,22.7500,54300
2006-03-27,22.7000,22.9800,22.4900,22.7700,49100
2006-03-24,23.4000,23.4000,22.6200,22.6300,24700
2006-03-23,23.1700,23.5000,23.0000,23.3300,40300
2006-03-22,22.6700,23.4300,22.4000,23.2600,69400
2006-03-21,22.7400,23.3000,22.4500,22.7700,50700
2006-03-20,22.6900,22.9800,22.5000,22.8400,35500
2006-03-17,23.1600,23.2500,22.5900,22.8500,135500
2006-03-16,23.7500,23.7500,22.5600,22.9900,99800
2006-03-15,23.1800,23.6900,23.1100,23.6700,84600
2006-03-14,22.3100,23.3800,22.1700,23.2000,92300
2006-03-13,22.8800,23.0800,22.2500,22.4300,141700
2006-03-10,23.7500,23.7500,22.6200,23.0000,159900
2006-03-09,23.9700,24.0200,23.0300,23.2100,85700
2006-03-08,23.9300,24.0000,22.7000,23.9600,113000
2006-03-07,24.3000,24.3900,24.0200,24.0300,162500
2006-03-06,24.3100,24.8850,23.9800,24.4000,93900
2006-03-03,24.5100,24.9500,24.1500,24.2400,98500
2006-03-02,24.2900,24.7600,24.2900,24.6000,170700
2006-03-01,23.8300,24.9100,23.7000,24.3400,144400
2006-02-28,24.6200,25.2800,23.3000,23.7100,163200
2006-02-27,24.0400,25.7600,24.0000,24.6800,248200
2006-02-24,23.4600,24.0800,22.6300,24.0800,260100
2006-02-23,25.2000,25.3000,23.5000,23.5500,79400
2006-02-22,24.0800,24.7400,23.8400,24.2500,77800
2006-02-21,23.9600,24.9100,23.5700,23.9600,119500
2006-02-17,23.1100,24.3100,23.0500,24.1000,174600
2006-02-16,24.5000,25.0500,23.8200,24.5500,73900
2006-02-15,24.1000,24.4600,23.4500,24.4000,21400
2006-02-14,23.7600,24.4264,23.7600,24.1000,117100
2006-02-13,24.7100,24.7100,23.2000,23.8700,64800
2006-02-10,25.4200,25.8000,24.1500,24.7800,58300
2006-02-09,25.1100,26.1800,24.7000,25.3800,124100
2006-02-08,23.9000,25.1500,23.8600,24.8900,157600
2006-02-07,25.7500,25.7500,23.2500,23.8400,164600
2006-02-06,26.0000,26.2100,25.5500,25.8000,212300
2006-02-03,25.6000,25.9900,24.8900,25.2900,121300
2006-02-02,25.6300,26.0000,25.2000,25.7100,126300
2006-02-01,25.0000,25.8800,24.9600,25.5600,225600
2006-01-31,25.0800,25.5000,24.7884,25.0400,146100
2006-01-30,24.7500,25.2000,24.5900,24.9900,232900
2006-01-27,24.8000,25.2000,24.2700,24.4000,91000
2006-01-26,24.2100,25.2200,23.9100,24.8000,216700
2006-01-25,24.0000,24.7900,23.4300,23.8900,210600
2006-01-24,23.0500,23.5000,23.0100,23.4000,241800
2006-01-23,23.4100,23.5700,23.0000,23.1200,137500
2006-01-20,23.7100,23.7100,22.8000,22.9500,154900
2006-01-19,23.6400,23.7600,23.2500,23.3500,137400
2006-01-18,23.5800,23.5800,23.2400,23.4100,118000
2006-01-17,23.9000,23.9000,23.4000,23.5800,92800
2006-01-13,23.2100,23.5300,23.1700,23.4500,75000
2006-01-12,23.0100,23.8500,23.0000,23.1200,155200
2006-01-11,22.4200,23.4600,22.4000,23.3700,282200
2006-01-10,21.8500,22.3500,21.5200,22.3000,127900
2006-01-09,21.7000,22.0100,21.6900,21.9800,96400
2006-01-06,21.6100,21.9500,21.5000,21.8600,43200
2006-01-05,22.0000,22.0000,21.7300,21.7300,45500
2006-01-04,22.0900,22.5700,21.9000,21.9300,182500
2006-01-03,21.0100,22.0800,21.0100,21.9200,142300
2005-12-30,20.8100,21.6300,20.2700,21.3700,163600
2005-12-29,20.9200,21.3500,20.5690,20.7700,52800
2005-12-28,21.0400,21.2100,20.8000,20.9700,35400
2005-12-27,21.6500,21.6500,20.6600,20.9500,62300
2005-12-23,21.7700,21.9500,21.0400,21.6500,32500
2005-12-22,22.3700,22.3700,21.0800,21.9000,90000
2005-12-21,21.6700,22.1900,21.6700,22.0300,81600
2005-12-20,21.7000,22.2500,21.5300,21.7800,84600
2005-12-19,21.9800,22.0000,21.5000,21.9100,136800
2005-12-16,21.2600,22.1700,21.2600,22.0600,373400
2005-12-15,20.7900,21.2100,20.7900,21.2100,92900
2005-12-14,20.2400,20.9900,20.2000,20.9500,341400
2005-12-13,19.6200,20.1900,19.5200,20.1600,194400
2005-12-12,19.6200,19.7900,19.1100,19.7100,166900
2005-12-09,18.8800,19.5100,18.6900,19.4900,65100
2005-12-08,18.6100,19.0000,18.2600,18.9800,131100
2005-12-07,19.2400,19.3800,18.7800,18.7800,143200
2005-12-06,19.6000,19.6000,19.2000,19.2400,207400
2005-12-05,19.3900,19.5500,19.1800,19.3900,240500
2005-12-02,20.4300,20.4300,19.1500,19.3900,396600
2005-12-01,20.2300,20.5000,19.1601,20.4200,128700
2005-11-30,19.6900,20.2400,19.3300,19.9000,198300
2005-11-29,20.0500,20.2500,19.7700,19.8100,550900
2005-11-28,20.0000,20.2500,20.0000,20.1400,370300
2005-11-25,20.0500,20.1500,19.9500,19.9800,12600
2005-11-23,19.9700,20.1000,19.8500,20.0600,129900
2005-11-22,19.0300,19.9900,19.0300,19.8500,220200
2005-11-21,19.1800,19.4000,19.0100,19.1100,198300
2005-11-18,18.5500,19.4200,18.0500,19.3200,263800
2005-11-17,18.2300,18.4900,17.3500,18.3800,293500
2005-11-16,18.6800,18.6800,18.0500,18.0900,123000
2005-11-15,18.5200,18.9400,18.5000,18.5400,122000
2005-11-14,18.9500,19.0500,18.4500,18.6500,103000
2005-11-11,18.1500,18.8500,18.1500,18.7000,124300
2005-11-10,18.1300,18.9700,17.9300,18.2100,172200
2005-11-09,17.5000,18.2500,17.3400,18.0000,137300
2005-11-08,18.7100,18.7100,17.2000,17.8600,368500
2005-11-07,19.4800,19.4800,18.8600,18.9100,93600
2005-11-04,19.8300,19.8300,19.1700,19.2900,148100
2005-11-03,20.2200,20.3300,19.6225,19.7400,266900
2005-11-02,19.4300,20.0000,19.4000,19.8800,285000
2005-11-01,19.6000,19.9100,19.2500,19.5600,306200
2005-10-31,19.6900,19.9600,18.8000,19.5500,219400
2005-10-28,19.8100,20.0400,19.3100,19.5000,203600
2005-10-27,22.4800,22.4800,18.4600,19.5700,446200
2005-10-26,21.5300,21.5500,21.2000,21.4800,177600
2005-10-25,20.9500,21.6500,20.9000,21.5000,286300
2005-10-24,20.0000,21.1000,19.9600,20.8000,128600
2005-10-21,19.9900,21.3099,19.6900,20.7200,141700
2005-10-20,20.4200,21.5400,19.4800,19.5300,128800
2005-10-19,19.5700,20.5500,19.4100,20.3700,198500
2005-10-18,20.2400,20.2400,19.3500,19.7300,82300
2005-10-17,19.4600,20.2000,19.3700,20.1000,106200
2005-10-14,19.0900,19.7500,18.8000,19.4100,242300
2005-10-13,19.0500,19.3200,18.2300,19.0700,150300
2005-10-12,20.1900,20.5900,18.7300,19.1200,326800
2005-10-11,21.1000,21.3800,20.1000,20.4900,153800
2005-10-10,21.7356,21.7700,20.9800,21.1500,126800
2005-10-07,21.3400,21.9700,21.2100,21.6200,126000
2005-10-06,22.0400,22.2000,20.7000,21.1800,251100
2005-10-05,23.4100,23.4200,21.8100,22.1500,288700
2005-10-04,23.1600,23.6000,22.9300,23.3500,670500
2005-10-03,22.9000,23.2300,22.2500,23.0400,345500
2005-09-30,22.6400,22.9900,22.2500,22.3300,752400
2005-09-29,22.9100,23.0000,22.3000,22.5800,125200
2005-09-28,22.9200,23.2400,22.5000,22.8000,129000
2005-09-27,23.0400,23.1000,22.3000,22.4600,101900
2005-09-26,22.7500,23.3000,22.4600,22.9800,224800
2005-09-23,22.6500,22.6500,21.3200,22.3900,184700
2005-09-22,21.7900,22.6700,21.5620,22.5000,181200
2005-09-21,21.5000,22.3500,20.8000,21.4600,92700
2005-09-20,22.2100,22.2100,21.7000,21.8200,81800
2005-09-19,21.5600,22.5000,21.5000,22.1500,110800
2005-09-16,21.9400,21.9500,21.0600,21.8300,85500
2005-09-15,21.0000,21.8700,20.3300,21.6800,127900
2005-09-14,20.5300,21.2000,20.1000,20.9000,82400
2005-09-13,20.5100,20.8000,20.0400,20.5300,99600
2005-09-12,21.8900,22.0000,19.7700,20.7000,184900
2005-09-09,20.9000,21.8900,20.9000,21.2800,91000
2005-09-08,21.3900,21.9100,20.1200,21.0400,179600
2005-09-07,22.0300,22.4000,21.5000,21.5700,198500
2005-09-06,22.4000,22.4300,21.1600,22.3500,204700
2005-09-02,21.7500,22.7000,21.6100,22.0000,347600
2005-09-01,20.7500,21.8390,20.5000,21.5600,648100
2005-08-31,18.8300,20.7500,18.5500,20.3000,825100
2005-08-30,18.8800,19.2300,18.7500,18.7900,85200
2005-08-29,18.6600,19.4800,18.5800,18.8800,277100
2005-08-26,18.9600,18.9600,18.0500,18.2400,108500
2005-08-25,19.3300,19.5400,18.5300,18.8600,59900
2005-08-24,19.4800,19.8350,19.1500,19.3300,97200
2005-08-23,19.2500,19.4000,18.5000,19.2700,101400
2005-08-22,19.3800,19.5000,19.2380,19.3600,274700
2005-08-19,19.2700,19.5300,19.1100,19.4500,70000
2005-08-18,18.9800,19.8000,18.9800,19.4600,73400
2005-08-17,19.1500,19.6000,18.5900,18.9100,92700
2005-08-16,19.4500,19.5100,18.5600,19.1980,133800
2005-08-15,18.3800,19.3200,18.2600,19.1800,139700
2005-08-12,18.1100,18.7500,18.0600,18.4700,65600
2005-08-11,18.9400,19.1500,18.2700,18.9000,63000
2005-08-10,19.0000,19.5000,18.4500,19.0800,90300
2005-08-09,18.4500,19.4500,17.6400,18.9900,165400
2005-08-08,19.4700,19.9500,17.5900,18.5400,208700
2005-08-05,19.8400,19.8400,19.2500,19.6200,184900
2005-08-04,18.8200,20.0000,18.4800,19.8200,242700
2005-08-03,19.7500,19.9500,19.0100,19.5700,209000
2005-08-02,20.5000,20.5200,19.5400,19.7700,415600
2005-08-01,20.0000,20.0800,19.3100,19.8400,220000
2005-07-29,20.1800,20.6000,19.2600,20.0000,287300
2005-07-28,20.9400,21.0000,19.8000,20.1800,1152700
2005-07-27,18.4100,18.9900,17.5900,18.8500,1199700
2005-07-26,17.2000,18.4100,16.9000,17.9000,1347100
2005-07-25,16.6400,16.9300,16.5000,16.6100,217800
2005-07-22,16.6500,16.7000,16.2200,16.6000,220400
2005-07-21,16.6200,16.9000,16.4800,16.5300,199200
2005-07-20,16.2000,16.7500,16.2000,16.6099,271800
2005-07-19,16.4000,16.5000,16.2000,16.2600,985800
2005-07-18,16.1900,16.4000,16.1600,16.3100,359200
2005-07-15,16.2000,16.3500,16.0500,16.2300,220800
2005-07-14,16.4000,16.5000,16.1000,16.1900,173100
2005-07-13,16.2700,16.8000,16.2500,16.3160,245200
2005-07-12,16.1500,16.4900,16.0800,16.3400,390200
2005-07-11,16.3200,16.9900,16.0000,16.2500,414200
2005-07-08,16.0400,16.2000,15.9000,16.2000,106300
2005-07-07,15.7000,16.0000,15.6000,16.0000,251200
2005-07-06,16.0400,16.0500,15.7500,15.8100,135300
2005-07-05,16.2500,16.2500,16.0000,16.0500,336500
2005-07-01,16.3000,16.4000,16.1440,16.2400,148000
2005-06-30,16.0000,16.2500,15.9000,16.2000,479400
2005-06-29,16.0000,16.0800,15.8000,16.0300,230300
2005-06-28,15.2000,15.9900,15.2000,15.9900,521800

