timestamp,open,high,low,close,volume
2024-04-12,1168.8900,1183.7350,1166.5000,1175.6100,118199
2024-04-11,1187.1300,1199.6700,1180.2500,1191.6800,108216
2024-04-10,1200.0000,1211.2600,1177.6100,1181.2300,179076
2024-04-09,1246.4500,1246.4500,1209.5400,1219.0800,112840
2024-04-08,1232.3100,1244.0400,1222.4600,1238.8800,93128
2024-04-05,1221.8900,1243.4000,1221.8900,1231.6500,80237
2024-04-04,1260.6100,1266.8600,1214.8900,1219.8500,111580
2024-04-03,1229.6100,1261.7400,1229.6100,1248.5500,101626
2024-04-02,1233.5800,1247.4600,1224.8100,1247.2900,141657
2024-04-01,1249.6100,1265.7400,1247.9300,1254.3700,121105
2024-03-28,1259.1100,1276.4800,1248.5700,1249.6100,151704
2024-03-27,1292.0000,1307.9800,1255.0200,1258.5100,144687
2024-03-26,1277.1900,1290.1250,1271.3000,1282.4700,137069
2024-03-25,1276.7400,1276.7400,1260.1900,1266.6100,115916
2024-03-22,1280.0000,1286.0000,1264.0950,1276.7400,205626
2024-03-21,1258.7600,1287.4600,1241.4100,1280.0200,135124
2024-03-20,1243.3800,1247.1300,1228.0200,1245.4000,101868
2024-03-19,1216.8200,1239.7300,1210.0000,1235.6300,155265
2024-03-18,1217.9700,1254.9900,1216.3351,1222.7400,176340
2024-03-15,1188.1000,1213.6300,1181.0000,1211.8100,333057
2024-03-14,1251.5200,1258.7700,1192.7500,1202.0000,364200
2024-03-13,1324.2300,1327.5400,1221.3000,1245.8200,353929
2024-03-12,1289.4200,1331.9700,1282.8400,1328.5900,148859
2024-03-11,1288.2900,1294.9600,1262.8600,1282.6800,146848
2024-03-08,1336.3700,1349.7505,1296.0000,1300.4500,135929
2024-03-07,1300.0000,1335.0400,1295.2050,1334.9900,183126
2024-03-06,1278.4200,1290.5000,1268.5600,1288.1100,112713
2024-03-05,1297.3700,1297.3700,1248.0300,1263.6500,181559
2024-03-04,1295.0400,1315.8400,1293.1050,1301.2500,87271
2024-03-01,1266.4800,1297.6300,1263.6450,1295.2000,148503
2024-02-29,1279.3400,1284.2700,1265.2000,1269.9100,163261
2024-02-28,1273.8600,1286.8000,1273.8600,1274.6300,193391
2024-02-27,1280.7800,1288.7500,1271.0200,1276.0300,102227
2024-02-26,1292.9200,1306.2000,1288.2300,1288.2500,180408
2024-02-23,1291.8900,1296.3600,1268.2900,1282.3300,123454
2024-02-22,1277.5200,1290.9200,1267.3800,1288.2600,146160
2024-02-21,1248.9100,1259.3800,1223.8819,1246.5600,151191
2024-02-20,1278.7600,1278.7600,1252.6900,1259.2000,153381
2024-02-16,1295.8800,1304.2300,1280.6000,1282.0600,115327
2024-02-15,1299.6400,1307.4900,1283.2250,1302.7000,143552
2024-02-14,1283.5600,1297.7700,1279.4250,1293.8400,154982
2024-02-13,1269.6800,1289.8800,1257.7800,1269.4800,272961
2024-02-12,1333.9300,1333.9300,1295.0200,1298.3500,159583
2024-02-09,1327.9500,1336.3850,1317.4200,1323.8100,118953
2024-02-08,1283.2300,1325.0000,1283.2300,1321.4400,196762
2024-02-07,1263.6300,1286.7500,1261.9600,1280.4500,168593
2024-02-06,1259.8100,1264.2400,1230.3850,1259.8100,208992
2024-02-05,1256.1300,1258.7900,1233.8700,1256.1300,100646
2024-02-02,1243.2000,1257.5000,1239.9800,1255.3000,121410
2024-02-01,1198.8300,1243.6500,1198.8300,1243.1700,159725
2024-01-31,1197.3400,1219.3400,1187.8900,1198.8300,206128
2024-01-30,1216.6200,1222.7200,1196.9900,1197.0600,195248
2024-01-29,1200.0000,1228.3575,1199.0400,1222.3800,198417
2024-01-26,1235.5000,1275.9200,1195.0100,1196.3600,407235
2024-01-25,1286.9200,1292.1700,1273.8900,1284.2700,219995
2024-01-24,1307.1400,1307.1400,1274.5500,1275.5500,181906
2024-01-23,1280.0000,1291.4756,1263.3600,1281.5100,260545
2024-01-22,1272.0000,1297.4500,1264.5200,1288.3200,248384
2024-01-19,1260.2500,1266.7064,1248.0200,1260.2100,176049
2024-01-18,1237.2500,1253.4750,1231.9900,1250.4200,130868
2024-01-17,1220.0000,1231.2350,1204.6900,1230.1600,162759
2024-01-16,1230.0000,1254.4200,1211.5850,1224.3900,214680
2024-01-12,1221.1200,1231.4999,1215.7700,1230.9900,117315
2024-01-11,1204.2700,1215.6900,1190.5700,1214.8400,105107
2024-01-10,1168.3300,1200.3400,1165.7700,1200.2300,141312
2024-01-09,1144.8400,1163.9400,1139.7500,1159.6600,109963
2024-01-08,1120.9200,1154.5200,1115.8100,1152.4300,134291
2024-01-05,1115.5200,1132.4000,1113.1900,1115.4600,148191
2024-01-04,1124.0900,1132.9300,1115.0950,1117.4600,127731
2024-01-03,1131.1600,1135.0000,1116.1200,1122.3700,158588
2024-01-02,1152.4000,1158.0100,1119.8800,1131.1600,190842
2023-12-29,1168.1000,1176.2200,1155.2650,1164.0100,97009
2023-12-28,1172.2800,1173.7100,1167.0400,1169.3400,62817
2023-12-27,1163.9900,1175.3500,1162.3350,1170.6100,115132
2023-12-26,1175.1700,1175.1700,1160.5700,1164.6200,111451
2023-12-22,1175.6100,1175.6100,1160.2600,1168.8800,67053
2023-12-21,1162.2300,1172.1957,1154.5700,1165.4600,135161
2023-12-20,1152.5100,1180.5600,1149.9200,1155.1500,130052
2023-12-19,1150.2600,1156.3900,1149.1600,1152.5100,316537
2023-12-18,1135.0000,1152.5250,1130.7450,1148.7700,359591
2023-12-15,1127.1200,1136.6300,1121.5300,1129.7800,467099
2023-12-14,1181.6900,1185.4200,1123.5600,1129.5900,423633
2023-12-13,1163.2900,1183.7900,1157.7600,1166.7800,236277
2023-12-12,1140.1900,1159.6700,1132.7300,1159.2200,160563
2023-12-11,1131.8100,1147.5200,1123.9301,1145.8200,133110
2023-12-08,1114.1200,1140.8500,1112.9200,1134.3900,130079
2023-12-07,1110.2900,1120.4900,1099.7400,1118.0600,138422
2023-12-06,1133.5800,1140.5100,1108.1700,1111.6100,161910
2023-12-05,1115.1400,1131.6900,1110.7200,1131.0400,156112
2023-12-04,1120.0000,1151.4900,1117.2600,1122.4300,191052
2023-12-01,1084.9700,1130.4700,1083.7200,1127.7100,299849
2023-11-30,1075.0000,1092.1500,1070.3700,1087.6000,370491
2023-11-29,1084.6700,1105.5600,1071.6800,1075.1000,219898
2023-11-28,1077.7600,1089.7300,1067.3600,1073.3100,161249
2023-11-27,1073.3600,1083.5300,1072.3100,1081.9600,142641
2023-11-24,1061.9600,1070.9600,1061.9600,1069.5400,36011
2023-11-22,1063.1000,1077.1350,1057.6950,1065.1700,100831
2023-11-21,1053.7100,1064.3132,1049.3000,1054.9000,110744
2023-11-20,1045.8900,1059.6800,1037.5500,1051.4500,108983
2023-11-17,1037.6900,1043.4700,1028.5900,1042.2700,101614
2023-11-16,1021.0600,1046.4500,1021.0600,1034.0600,142614
2023-11-15,1027.6400,1036.4100,1014.8600,1020.9600,210984
2023-11-14,1021.4600,1031.6900,1006.7100,1027.1500,214435
2023-11-13,998.0800,1014.0000,991.0400,1012.2700,165585
2023-11-10,962.4700,1002.7400,962.4700,996.7000,188286
2023-11-09,901.2600,987.0200,900.0100,962.7000,343330
2023-11-08,940.0000,954.2250,930.0700,940.4300,284267
2023-11-07,934.9400,940.6100,925.1300,938.4000,152053
2023-11-06,930.4100,930.4100,907.6400,927.7600,219576
2023-11-03,910.8400,932.2450,910.8400,930.4100,171360
2023-11-02,879.6900,907.4700,879.6900,900.6900,191740
2023-11-01,849.2300,872.6800,838.4300,870.9900,193949
2023-10-31,853.0200,853.0200,831.5500,845.8700,161543
2023-10-30,851.0200,859.2300,838.7200,851.2900,151344
2023-10-27,830.9900,849.0000,823.4900,848.1000,235815
2023-10-26,832.2900,838.8100,811.9900,829.7200,313868
2023-10-25,845.1200,859.3000,824.6400,825.1000,446042
2023-10-24,927.1900,929.5800,845.4800,862.1200,553990
2023-10-23,909.0700,940.1000,903.0300,927.1900,204087
2023-10-20,924.7900,927.8500,899.0000,912.0000,223402
2023-10-19,907.8500,931.9900,901.8400,919.2600,294801
2023-10-18,915.3300,922.2300,908.0800,914.7000,256420
2023-10-17,881.7600,919.7200,881.5600,918.2900,249817
2023-10-16,903.1800,909.6095,885.8500,886.6000,128007
2023-10-13,889.1100,895.9800,883.5900,895.3400,154347
2023-10-12,906.6700,906.6700,889.1300,892.3400,149803
2023-10-11,893.6900,906.7400,884.2050,904.6800,162138
2023-10-10,895.5400,896.0000,882.7950,889.1500,126895
2023-10-09,865.7300,889.4100,862.2300,889.3900,128397
2023-10-06,861.4900,880.6700,858.8800,873.5200,99977
2023-10-05,857.3400,866.5300,851.7900,862.5300,109527
2023-10-04,840.3400,862.3000,840.3400,860.8500,131857
2023-10-03,861.4300,871.6450,829.9800,836.5400,220549
2023-10-02,865.0000,878.3600,858.6300,863.5900,140374
2023-09-29,878.7800,891.6600,868.0300,868.5300,197369
2023-09-28,880.7200,896.1450,870.7400,886.8400,117219
2023-09-27,870.4200,892.2500,870.4200,885.6100,164345
2023-09-26,884.8000,886.1100,865.3100,871.2200,169170
2023-09-25,883.5800,898.7800,883.5800,889.9800,137178
2023-09-22,892.5800,899.9200,880.3200,889.5100,175667
2023-09-21,900.0000,902.0500,889.3300,889.8400,214225
2023-09-20,913.3900,915.0000,903.0100,903.8700,145405
2023-09-19,903.0000,911.9100,898.0600,909.9700,213676
2023-09-18,889.1200,908.1100,884.9500,903.1200,207340
2023-09-15,903.2200,903.2200,874.1700,891.4000,426853
2023-09-14,900.0000,907.9200,889.6050,906.5200,224257
2023-09-13,886.1800,906.1900,886.1800,897.4600,231436
2023-09-12,897.6300,903.9900,887.5100,890.3500,139010
2023-09-11,903.3500,910.8100,899.7200,904.9300,100058
2023-09-08,904.2300,911.4100,895.0000,899.7200,110705
2023-09-07,905.4700,906.9600,894.8300,904.2200,192311
2023-09-06,889.7000,916.4100,889.7000,907.8800,155706
2023-09-05,889.4800,898.2700,868.1600,892.7100,147115
2023-09-01,909.8700,914.7150,891.0200,896.5600,176696
2023-08-31,898.8000,915.4750,898.8000,904.5900,205430
2023-08-30,890.0000,902.9800,888.6700,898.6900,160087
2023-08-29,861.1900,889.9950,861.1900,888.3400,123334
2023-08-28,851.3400,869.4900,851.3400,865.0000,165725
2023-08-25,850.1300,861.2700,846.0196,851.8900,73846
2023-08-24,866.8000,866.8000,846.6800,846.9100,97815
2023-08-23,848.7800,864.6450,845.5000,859.9100,125549
2023-08-22,849.3400,857.4000,843.4600,843.5100,89750
2023-08-21,848.7500,860.2200,845.0600,845.4000,135935
2023-08-18,830.8600,852.3250,830.8600,846.1300,136703
2023-08-17,844.3500,851.2500,839.7300,843.4800,165985
2023-08-16,870.4600,875.0900,848.4000,848.8000,90962
2023-08-15,874.0300,877.5425,867.5700,871.0900,105428
2023-08-14,868.3400,877.5700,864.2300,875.6600,133238
2023-08-11,855.9800,864.7100,855.9800,860.1100,75258
2023-08-10,864.0500,870.2722,854.9050,859.0900,122192
2023-08-09,860.0000,862.2100,846.4101,854.7700,99623
2023-08-08,858.0500,870.2899,841.2900,856.1600,193672
2023-08-07,847.6800,862.8200,845.0100,861.2700,161550
2023-08-04,856.9700,859.2500,825.4650,841.0200,173416
2023-08-03,850.0000,892.0300,837.5200,855.1800,343322
2023-08-02,821.2100,826.5300,810.2600,822.1900,215091
2023-08-01,835.4300,837.5300,826.6950,829.6900,155087
2023-07-31,830.0000,838.0100,825.1900,837.9700,111233
2023-07-28,829.1900,835.4000,819.5300,824.9700,146697
2023-07-27,843.1200,849.1100,815.6300,820.3200,338449
2023-07-26,850.5600,854.2250,829.2400,834.7500,244092
2023-07-25,830.1800,858.7400,830.0000,852.4900,302176
2023-07-24,850.4600,859.5100,826.6250,834.7800,160229
2023-07-21,858.8500,860.0000,838.9900,844.5000,132615
2023-07-20,842.3600,856.4700,828.9400,852.1600,261426
2023-07-19,847.0600,849.3700,825.7500,844.8500,150799
2023-07-18,836.3300,847.5600,828.8501,843.6700,134422
2023-07-17,825.7900,840.7100,825.6100,837.2400,139990
2023-07-14,811.3000,824.9400,810.4800,824.4500,128334
2023-07-13,814.8900,817.3800,808.4900,810.8000,104653
2023-07-12,815.5400,815.5400,804.2800,810.9700,148194
2023-07-11,802.7300,810.4400,799.1800,808.4100,153133
2023-07-10,792.4700,810.6400,792.4700,802.3800,151615
2023-07-07,781.6800,798.1300,781.6800,793.7900,145460
2023-07-06,787.7500,787.7500,776.6300,782.4000,174988
2023-07-05,790.0800,798.6700,788.8900,791.9700,109911
2023-07-03,805.9000,811.1000,790.5100,795.0000,69556
2023-06-30,805.4400,815.1800,805.4400,809.2100,164309
2023-06-29,789.6900,797.5700,786.5150,796.5400,104408
2023-06-28,774.5800,799.6100,773.5000,787.8400,153801
2023-06-27,768.4800,778.3000,764.4900,775.5400,228815
2023-06-26,772.5900,780.9800,768.1600,768.4800,125651
2023-06-23,779.7900,783.2600,770.5800,776.0500,326104
2023-06-22,786.8400,795.2350,778.6500,786.8500,130075
2023-06-21,794.1500,796.7600,782.4350,790.5000,187186
2023-06-20,797.2700,806.6700,788.9250,795.5400,220065
2023-06-16,809.6900,815.6400,795.4950,799.9600,262951
2023-06-15,791.6800,807.4100,791.6800,802.1100,175296
2023-06-14,804.0700,807.0800,785.5400,795.2500,196205
2023-06-13,804.5300,806.4500,797.6000,801.5800,201692
2023-06-12,782.4500,800.4600,779.3700,800.1800,154351
2023-06-09,769.6700,779.7400,765.4000,774.7100,232705
2023-06-08,756.1100,771.0100,756.1100,766.6900,216687
2023-06-07,789.5400,797.1800,745.4500,757.1800,374896
2023-06-06,789.2100,795.3500,786.0300,789.9900,155178
2023-06-05,787.2100,796.6700,783.8800,791.6000,101134
2023-06-02,793.3300,800.0850,783.0600,790.8400,176866
2023-06-01,786.3000,799.9500,786.3000,793.2400,208759
2023-05-31,789.8900,794.9800,775.1100,787.6700,399036
2023-05-30,795.0000,796.5000,783.9600,790.4100,187004
2023-05-26,774.7900,792.2200,774.2700,791.6200,211157
2023-05-25,773.5000,777.7800,766.5300,772.1300,144603
2023-05-24,758.5800,770.0000,747.7100,765.2100,165223
2023-05-23,769.5700,777.0175,759.0500,760.2100,246039
2023-05-22,766.7000,794.0200,760.3700,776.7300,233848
2023-05-19,768.0600,768.7950,754.2300,755.7900,206532
2023-05-18,749.0000,766.1500,748.1300,765.9400,198924
2023-05-17,759.7400,759.7400,748.8000,749.2100,181442
2023-05-16,753.3100,756.6400,746.0000,754.1300,146257
2023-05-15,742.5800,757.5650,739.6100,756.1400,211815
2023-05-12,751.4100,758.5899,741.2800,743.8300,305512
2023-05-11,759.0000,762.7300,743.0200,749.2900,197706
2023-05-10,744.3300,758.4600,741.4300,757.9000,171972
2023-05-09,735.4200,741.8300,733.7500,737.2400,158601
2023-05-08,729.5400,736.7800,729.5400,736.4100,194955
2023-05-05,739.9200,743.3700,730.3250,731.9800,148264
2023-05-04,748.6700,760.1500,736.0000,736.6500,208150
2023-05-03,740.4700,756.0200,732.1000,752.3900,273140
2023-05-02,749.4400,749.4400,725.2900,739.7100,251551
2023-05-01,726.7200,751.5800,714.6300,745.9900,238770
2023-04-28,719.2200,758.0000,718.2200,727.9500,412358
2023-04-27,724.1600,736.3650,719.1700,734.6800,251190
2023-04-26,710.9600,723.8900,708.0000,714.3600,307455
2023-04-25,711.3500,715.3700,708.2500,709.5200,219849
2023-04-24,722.5100,726.5600,712.6500,713.5600,232383
2023-04-21,707.6200,728.8500,707.0600,719.2300,305426
2023-04-20,693.6500,704.1500,692.8700,703.4400,216989
2023-04-19,692.1600,695.3200,686.0800,695.3100,192053
2023-04-18,700.0000,702.2900,693.1900,697.3700,136083
2023-04-17,700.6800,703.4600,686.9050,696.4700,115284
2023-04-14,695.2200,702.2600,695.2200,698.0600,133272
2023-04-13,687.0500,699.2200,687.0500,698.7800,126523
2023-04-12,682.3300,690.8900,682.3300,684.4300,103639
2023-04-11,678.5400,688.3850,675.3700,678.9600,167650
2023-04-10,668.1200,680.1900,664.4100,679.5700,129836
2023-04-06,671.3000,677.0000,668.9800,672.4200,127596
2023-04-05,687.5300,693.4100,676.6000,676.6200,102508
2023-04-04,689.0800,691.5000,682.5900,689.2900,290461
2023-04-03,700.0000,702.4550,686.8250,689.8400,225989
2023-03-31,696.4000,703.0200,694.7100,702.6900,364009
2023-03-30,700.9000,705.0000,692.2400,696.4000,108508
2023-03-29,685.8700,698.9600,685.5450,698.1300,158964
2023-03-28,686.2500,690.9600,674.8000,679.5200,180143
2023-03-27,691.9500,699.3000,687.2400,688.6300,215383
2023-03-24,677.5500,691.1500,672.0000,690.9400,130569
2023-03-23,682.8500,688.2900,673.1200,680.8500,218650
2023-03-22,694.0600,696.0700,677.7100,678.7000,217294
2023-03-21,686.1400,700.3700,676.0800,696.8800,246547
2023-03-20,654.5000,684.4900,650.0000,682.5500,309508
2023-03-17,677.2100,693.6100,651.0800,654.9400,5150036
2023-03-16,669.4000,697.6700,666.5000,679.9700,314687
2023-03-15,684.1200,691.5000,659.3300,668.3000,321960
2023-03-14,691.0400,708.8600,689.0950,696.8900,330437
2023-03-13,689.1200,693.0850,662.1900,682.8900,486387
2023-03-10,694.0500,707.3100,683.3300,695.7600,237226
2023-03-09,700.9400,711.8450,696.3800,696.4300,265761
2023-03-08,701.3700,705.0000,689.4800,700.5400,192444
2023-03-07,696.5700,705.7500,693.4350,701.7300,184989
2023-03-06,706.9900,711.4100,696.5800,696.5800,278913
2023-03-03,690.8400,708.5400,688.5000,705.2300,172176
2023-03-02,681.1700,687.7700,679.4900,687.5200,101132
2023-03-01,675.5400,682.7900,670.3200,682.7900,194182
2023-02-28,671.8500,686.7400,671.8500,677.3900,292775
2023-02-27,671.1800,672.7200,666.4300,670.4100,119411
2023-02-24,659.8700,668.2400,658.7200,665.9400,100101
2023-02-23,666.7200,674.5400,662.5600,671.6700,94431
2023-02-22,666.6200,668.3400,654.6900,663.4800,169895
2023-02-21,667.3300,676.5600,663.0200,665.0000,213572
2023-02-17,674.6800,687.2400,665.8000,682.1900,207399
2023-02-16,690.0000,696.2200,687.2400,687.8000,156479
2023-02-15,691.3300,703.8600,691.3300,698.9400,181689
2023-02-14,692.5600,701.6300,690.2900,698.0600,191637
2023-02-13,691.8000,698.0300,684.0100,694.2400,189645
2023-02-10,670.9800,686.2400,669.0400,679.7300,176071
2023-02-09,680.4100,698.9900,674.9200,677.7400,244374
2023-02-08,677.4100,682.4700,667.6500,676.8500,217192
2023-02-07,666.3500,680.8500,657.1950,677.5300,162509
2023-02-06,677.7200,677.7200,667.8000,673.4500,169793
2023-02-03,671.7300,692.7900,671.7300,681.3200,209905
2023-02-02,693.6200,710.0000,685.2700,690.3200,214570
2023-02-01,662.4700,686.2300,653.1900,682.6800,204363
2023-01-31,643.5200,668.4450,640.1200,665.9500,286040
2023-01-30,658.1200,659.9800,644.2700,644.2800,186002
2023-01-27,623.7900,676.9799,617.3500,660.2500,317427
2023-01-26,646.6500,648.8900,632.0900,646.0500,227523
2023-01-25,627.8200,646.3800,610.6650,642.8300,188732
2023-01-24,653.1200,657.5800,638.0000,640.2200,243542
2023-01-23,648.3900,658.2100,640.5350,649.9500,217787
2023-01-20,623.3900,649.9200,623.3900,649.1800,199706
2023-01-19,625.0300,636.9900,622.4700,623.8600,178572
2023-01-18,635.2900,640.5000,619.1700,629.9700,212055
2023-01-17,616.0100,628.2650,610.1853,627.8800,161389
2023-01-13,599.2200,620.6500,599.2200,617.9200,128997
2023-01-12,598.4000,608.3100,586.6000,605.5800,163850
2023-01-11,588.2600,600.9200,584.4400,598.9700,168387
2023-01-10,588.4800,591.6200,575.3900,585.8600,253026
2023-01-09,609.5500,611.9800,591.8000,593.8700,193283
2023-01-06,603.6000,608.7000,583.6900,601.9400,115677
2023-01-05,601.0600,606.4050,589.5000,596.9000,146516
2023-01-04,596.5400,609.8000,596.1550,609.0400,117334
2023-01-03,608.6500,617.1000,586.1100,591.1900,165263
2022-12-30,591.6900,599.0900,587.8100,598.5800,153245
2022-12-29,607.4900,614.4900,598.7550,600.9000,120581
2022-12-28,615.3300,622.2200,604.4000,606.8400,92623
2022-12-27,613.8800,617.3700,608.1700,614.3000,92277
2022-12-23,613.1000,623.1550,605.0550,616.7600,90452
2022-12-22,602.7100,617.4800,599.2800,614.5200,128404
2022-12-21,592.5900,614.2100,592.5900,614.2000,133042
2022-12-20,582.7400,595.5200,580.4850,591.1500,138329
2022-12-19,586.6100,593.7000,579.6100,585.6500,170815
2022-12-16,595.1900,595.1900,583.1800,590.6300,427657
2022-12-15,594.0200,598.2200,583.6350,598.2100,242626
2022-12-14,616.8600,628.6500,602.5000,606.6800,193770
2022-12-13,628.0000,638.8700,615.3350,620.5600,237578
2022-12-12,618.1300,623.2000,609.2900,616.3100,120397
2022-12-09,620.7600,626.4500,614.9000,615.4500,142127
2022-12-08,620.6900,632.0250,610.6000,624.9900,179424
2022-12-07,609.0000,616.1200,598.4800,613.5000,136825
2022-12-06,609.6500,612.6800,595.0500,609.6100,174326
2022-12-05,612.3400,615.5300,599.0700,612.1000,170105
2022-12-02,619.0000,626.9600,602.3000,621.3200,190173
2022-12-01,617.5200,637.6900,612.1700,621.1400,303258
2022-11-30,587.3700,621.2000,582.4900,619.7200,395794
2022-11-29,583.7800,597.1300,579.4800,590.7400,214628
2022-11-28,579.4300,589.0500,571.8100,587.6800,189969
2022-11-25,576.5900,589.9700,570.8100,589.0700,84283
2022-11-23,578.4200,594.6700,578.2900,579.2900,177371
2022-11-22,581.8900,584.3550,574.1400,577.9000,174968
2022-11-21,577.4200,582.9300,568.9000,581.4900,163316
2022-11-18,593.8700,593.8700,568.3750,576.2000,290668
2022-11-17,600.8400,603.4450,571.2500,586.7100,346047
2022-11-16,603.6500,623.3400,603.6500,617.8700,194510
2022-11-15,610.9900,623.6100,604.8400,616.4900,273915
2022-11-14,600.0100,613.8600,580.0100,592.9000,368129
2022-11-11,583.8600,623.1500,583.8600,607.5700,475693
2022-11-10,525.7400,581.8700,518.2600,581.7800,844599
2022-11-09,446.8200,446.9450,437.3050,443.7700,201447
2022-11-08,439.2100,456.3300,435.4800,450.5300,311284
2022-11-07,435.1700,442.3011,427.0900,436.8500,227122
2022-11-04,442.7400,443.5500,427.7200,435.3500,171772
2022-11-03,440.8800,451.1350,433.4500,436.6800,199264
2022-11-02,473.5200,475.0350,442.2727,447.5000,245609
2022-11-01,486.1700,487.2400,471.4800,476.1200,166583
2022-10-31,482.3000,487.8300,477.5000,478.8400,271398
2022-10-28,473.2400,485.4300,471.6700,485.1100,207406
2022-10-27,450.0000,475.9100,449.4500,474.5700,351922
2022-10-26,429.7000,448.0700,429.7000,447.5600,259736
2022-10-25,418.9700,437.6500,418.9700,432.7500,278550
2022-10-24,412.6700,419.2700,408.8800,415.8800,186292
2022-10-21,407.6100,413.0000,400.5100,409.6600,142168
2022-10-20,410.3400,412.4550,400.2250,408.5900,189998
2022-10-19,417.2000,418.7700,403.2400,408.9500,246427
2022-10-18,419.3000,425.2300,414.8950,420.0100,159641
2022-10-17,406.4400,417.5900,406.1100,409.2800,163446
2022-10-14,407.3300,413.5400,398.5600,400.4100,154330
2022-10-13,394.2600,407.6500,389.8350,404.0700,191937
2022-10-12,406.2000,413.4399,404.1600,405.3100,251166
2022-10-11,402.2400,406.1100,394.3750,405.7300,346662
2022-10-10,402.6500,403.6600,391.5150,396.3100,241397
2022-10-07,407.3000,411.7300,399.3100,402.2000,327728
2022-10-06,430.7700,434.9500,410.7200,413.8200,304626
2022-10-05,434.6600,443.9800,428.6400,439.9800,131221
2022-10-04,430.2500,441.7750,430.2500,441.1400,355561
2022-10-03,415.1600,430.9900,409.3200,423.9100,221212
2022-09-30,422.2800,427.6500,410.8000,412.0100,232517
2022-09-29,429.8400,431.1000,422.2200,424.8400,158191
2022-09-28,427.9300,436.1400,425.3300,433.0300,141307
2022-09-27,435.8700,439.0000,420.2050,425.5700,179368
2022-09-26,430.4700,436.5100,425.4500,428.1800,161052
2022-09-23,432.7100,438.1400,423.6400,427.9100,191552
2022-09-22,446.9300,446.9300,435.2300,439.5900,179028
2022-09-21,452.9500,461.2450,448.7700,449.7000,210961
2022-09-20,443.6200,452.5800,436.5000,450.0700,346548
2022-09-19,463.2300,466.2700,442.7200,449.8400,234724
2022-09-16,453.5700,466.4300,449.7100,465.9500,496379
2022-09-15,459.6500,463.5800,451.3000,458.0000,307891
2022-09-14,454.3400,465.3800,446.6050,463.9800,312492
2022-09-13,451.2100,461.2800,451.0150,454.3300,295351
2022-09-12,456.9100,465.6800,453.3900,460.6700,220833
2022-09-09,458.3300,460.6200,450.3800,451.7700,119317
2022-09-08,447.2800,457.3700,447.2800,451.6100,89443
2022-09-07,440.1200,452.2000,439.0300,449.5400,106048
2022-09-06,438.2700,451.1800,437.1400,441.6300,145139
2022-09-02,444.8400,452.4000,435.6700,439.7800,165408
2022-09-01,445.0000,446.7600,435.8100,442.8200,166327
2022-08-31,456.1900,463.3000,445.0200,449.4000,200899
2022-08-30,466.3900,468.2350,452.5250,455.8300,149217
2022-08-29,471.8500,476.4350,461.8100,462.5400,115237
2022-08-26,483.3900,485.8700,472.9100,476.8500,100929
2022-08-25,478.1600,487.0800,478.0200,485.5800,72870
2022-08-24,476.1300,482.9800,472.3400,478.7200,101933
2022-08-23,475.5100,482.0500,475.5100,476.1300,65334
2022-08-22,479.4800,482.7400,475.0750,477.9200,120744
2022-08-19,495.4800,497.1900,486.8900,489.7900,148791
2022-08-18,501.6100,502.9600,494.6800,497.3800,110707
2022-08-17,493.2800,502.3800,493.2800,499.1800,101713
2022-08-16,489.7900,501.7500,489.1550,501.4900,130166
2022-08-15,491.1300,495.9000,489.3000,489.7900,115043
2022-08-12,490.0700,491.4300,484.3000,490.7500,83200
2022-08-11,503.8800,506.0074,485.6100,486.2300,135244
2022-08-10,495.4700,507.9900,495.3850,501.1100,170564
2022-08-09,489.5100,492.6800,485.4200,490.5800,164361
2022-08-08,483.0300,491.5200,482.4700,489.8400,190459
2022-08-05,472.5500,489.6400,470.2900,482.4700,140542
2022-08-04,480.0000,480.0000,469.9500,475.4000,234042
2022-08-03,465.0000,476.1700,462.8300,470.4600,140414
2022-08-02,458.3200,464.2300,450.3700,462.6000,102401
2022-08-01,458.1300,463.8700,454.2100,460.7000,116347
2022-07-29,455.0300,463.3250,448.7250,462.0300,139056
2022-07-28,436.7300,457.1300,434.7500,456.2700,115638
2022-07-27,429.4400,438.8400,429.4400,437.6700,231722
2022-07-26,471.9400,471.9400,424.0000,427.6200,340694
2022-07-25,465.8800,471.2750,462.4677,469.7000,284920
2022-07-22,464.9600,468.4000,459.3950,467.6500,99456
2022-07-21,446.1300,467.4900,445.0700,466.2200,280103
2022-07-20,444.3200,451.0200,441.4800,450.0000,193058
2022-07-19,431.3000,441.1700,429.4200,440.4300,178509
2022-07-18,431.5600,436.1200,424.5600,425.4000,102846
2022-07-15,423.3500,429.0600,421.2850,428.3000,110566
2022-07-14,409.9800,421.6900,403.0900,419.5000,123087
2022-07-13,406.3200,419.2700,403.3150,416.3200,178749
2022-07-12,421.5900,423.4800,410.7100,412.1300,121182
2022-07-11,417.4700,421.6600,412.8000,417.8200,116827
2022-07-08,421.1200,423.6200,413.3600,418.8500,126475
2022-07-07,419.5400,424.5800,417.1400,423.6100,130209
2022-07-06,413.8700,423.9500,410.5000,419.0000,157711
2022-07-05,404.8800,412.6600,398.7900,411.3300,125695
2022-07-01,398.3300,408.6900,397.4050,408.2600,119192
2022-06-30,399.7300,405.6750,390.2450,400.9000,179785
2022-06-29,401.6000,402.6800,393.5100,401.0600,95033
2022-06-28,416.8400,418.4100,401.1150,401.3600,118370
2022-06-27,417.7300,419.9300,411.1000,415.0300,153327
2022-06-24,406.6700,417.5500,404.7900,416.1500,231066
2022-06-23,388.4100,402.9500,385.0050,402.2400,150237
2022-06-22,381.9100,390.8400,377.2300,386.6300,168395
2022-06-21,384.4400,387.9100,373.5310,385.0100,191364
2022-06-17,375.2700,379.7900,373.1500,379.0300,395880
2022-06-16,384.5000,389.9900,371.5200,374.7900,267719
2022-06-15,383.7200,399.8700,383.4200,395.8000,253381
2022-06-14,382.8100,386.7300,377.1300,379.4100,207733
2022-06-13,386.2600,392.6200,378.4500,381.1400,199976
2022-06-10,398.2700,406.3300,395.6300,401.8100,209396
2022-06-09,404.1900,415.0100,404.0000,404.8300,149544
2022-06-08,420.5900,422.7600,407.4103,408.4800,150989
2022-06-07,411.7800,422.7900,409.6000,421.8800,141544
2022-06-06,424.4000,425.0700,412.7500,416.5900,218011
2022-06-03,415.0800,421.4700,411.5800,420.4500,160093
2022-06-02,403.5700,420.6900,401.8500,419.5600,275349
2022-06-01,412.2000,416.6300,401.8550,406.2500,239663
2022-05-31,406.9600,411.4700,398.2600,409.5500,525026
2022-05-27,406.4100,410.9300,397.9560,410.9200,263253
2022-05-26,399.0000,404.1700,398.1250,401.6200,252776
2022-05-25,389.1600,399.1050,386.4800,398.1000,284491
2022-05-24,394.5900,397.3750,389.1400,390.8400,306363
2022-05-23,399.2600,403.1300,391.3450,398.7200,313377
2022-05-20,376.7200,395.4300,376.7000,395.4200,361795
2022-05-19,375.7300,385.5600,372.2550,378.7200,387831
2022-05-18,371.5300,378.4800,371.2900,375.6300,332100
2022-05-17,369.1700,380.6200,369.0650,379.6000,252308
2022-05-16,359.4300,370.0700,357.6000,364.4000,227788
2022-05-13,356.6400,365.7000,352.8100,361.5300,189927
2022-05-12,347.2400,357.7700,346.6600,352.7300,244943
2022-05-11,353.4500,364.3100,349.1700,351.0900,250276
2022-05-10,347.7300,362.0400,345.4400,358.4100,357810
2022-05-09,345.6500,350.6200,340.4800,341.4400,303129
2022-05-06,355.4300,357.2500,345.3000,349.8900,497591
2022-05-05,374.7600,376.1300,360.6300,362.6700,191222
2022-05-04,370.2200,380.6300,361.7700,378.4200,332575
2022-05-03,374.4100,376.9450,369.1000,370.5200,369409
2022-05-02,373.1100,377.2200,367.3300,374.0900,640163
2022-04-29,381.5300,381.5300,372.9800,373.5100,317889
2022-04-28,395.9700,400.0000,372.8900,385.3800,694561
2022-04-27,372.0500,376.9050,368.8500,375.2800,458741
2022-04-26,384.0000,384.0000,367.4500,369.3400,498433
2022-04-25,380.0000,390.2400,378.0650,386.5000,393166
2022-04-22,386.9100,389.0500,381.7350,382.6000,195040
2022-04-21,412.4200,412.4200,384.4403,386.6700,319035
2022-04-20,413.4500,416.3700,405.2000,408.0900,220923
2022-04-19,402.8700,414.5300,402.7817,409.5500,314816
2022-04-18,413.3300,414.7700,403.4500,404.7400,197626
2022-04-14,417.8000,417.9200,411.6200,413.7200,145352
2022-04-13,405.0000,416.3700,402.5550,414.9800,177729
2022-04-12,416.8400,417.4500,405.4850,407.4000,221060
2022-04-11,414.2300,416.8000,409.5400,411.0100,249657
2022-04-08,419.5900,429.1400,418.1600,418.7500,219705
2022-04-07,417.6300,426.1800,414.4800,421.1800,274501
2022-04-06,437.0900,437.2700,414.5500,419.1000,441020
2022-04-05,450.4600,453.4900,437.3800,439.9100,349613
2022-04-04,450.8800,459.4500,450.8800,452.4300,154079
2022-04-01,466.0500,468.6700,447.6000,449.2900,346340
2022-03-31,473.3500,475.8600,466.3000,466.4600,254467
2022-03-30,476.0300,479.9100,472.0300,476.9600,173081
2022-03-29,469.3200,480.9900,468.9100,479.3600,234937
2022-03-28,457.4400,464.4400,454.0700,462.3900,216391
2022-03-25,468.4900,469.1200,455.6000,457.5000,299369
2022-03-24,464.5500,465.6300,459.5000,465.1700,145680
2022-03-23,478.7000,478.7000,464.1100,464.4200,191012
2022-03-22,484.6900,489.1200,483.1100,484.7900,231446
2022-03-21,487.8900,491.3300,473.7350,483.7300,209433
2022-03-18,474.9500,492.5300,470.6000,491.6500,579974
2022-03-17,482.8700,487.1700,477.6350,480.2000,277041
2022-03-16,483.7000,488.3600,467.6500,483.7200,224597
2022-03-15,468.5200,479.7200,465.9100,478.6800,225922
2022-03-14,462.1500,479.1500,460.1100,466.0300,265731
2022-03-11,484.5900,484.5900,462.3300,463.1800,142464
2022-03-10,478.0600,486.9800,476.8200,481.6100,189650
2022-03-09,476.5400,492.0200,473.7200,485.9200,241311
2022-03-08,475.1400,487.4050,468.5600,468.9100,293289
2022-03-07,489.3100,497.7650,476.3900,477.0200,254033
2022-03-04,483.5200,502.7150,480.6000,497.2300,326777
2022-03-03,495.2900,495.2900,481.5600,481.9700,172691
2022-03-02,477.2300,492.4850,474.0600,490.0000,178244
2022-03-01,471.1800,483.3900,465.0600,475.4600,324555
2022-02-28,467.3000,479.8200,464.2700,471.1900,398250
2022-02-25,468.6100,473.8600,461.4850,473.3900,185763
2022-02-24,435.9000,473.4000,435.4200,472.4500,259694
2022-02-23,488.6900,488.6900,453.7300,454.8000,381108
2022-02-22,493.2800,495.2850,483.4300,485.1600,218110
2022-02-18,507.7900,513.4100,495.5050,498.2000,228399
2022-02-17,505.5000,512.7900,498.1900,508.9300,194544
2022-02-16,512.6400,514.7400,503.3100,511.5600,188461
2022-02-15,513.5300,522.6800,510.0600,517.9300,143811
2022-02-14,515.0400,526.8500,508.5300,512.4000,221199
2022-02-11,520.5800,528.6000,514.9800,516.6200,322394
2022-02-10,509.6800,531.0300,509.6800,516.8200,285819
2022-02-09,520.0000,523.6000,515.1828,523.4300,366780
2022-02-08,504.4500,512.9800,501.4150,512.4800,196269
2022-02-07,502.2800,507.8300,499.0100,502.7400,232938
2022-02-04,494.2000,506.4350,492.0000,502.0600,206107
2022-02-03,493.2600,502.0100,490.5100,495.2200,209220
2022-02-02,498.2000,506.0500,495.4300,504.6600,249019
2022-02-01,495.4000,498.8950,484.3200,497.5400,369002
2022-01-31,490.1200,499.0350,478.6550,494.9900,402445
2022-01-28,426.4600,497.0000,425.7200,493.1200,753639
2022-01-27,422.4500,430.7650,420.5000,422.9900,298575
2022-01-26,425.2600,429.1500,413.9200,417.2900,170550
2022-01-25,432.5200,436.9500,416.2300,416.7700,258691
2022-01-24,420.0000,440.3000,416.0400,439.4500,299744
2022-01-21,430.6500,436.5300,425.5500,427.0300,354302
2022-01-20,440.4400,448.6600,430.8400,430.9700,174307
2022-01-19,435.7700,447.6200,432.3000,438.8000,494448
2022-01-18,433.1500,440.0100,431.3900,435.9400,339866
2022-01-14,433.9400,438.4300,419.5000,436.4400,327175
2022-01-13,449.5300,455.8100,438.0700,438.5800,258815
2022-01-12,451.0000,453.8200,447.4400,451.9800,238197
2022-01-11,440.1900,450.5400,439.9700,448.5000,221561
2022-01-10,433.9600,440.4900,430.1000,440.1900,305808
2022-01-07,440.6700,449.8300,439.6450,440.0500,230927
2022-01-06,426.9400,448.4300,426.9400,443.5300,230576
2022-01-05,439.2000,444.4800,425.4300,425.8900,298432
2022-01-04,445.5200,447.1400,438.6400,445.8300,239563
2022-01-03,437.1500,445.1395,433.7000,443.1300,217866
2021-12-31,436.1700,440.3700,433.4700,433.6700,138336
2021-12-30,440.6500,444.1200,436.9800,437.1100,291864
2021-12-29,435.0000,440.8900,433.1000,439.6300,179282
2021-12-28,432.8800,436.7600,430.9500,433.7000,219213
2021-12-27,435.9900,438.3100,430.5000,434.8800,163566
2021-12-23,430.0000,436.9850,429.2600,435.1000,143413
2021-12-22,423.3700,434.0000,423.3700,430.2600,204731
2021-12-21,425.0000,430.7700,422.0300,424.7200,370843
2021-12-20,409.6700,424.7900,408.7300,423.1300,305610
2021-12-17,404.6000,414.9800,404.3300,412.2500,735264
2021-12-16,416.0800,423.0100,405.0300,408.4600,477983
2021-12-15,407.2700,415.4650,401.3400,415.0100,361683
2021-12-14,409.2300,418.5800,403.2900,407.7700,373957
2021-12-13,408.0600,417.7000,403.5700,414.0400,314982
2021-12-10,407.3900,410.8300,403.8000,407.4900,295957
2021-12-09,403.0900,409.6900,402.3600,406.9900,361546
2021-12-08,399.0000,408.8400,396.1500,404.4000,304006
2021-12-07,402.0400,415.3900,398.3300,400.3300,442622
2021-12-06,381.2100,402.2400,377.1800,399.2800,575730
2021-12-03,383.7700,383.7700,372.8900,381.5100,423003
2021-12-02,361.6200,381.7650,361.6200,380.5500,538650
2021-12-01,358.0000,368.0000,355.8600,363.5800,452469
2021-11-30,349.3500,356.9300,348.9200,353.1300,645099
2021-11-29,347.1500,354.0600,343.6000,350.6600,300499
2021-11-26,350.6400,354.4600,344.6300,345.6200,129868
2021-11-24,348.4200,354.4500,344.7500,353.3700,216979
2021-11-23,351.3000,352.9540,342.8900,349.9300,342901
2021-11-22,357.5900,359.6200,349.6953,354.1800,296509
2021-11-19,354.2600,367.3400,354.0000,357.5100,593405
2021-11-18,363.4200,363.8500,352.7300,352.7600,395883
2021-11-17,379.4000,379.9000,362.3900,362.5800,587010
2021-11-16,390.0000,396.0900,377.7300,377.8600,436778
2021-11-15,376.2100,394.5000,376.2100,390.6600,444330
2021-11-12,382.4700,382.4700,370.5200,375.6700,430198
2021-11-11,387.7800,399.8000,377.5500,377.8100,629734
2021-11-10,400.2800,402.0400,383.0000,388.6100,376390
2021-11-09,398.9000,406.0900,391.6800,403.7400,364600
2021-11-08,388.2900,400.8800,386.1400,398.1800,550069
2021-11-05,384.3400,387.5200,379.4100,380.2000,220154
2021-11-04,385.6100,388.2300,382.1100,382.8500,349815
2021-11-03,390.0000,391.4300,380.5600,384.0000,510319
2021-11-02,400.0000,403.7500,390.2800,390.5400,176188
2021-11-01,398.5200,402.5900,396.7700,400.2600,109747
2021-10-29,392.9100,401.7800,392.9100,398.2000,211703
2021-10-28,397.4600,400.9400,392.2800,395.3400,226514
2021-10-27,410.4800,410.4800,394.4200,395.0500,266055
2021-10-26,415.1700,419.2200,410.8000,410.8200,210869
2021-10-25,410.7800,419.2100,409.7400,413.9900,205579
2021-10-22,409.0300,412.4500,406.0200,410.0500,140884
2021-10-21,407.3600,410.8750,401.1300,407.8300,220243
2021-10-20,418.4000,419.6600,409.4300,410.6400,204965
2021-10-19,419.1600,419.9500,414.5700,415.4500,129511
2021-10-18,408.0900,415.9100,408.0900,415.2200,142393
2021-10-15,410.0000,412.5900,406.2100,409.8000,285218
2021-10-14,401.0800,409.5100,401.0800,408.2300,205113
2021-10-13,402.1000,404.2250,396.9500,397.2600,209763
2021-10-12,396.8000,402.0100,396.2501,399.1600,162486
2021-10-11,400.6700,403.4700,394.1700,394.5400,197665
2021-10-08,408.1400,411.4200,400.6600,400.9600,155714
2021-10-07,403.1600,415.1500,403.1600,406.4500,246833
2021-10-06,392.0600,400.5400,392.0600,400.1600,295111
2021-10-05,397.6000,401.4450,394.2600,395.7700,257808
2021-10-04,404.5800,404.5800,392.2550,396.1200,190328
2021-10-01,400.4100,410.2300,397.5700,406.0800,257857
2021-09-30,400.0300,403.6200,397.2100,397.9300,294093
2021-09-29,407.7500,408.8900,399.2500,399.7500,243338
2021-09-28,410.5500,411.9050,404.2700,404.4200,228438
2021-09-27,416.1000,418.0750,411.9700,416.3600,190378
2021-09-24,421.8200,422.8200,417.5900,419.3100,175746
2021-09-23,419.7800,427.2600,418.5400,423.3500,163820
2021-09-22,421.0500,421.5750,416.8650,417.9600,347423
2021-09-21,429.0900,429.0900,418.1800,419.8200,239385
2021-09-20,429.2500,429.7600,420.8000,426.5600,326345
2021-09-17,443.8900,444.4900,432.3000,434.2500,594948
2021-09-16,439.3000,446.0500,438.4700,444.4400,290110
2021-09-15,437.3700,440.8900,430.0000,440.5000,315756
2021-09-14,445.6700,445.9800,437.9000,439.2700,187421
2021-09-13,452.9600,452.9600,442.6700,444.3500,160423
2021-09-10,464.2400,465.7750,451.1601,451.3800,177808
2021-09-09,463.0800,465.0750,461.0110,461.5900,162416
2021-09-08,462.0600,464.0450,459.0650,462.6400,180552
2021-09-07,466.5900,466.9000,460.7250,462.2900,150603
2021-09-03,470.0000,472.1050,466.3850,467.2300,143937
2021-09-02,472.1400,473.4400,468.3200,471.9700,190327
2021-09-01,462.8300,472.6100,462.8300,468.9800,288983
2021-08-31,454.5500,460.9750,452.6100,459.7400,292154
2021-08-30,459.0000,462.1150,454.0800,455.1400,166354
2021-08-27,451.5400,464.7600,451.5400,459.5000,237575
2021-08-26,458.1500,459.0000,447.4800,450.5500,203985
2021-08-25,455.0000,459.9800,447.4300,458.1500,249614
2021-08-24,449.5000,457.5000,449.0000,454.2800,196548
2021-08-23,442.0000,450.2900,439.0700,448.4300,257521
2021-08-20,447.9900,448.5400,440.5400,442.3800,216623
2021-08-19,446.5600,454.7700,446.5600,447.1600,241163
2021-08-18,459.6900,461.9500,449.6000,450.0400,274544
2021-08-17,446.3100,457.8300,443.7000,457.3300,307991
2021-08-16,450.0000,450.0000,442.9891,448.1200,307534
2021-08-13,453.7900,455.5000,445.1300,451.6500,373110
2021-08-12,458.5800,459.0400,450.6150,454.2200,388450
2021-08-11,460.4100,468.4200,454.2700,460.0400,250552
2021-08-10,474.1100,477.0650,455.7100,459.5200,427690
2021-08-09,476.9700,484.1300,469.1500,469.9000,254811
2021-08-06,486.1100,489.8100,473.5600,477.6100,322498
2021-08-05,501.0000,504.3300,485.4300,487.0000,409857
2021-08-04,518.8700,528.1900,496.3450,501.3100,613567
2021-08-03,527.3600,529.6400,501.7200,513.6100,612739
2021-08-02,526.1500,534.3300,525.2900,526.0500,199457
2021-07-30,522.6400,529.0800,522.6400,523.9100,154283
2021-07-29,528.3400,536.1800,525.7500,527.7800,233521
2021-07-28,531.1000,536.9900,525.5300,527.4600,149934
2021-07-27,541.4300,541.8600,526.4900,529.7900,227109
2021-07-26,539.9900,547.4400,535.8400,539.9400,183223
2021-07-23,551.5700,553.9700,545.7900,552.8800,153468
2021-07-22,542.6900,551.0900,542.6900,550.2400,160684
2021-07-21,531.9600,542.6900,530.9700,540.8300,162402
2021-07-20,525.4100,538.1100,523.8750,533.3000,184740
2021-07-19,519.7400,526.9600,516.4010,521.8800,134690
2021-07-16,522.3900,530.0100,522.3900,523.9300,113437
2021-07-15,521.2700,522.2000,514.2600,519.3300,155789
2021-07-14,521.0000,523.8800,518.6000,521.6200,165230
2021-07-13,515.0000,524.6300,512.0700,516.9900,102721
2021-07-12,523.6600,526.2200,513.1900,517.7000,150205
2021-07-09,515.6000,526.5300,512.4400,524.0500,115144
2021-07-08,517.6100,524.5400,512.5100,515.0700,222743
2021-07-07,520.0000,523.7900,511.4800,521.3700,150677
2021-07-06,511.0300,519.1500,507.7800,516.7100,167044
2021-07-02,502.0400,509.6400,501.1650,507.8100,109474
2021-07-01,503.5300,510.6200,500.3200,500.3200,297588
2021-06-30,510.2500,513.7700,502.4500,502.6800,145444
2021-06-29,508.3900,513.0900,505.5750,511.7700,155220
2021-06-28,501.5700,507.7300,501.5700,506.3700,114350
2021-06-25,501.0300,506.0000,500.0500,500.9800,246287
2021-06-24,500.4800,501.3550,495.3200,501.0100,193204
2021-06-23,507.2800,509.9300,496.5800,496.9600,162018
2021-06-22,504.9500,510.1400,503.7900,506.0200,196865
2021-06-21,505.1500,512.4000,499.3100,506.3200,219531
2021-06-18,506.4900,508.7900,499.6700,502.3500,348504
2021-06-17,492.4800,503.7300,489.3000,500.9400,180578
2021-06-16,500.6100,502.3400,488.2300,493.6000,151848
2021-06-15,504.0000,504.0000,496.4400,499.5200,147602
2021-06-14,504.7800,507.2100,501.4800,505.6000,196181
2021-06-11,497.5000,505.5200,495.0900,504.7800,103354
2021-06-10,491.8500,497.0700,491.4300,496.4200,93500
2021-06-09,491.0000,496.2000,488.0300,491.1900,119337
2021-06-08,489.3900,489.7700,480.1500,488.1700,225350
2021-06-07,488.2800,491.7200,482.8800,484.7100,108427
2021-06-04,483.4300,490.7800,483.2150,490.3400,130010
2021-06-03,490.1200,490.1200,477.7200,479.7600,139936
2021-06-02,498.0200,499.3900,488.0000,494.6900,230376
2021-06-01,510.7900,512.9700,496.3450,498.9600,264137
2021-05-28,506.1300,508.2300,501.3900,506.0600,157512
2021-05-27,501.7000,509.1747,500.5700,501.6500,161598
2021-05-26,510.4500,510.9100,500.9800,503.5100,106421
2021-05-25,504.4800,509.3900,502.0700,506.6000,166990
2021-05-24,498.8100,506.0850,493.0000,500.3000,152941
2021-05-21,504.5300,505.3900,491.0900,491.7300,152693
2021-05-20,487.2600,505.3800,487.2600,501.2400,176307
2021-05-19,480.6300,487.3400,480.4700,483.7700,130271
2021-05-18,492.5600,496.2400,488.5800,489.9200,191643
2021-05-17,486.3400,491.5850,486.0200,490.1900,150271
2021-05-14,482.0900,493.9900,480.8100,491.4100,168429
2021-05-13,472.2700,478.1500,460.6400,475.7800,245350
2021-05-12,479.2000,484.7378,465.0500,466.1600,171153
2021-05-11,484.6700,492.5800,484.5800,487.0600,158915
2021-05-10,491.3200,496.8200,486.7300,492.9000,216829
2021-05-07,501.7500,508.9700,494.4050,496.1700,101964
2021-05-06,491.4200,498.2000,470.6500,494.2100,302999
2021-05-05,512.3000,513.1700,492.1400,496.3600,248100
2021-05-04,511.2100,511.2100,500.7300,507.2400,109279
2021-05-03,524.2700,525.6600,515.1300,515.7500,108693
2021-04-30,527.4700,527.4700,516.3500,521.4100,161737
2021-04-29,543.9000,544.9100,531.7731,533.0000,102468
2021-04-28,542.7500,545.0000,538.2000,539.4700,127497
2021-04-27,545.1800,546.9300,540.0800,542.5500,110275
2021-04-26,544.5700,547.5700,538.0400,544.4200,155810
2021-04-23,537.9700,546.9000,537.9700,542.4900,255026
2021-04-22,530.2800,539.2400,528.2600,534.0100,148587
2021-04-21,523.1300,528.9000,522.5500,527.6400,91375
2021-04-20,531.1200,532.6000,516.8900,523.6000,131119
2021-04-19,529.9000,533.4300,525.8300,529.9900,123140
2021-04-16,532.9400,536.3300,529.3100,532.9500,164472
2021-04-15,530.1600,534.6200,525.0600,530.9100,164037
2021-04-14,525.9300,529.3900,518.6359,521.5700,92445
2021-04-13,525.1100,531.2200,521.9300,524.7800,107987
2021-04-12,515.8000,525.5000,515.0500,525.1100,122829
2021-04-09,514.5300,520.5350,508.7900,518.3500,123187
2021-04-08,507.9200,515.6700,502.7600,513.7400,224300
2021-04-07,506.9200,506.9200,497.2300,501.4800,117900
2021-04-06,498.8200,507.2300,495.3600,505.0100,169638
2021-04-05,500.0000,504.4600,495.3800,498.7900,233932
2021-04-01,492.2600,502.5153,490.0000,500.9500,249452
2021-03-31,486.2700,492.6100,477.2500,486.0500,289720
2021-03-30,484.2200,486.4700,476.8000,484.0000,190220
2021-03-29,491.5400,494.8200,476.3800,485.1400,170426
2021-03-26,480.6900,493.8400,477.6750,492.9100,305530
2021-03-25,472.8100,482.4500,467.8950,479.4800,160162
2021-03-24,474.0300,482.2300,470.8100,475.3900,223019
2021-03-23,468.6300,478.8200,468.2200,471.9300,218760
2021-03-22,460.6200,473.4900,459.6685,471.8000,145989
2021-03-19,463.0300,468.6950,456.1500,458.8700,414897
2021-03-18,473.7800,479.5600,458.5700,461.6200,293734
2021-03-17,480.3500,486.8200,472.7700,483.5200,155399
2021-03-16,490.3200,493.8700,476.6900,480.0000,193699
2021-03-15,469.8000,487.2000,467.2600,486.4700,186101
2021-03-12,460.0100,466.5200,450.0100,464.3300,165004
2021-03-11,470.4900,477.5200,463.7300,469.0900,237299
2021-03-10,459.1600,467.4250,456.6500,458.7300,208506
2021-03-09,440.1000,459.0250,436.3200,457.1700,267838
2021-03-08,445.2900,445.2900,428.5000,429.8600,210142
2021-03-05,443.3800,447.5400,423.2301,444.7400,278113
2021-03-04,452.8000,458.4500,432.3900,439.2700,240514
2021-03-03,463.8000,463.8000,454.3900,455.1300,217174
2021-03-02,475.0000,475.0000,465.8200,466.3800,138411
2021-03-01,465.5900,472.0800,464.4500,471.9500,192327
2021-02-26,453.1300,463.7400,450.3700,457.5500,310244
2021-02-25,463.9300,468.0900,444.7900,448.2500,302977
2021-02-24,457.6600,467.1749,450.9400,465.0600,222544
2021-02-23,452.2700,460.9276,441.5300,458.5700,221874
2021-02-22,465.9600,469.0800,458.5800,459.3400,201273
2021-02-19,476.3400,480.7800,472.9600,473.8200,225685
2021-02-18,462.5400,475.6700,462.5400,473.0900,159530
2021-02-17,461.3400,471.1600,452.8100,469.2400,270836
2021-02-16,473.3000,475.2500,464.4400,466.1300,173175
2021-02-12,469.7700,477.7400,465.5400,473.7800,344435
2021-02-11,473.1000,476.4600,468.2300,470.3300,215597
2021-02-10,480.3800,480.8300,466.5800,472.0700,254912
2021-02-09,476.6700,482.0000,473.6200,476.9800,274711
2021-02-08,478.1200,482.5799,471.8900,477.6800,160483
2021-02-05,478.6700,480.4700,474.1250,477.9200,190507
2021-02-04,465.1900,478.5600,464.7800,477.5500,176883
2021-02-03,466.5200,470.2900,457.5000,463.6300,252267
2021-02-02,456.5400,466.6600,452.9500,464.2700,283122
2021-02-01,450.3100,454.8200,440.1750,451.9800,456429
2021-01-29,478.4700,478.4700,436.6550,450.1100,904846
2021-01-28,472.8400,499.4589,469.5600,491.1500,384362
2021-01-27,501.1700,501.9200,463.1100,469.0700,405211
2021-01-26,513.6200,514.7510,498.3200,511.5600,237619
2021-01-25,500.6700,512.7500,498.0000,511.0800,341084
2021-01-22,489.5300,504.2800,487.5000,496.1600,194691
2021-01-21,502.1900,509.4100,487.1050,491.3200,168142
2021-01-20,492.0500,509.4500,488.6450,503.0500,248891
2021-01-19,487.9300,489.6000,479.5200,483.7200,184586
2021-01-15,480.0000,485.2000,467.8200,483.3000,241148
2021-01-14,490.1100,496.0600,480.5600,481.3800,79241
2021-01-13,492.4300,495.3600,485.8500,488.9600,86344
2021-01-12,494.8500,497.0300,487.5100,492.2800,179169
2021-01-11,495.1800,499.5800,491.6100,495.6700,110549
2021-01-08,492.9000,504.5800,490.4200,500.3600,172613
2021-01-07,500.2400,506.4700,488.2000,490.1100,221919
2021-01-06,498.3200,501.1500,494.8100,497.0100,336896
2021-01-05,505.3800,508.3800,500.7750,505.0100,113341
2021-01-04,511.9900,514.3800,493.9800,505.2600,208140
2020-12-31,502.4300,513.4900,498.0821,511.0400,140438
2020-12-30,512.0200,512.0200,503.9000,503.9500,63969
2020-12-29,513.0700,514.7600,499.1000,507.5100,108405
2020-12-28,517.7900,519.9400,505.6150,508.4200,110472
2020-12-24,514.4600,518.4500,512.0814,518.4500,60240
2020-12-23,517.0900,520.6100,510.0800,514.0700,174621
2020-12-22,516.2300,520.7400,511.4800,515.6200,138480
2020-12-21,515.2800,520.7127,505.6900,516.2300,189795
2020-12-18,530.9500,530.9500,515.2450,521.9800,346591
2020-12-17,525.0000,528.6150,524.2200,527.4300,200436
2020-12-16,520.5100,526.8900,518.2600,522.4100,192089
2020-12-15,520.2100,524.2500,514.4600,518.3300,155967
2020-12-14,511.9100,524.3500,511.9100,517.6400,175265
2020-12-11,504.0000,512.5500,503.8300,511.9100,127411
2020-12-10,494.2100,508.2150,493.4500,506.9100,139273
2020-12-09,505.8200,514.1600,495.0000,498.3200,168281
2020-12-08,507.1200,522.0100,506.2700,509.9700,242535
2020-12-07,499.5000,503.4500,496.2550,501.6400,149793
2020-12-04,489.7100,498.8500,488.6800,494.8100,163335
2020-12-03,481.4100,491.3900,478.6200,483.5200,468817
2020-12-02,477.0000,477.0000,469.8175,476.0100,170391
2020-12-01,479.7700,479.7700,470.3400,477.3500,199532
2020-11-30,476.0000,477.8400,465.6360,472.7800,253900
2020-11-27,481.1500,481.1500,472.0250,473.5200,110038
2020-11-25,480.7500,480.7500,466.1600,475.5700,279636
2020-11-24,487.9600,488.2000,475.8300,480.0200,210158
2020-11-23,483.6600,489.9650,479.1800,486.1700,114510
2020-11-20,477.8400,487.0300,475.0400,482.7900,138867
2020-11-19,473.3200,481.6000,470.6300,479.3000,114001
2020-11-18,479.9200,479.9200,471.8800,474.2800,133054
2020-11-17,469.7500,480.3700,467.8900,478.0200,102084
2020-11-16,473.3000,477.7750,466.6900,473.2500,159739
2020-11-13,467.7100,475.9000,467.7100,473.2500,143512
2020-11-12,473.2100,473.2100,457.6800,461.7200,164723
2020-11-11,450.0000,474.9850,443.5394,471.7800,374912
2020-11-10,433.3300,436.1600,415.5401,432.8900,353826
2020-11-09,465.8400,468.5700,428.7900,430.5000,282918
2020-11-06,445.5500,449.7750,441.7900,443.8500,129374
2020-11-05,446.7800,450.0000,434.1900,444.6000,117196
2020-11-04,410.2700,443.2000,410.2700,441.6500,301438
2020-11-03,396.8000,406.2200,392.2600,402.7100,178062
2020-11-02,395.1600,401.8200,384.2600,390.8500,202066
2020-10-30,392.5100,395.2400,380.0001,391.4500,227757
2020-10-29,390.3400,398.0100,386.6200,393.4300,156379
2020-10-28,395.9100,397.7300,389.2100,390.1500,136363
2020-10-27,419.2800,420.2300,403.6800,405.8400,191939
2020-10-26,430.1500,433.5700,411.4600,415.5900,114514
2020-10-23,434.1300,436.8600,430.7000,435.6000,97696
2020-10-22,433.4700,435.1600,425.1500,433.0600,129364
2020-10-21,433.1000,439.9300,429.8800,431.7700,72644
2020-10-20,433.9200,442.0001,433.3000,434.8100,85481
2020-10-19,439.2900,444.2500,430.3550,432.4300,170883
2020-10-16,441.9000,441.9000,433.2300,437.4000,184964
2020-10-15,431.1600,437.7900,426.1300,437.0100,111640
2020-10-14,444.1700,447.3950,437.5200,437.7300,95579
2020-10-13,445.3000,449.3300,438.8400,440.1700,158665
2020-10-12,448.0000,448.7300,442.4200,444.5200,85066
2020-10-09,440.9500,446.9000,438.5600,442.3000,120650
2020-10-08,450.2500,450.2500,437.8300,439.1900,163130
2020-10-07,441.0700,446.4950,438.0300,446.4400,136192
2020-10-06,437.1700,445.3500,433.1700,435.8300,153357
2020-10-05,436.9500,439.5500,432.2200,437.3500,101650
2020-10-02,429.5000,438.2700,421.4500,433.7200,190322
2020-10-01,431.6200,439.6800,431.4950,436.9900,174375
2020-09-30,427.2100,433.7900,418.1100,425.3800,306831
2020-09-29,426.3200,431.6600,425.9500,427.2100,118283
2020-09-28,426.0400,432.1400,424.6400,427.5200,203397
2020-09-25,408.7300,422.0995,408.7300,420.2000,216988
2020-09-24,415.0000,417.9800,405.4300,410.0000,251741
2020-09-23,426.8600,430.8950,415.1600,417.4200,194839
2020-09-22,424.7600,429.0550,418.2450,428.3300,189381
2020-09-21,431.7200,431.7200,416.2500,424.2400,249822
2020-09-18,447.7100,449.4400,435.6400,437.0100,639630
2020-09-17,428.5700,446.7950,426.5400,443.2600,369522
2020-09-16,440.0000,440.0000,428.1800,431.2500,207745
2020-09-15,432.0000,436.7900,429.8400,435.7200,144867
2020-09-14,423.6200,426.9200,418.7300,424.6300,124067
2020-09-11,418.7200,418.7200,409.0900,417.3900,189022
2020-09-10,423.3300,427.9900,413.0600,413.3700,207031
2020-09-09,412.5000,422.5900,405.4700,419.7000,212039
2020-09-08,403.7900,418.6900,401.7000,406.3200,310049
2020-09-04,416.9800,424.1100,397.8200,419.4300,276543
2020-09-03,443.7600,446.9100,417.0400,419.3400,205598
2020-09-02,447.5500,452.7400,431.1800,451.0200,223575
2020-09-01,423.0100,451.2300,423.0100,444.7100,388321
2020-08-31,425.4500,428.1500,415.5600,420.7900,208767
2020-08-28,426.2900,432.9600,423.6000,425.4800,117205
2020-08-27,426.1000,428.4200,419.7200,425.0100,128000
2020-08-26,424.9000,431.0700,420.5000,425.3800,146053
2020-08-25,421.1700,426.1300,418.9900,423.4200,214264
2020-08-24,426.1600,427.9400,418.5100,420.6600,175215
2020-08-21,427.9500,428.3700,420.4100,421.6000,157674
2020-08-20,423.8700,433.7600,423.3100,428.5100,148933
2020-08-19,433.2600,433.2600,424.9600,426.5000,221773
2020-08-18,435.9100,437.6600,429.3050,430.1400,157667
2020-08-17,434.0900,437.2000,431.7900,434.5600,190900
2020-08-14,435.0500,438.4489,428.5500,429.6700,137201
2020-08-13,432.9700,443.9900,431.8600,434.8000,215945
2020-08-12,435.0000,438.1500,430.4800,431.7000,94312
2020-08-11,435.0900,438.3600,426.0400,429.4200,219968
2020-08-10,441.9300,443.0100,431.2800,437.2600,151858
2020-08-07,437.8700,444.7700,435.8400,441.7200,189592
2020-08-06,438.5900,443.1600,433.6900,441.0600,171764
2020-08-05,438.0000,441.6800,435.1800,437.4400,155809
2020-08-04,439.6600,440.4900,431.1350,435.7700,166474
2020-08-03,442.9500,447.7200,437.0000,438.1700,294689
2020-07-31,441.3300,442.6500,427.2200,439.1900,220471
2020-07-30,415.8000,441.7700,415.8000,439.1000,311796
2020-07-29,423.5500,440.9200,423.5500,438.3900,275282
2020-07-28,423.3600,424.1100,415.2900,416.3000,130229
2020-07-27,417.4400,427.5200,415.1500,425.7200,261811
2020-07-24,415.2100,420.2600,409.1400,414.3300,174929
2020-07-23,421.5200,433.1800,415.6100,420.5700,300652
2020-07-22,417.1800,424.9500,417.1800,422.1000,210994
2020-07-21,418.0500,422.4900,413.4600,416.9100,281841
2020-07-20,413.1500,418.0800,407.0100,415.7300,247039
2020-07-17,403.4200,414.5300,399.8900,413.1500,317600
2020-07-16,400.9300,403.3200,396.8700,400.2900,221000
2020-07-15,411.7700,412.2700,402.3100,406.0100,306300
2020-07-14,396.8400,409.1900,388.0200,408.5900,350600
2020-07-13,415.2200,419.0500,398.6300,399.6200,331000
2020-07-10,422.0900,423.8200,409.3500,412.1700,289000
2020-07-09,426.6600,428.5400,410.0200,421.7600,255300
2020-07-08,412.4700,423.1000,410.0500,422.0000,163500
2020-07-07,412.1800,422.1800,409.5300,409.8000,122500
2020-07-06,425.3900,427.5200,416.4200,416.8500,249300
2020-07-02,428.0000,428.9900,418.0100,418.7700,153700
2020-07-01,416.5200,428.2800,413.5300,423.5700,201000
2020-06-30,407.7700,421.1900,407.7700,418.0400,253900
2020-06-29,408.3600,409.4300,397.6800,406.0300,218900
2020-06-26,417.3500,419.9800,406.2000,406.2000,415083
2020-06-25,409.0200,416.8900,405.0070,416.3700,177754
2020-06-24,422.4000,427.7800,407.4200,409.0600,199135
2020-06-23,432.8800,434.6300,423.0500,425.5300,170456
2020-06-22,421.7400,433.1400,420.1500,428.4700,186026
2020-06-19,426.3200,428.5300,418.2850,421.9000,352637
2020-06-18,419.9200,427.4100,418.5500,423.9900,170106
2020-06-17,428.7600,430.0000,420.6000,422.4300,142368
2020-06-16,427.9000,431.6147,415.3650,425.3200,192381
2020-06-15,405.0000,420.2700,403.4000,419.5400,201489
2020-06-12,417.6300,420.9600,399.0405,413.5200,256222
2020-06-11,412.1900,426.1400,401.9500,403.4100,315024
2020-06-10,427.1700,429.5873,420.3100,426.8700,287798
2020-06-09,407.2000,426.9400,407.2000,419.5100,262847
2020-06-08,420.0000,423.2500,405.1800,411.9000,342697
2020-06-05,411.1000,427.2350,409.5000,420.7100,290879
2020-06-04,416.6300,419.7950,404.6900,407.0700,314079
2020-06-03,419.0000,425.9500,416.5200,423.9200,203057
2020-06-02,407.8000,417.7300,398.8300,416.2400,411101
2020-06-01,401.7000,414.9500,400.9000,407.8400,290133
2020-05-29,400.3700,407.5300,394.6000,402.6500,1839808
2020-05-28,398.4000,407.2450,395.3400,397.6100,340940
2020-05-27,396.5500,398.1850,372.6150,394.9400,301630
2020-05-26,398.9500,402.6050,395.0000,396.5500,332912
2020-05-22,385.0000,389.9900,382.4700,389.4000,180360
2020-05-21,386.1100,389.3800,381.4400,385.1800,209510
2020-05-20,378.7800,387.3300,376.7300,383.6000,240730
2020-05-19,370.0000,379.2000,369.0800,369.0800,184933
2020-05-18,363.9200,375.1000,360.9700,366.6700,250104
2020-05-15,347.4000,358.7850,344.2300,352.3600,224437
2020-05-14,343.4600,350.1600,337.0400,349.9200,165949
2020-05-13,354.3600,357.2400,341.5300,349.9400,356536
2020-05-12,371.3900,373.3000,351.5800,351.5800,280809
2020-05-11,366.6000,376.4100,366.6000,370.5800,232036
2020-05-08,371.4200,375.0500,367.4100,371.1000,191346
2020-05-07,364.0400,371.1900,360.0700,366.5800,228179
2020-05-06,359.3500,362.8700,354.4600,357.3000,239679
2020-05-05,349.5200,360.9200,349.5200,353.4100,257952
2020-05-04,332.2700,346.3200,327.9000,345.8300,237774
2020-05-01,340.3000,349.6800,330.0100,336.6100,295457
2020-04-30,362.0600,364.2600,335.3200,352.9400,559251
2020-04-29,330.7100,359.7600,330.7100,356.9900,326560
2020-04-28,315.5000,330.0000,311.6813,324.8900,343618
2020-04-27,304.9500,312.7000,302.9900,309.6600,247397
2020-04-24,303.5000,305.7900,296.6800,300.0400,210036
2020-04-23,303.5600,309.2100,299.9400,302.2600,176445
2020-04-22,302.2900,307.6300,295.2000,303.8800,155065
2020-04-21,301.1700,301.6300,287.1501,291.5600,190298
2020-04-20,314.2400,320.6800,306.7200,307.3400,149082
2020-04-17,309.9900,320.8000,303.9600,319.2600,299711
2020-04-16,314.9900,317.8800,299.5300,301.5200,328735
2020-04-15,303.0600,317.5000,303.0387,309.9600,243806
2020-04-14,309.3400,315.3350,305.8450,313.1800,268854
2020-04-13,301.5000,303.0050,291.7100,298.0000,206183
2020-04-09,310.0000,323.2300,298.5310,301.1100,285910
2020-04-08,304.0300,307.0000,299.0350,300.6900,330867
2020-04-07,314.4400,317.4100,296.9600,297.5900,193113
2020-04-06,272.6800,302.7550,272.6800,301.6000,283409
2020-04-03,280.2200,282.3100,259.3682,263.8500,403680
2020-04-02,285.4400,294.6800,276.1900,282.9200,370793
2020-04-01,296.4000,306.1300,285.2300,288.8200,436496
2020-03-31,313.0000,329.3800,304.0100,307.6900,693472
2020-03-30,294.0400,315.2250,289.0000,313.8300,490371
2020-03-27,290.4800,303.3600,280.1600,291.0600,277565
2020-03-26,274.6500,306.0400,270.2100,305.0000,272731
2020-03-25,269.0100,285.0000,257.0200,268.9300,310826
2020-03-24,244.7400,271.2900,240.8610,269.3100,298669
2020-03-23,236.8200,248.2900,219.7135,231.1400,419406
2020-03-20,245.7000,265.9300,237.6000,241.4300,516910
2020-03-19,210.7100,254.0000,202.2500,244.7800,502445
2020-03-18,226.2300,234.3300,177.6500,212.0000,596725
2020-03-17,247.2700,251.4000,212.9400,245.6900,559436
2020-03-16,250.0000,294.1600,238.0400,240.6800,842229
2020-03-13,294.0300,304.0300,255.7000,303.5500,496269
2020-03-12,293.2000,298.6900,274.6000,279.1300,623651
2020-03-11,326.8400,333.4600,306.3600,314.5400,319335
2020-03-10,325.3700,336.6400,311.8900,336.5600,450855
2020-03-09,330.6500,339.4300,315.2420,315.8600,390026
2020-03-06,369.1100,370.8850,345.3200,357.9300,404520
2020-03-05,381.9300,389.7450,377.1700,380.4000,217379
2020-03-04,380.6400,392.7450,377.1500,391.5700,239499
2020-03-03,388.3800,394.1400,367.1510,372.6100,305869
2020-03-02,380.6800,387.1800,371.1200,387.0600,284247
2020-02-28,357.8500,380.4200,351.9900,376.0300,634293
2020-02-27,378.1000,389.1100,366.1000,366.1000,456738
2020-02-26,390.3800,398.9100,384.5301,390.3600,249753
2020-02-25,407.3500,408.9700,387.2800,390.3800,220002
2020-02-24,391.2800,405.9900,391.2800,402.7100,290635
2020-02-21,416.4600,416.4600,402.5800,409.4800,300467
2020-02-20,430.0000,430.7700,413.3059,420.1200,225014
2020-02-19,434.3200,436.6900,430.2400,431.7800,191096
2020-02-18,423.9600,430.7600,419.8700,430.5500,192254
2020-02-14,420.0000,425.2100,417.0500,424.5800,142949
2020-02-13,409.0000,420.5400,409.0000,418.0900,205490
2020-02-12,411.5000,413.8700,405.8200,410.5700,157733
2020-02-11,421.0000,421.0000,410.2900,411.7500,171796
2020-02-10,416.3700,421.1400,414.3600,419.7200,232644
2020-02-07,413.4100,418.1700,410.6750,417.6000,147808
2020-02-06,412.7700,415.0000,408.6800,413.7200,203710
2020-02-05,421.6800,422.4300,405.7600,410.8100,235043
2020-02-04,420.0200,426.9800,417.9600,421.5800,352922
2020-02-03,405.0400,417.8800,405.0400,415.8300,305915
2020-01-31,397.5800,409.6100,390.0100,402.3800,411266
2020-01-30,405.8600,411.3600,403.9459,409.8900,244809
2020-01-29,410.6500,413.8650,408.7340,409.3500,195862
2020-01-28,404.6800,411.0200,402.3000,408.9400,231139
2020-01-27,400.6100,406.3850,400.0400,403.7500,173773
2020-01-24,417.6700,420.2000,407.1300,409.3000,144031
2020-01-23,410.6100,418.1000,409.1900,415.0800,184270
2020-01-22,410.6800,413.2550,408.0850,410.9700,197935
2020-01-21,402.9500,410.7100,402.9500,407.5300,189167
2020-01-17,408.5400,408.5400,402.2000,404.9700,202182
2020-01-16,406.9500,408.7400,403.2400,407.8400,158305
2020-01-15,404.2400,407.5900,402.1600,403.8700,237172
2020-01-14,407.9300,408.8000,400.0900,402.7700,214903
2020-01-13,405.0500,410.4300,405.0500,408.9200,214442
2020-01-10,404.4200,408.0100,402.0500,404.0100,327459
2020-01-09,396.0100,405.0000,394.9100,401.5100,273525
2020-01-08,391.2500,395.5000,389.1400,391.3300,200251
2020-01-07,383.0100,390.0000,381.9700,388.4900,157425
2020-01-06,377.9600,384.0000,377.9600,384.0000,245979
2020-01-03,378.6600,383.3800,378.6600,381.9200,171966
2020-01-02,377.0000,383.1700,375.2500,382.9200,145848
2019-12-31,373.3600,376.2500,371.9000,374.6800,195128
2019-12-30,378.2100,378.4150,372.0300,374.4200,208060
2019-12-27,380.0000,380.4900,376.1700,378.8000,121322
2019-12-26,376.5300,379.8750,375.0900,379.3500,116112
2019-12-24,376.4000,377.2800,374.5700,375.7000,76291
2019-12-23,373.5400,377.3100,372.0350,376.0600,171447
2019-12-20,369.0300,374.0500,368.9750,373.5400,300587
2019-12-19,365.3300,371.2400,363.4500,368.2000,150760
2019-12-18,363.7200,366.8400,363.0400,365.7700,153337
2019-12-17,364.2500,365.3800,360.1400,364.1200,192082
2019-12-16,357.3400,365.6940,357.2100,362.2800,169596
2019-12-13,351.7400,357.2700,351.7400,356.8800,164118
2019-12-12,352.5900,355.4900,345.7800,352.8300,173666
2019-12-11,353.2200,355.8300,346.9427,354.5000,161572
2019-12-10,357.3900,359.0600,353.6600,354.1800,146322
2019-12-09,362.2600,363.4390,357.7100,357.7100,151902
2019-12-06,363.6100,366.6750,363.1600,363.8300,173766
2019-12-05,364.5200,366.3500,359.2200,360.9700,188526
2019-12-04,357.7600,363.8000,357.7600,361.8900,215823
2019-12-03,355.0800,360.0200,352.9300,357.7400,225336
2019-12-02,367.9800,367.9800,356.9700,359.9200,246347
2019-11-29,368.1700,370.3050,365.6200,367.7500,74552
2019-11-27,370.0000,370.5600,367.0700,369.2900,150910
2019-11-26,365.7400,369.6833,365.7400,368.9800,168329
2019-11-25,359.0000,365.6750,357.8700,365.3200,259740
2019-11-22,356.3300,359.7700,352.4300,355.6900,126060
2019-11-21,357.1500,360.7800,353.8200,355.3600,179664
2019-11-20,357.2400,361.3600,353.1200,355.6200,229488
2019-11-19,355.5500,359.2700,353.8300,357.0000,204060
2019-11-18,347.5600,356.1100,347.0400,354.2500,263609
2019-11-15,344.3900,348.6350,341.6200,348.1100,178939
2019-11-14,337.0600,344.0000,335.0300,342.8200,206973
2019-11-13,329.8700,340.2300,329.8700,338.0300,200743
2019-11-12,334.4700,336.6500,329.2050,334.4200,214705
2019-11-11,329.0800,339.3300,327.1200,336.1100,177960
2019-11-08,327.3900,332.3600,322.7100,331.5900,194340
2019-11-07,330.9800,335.9500,327.2200,328.7800,199471
2019-11-06,329.3500,333.0800,320.8400,329.9300,491604
2019-11-05,319.6300,338.8300,319.6300,331.3700,743566
2019-11-04,310.0300,311.1300,298.6300,300.8200,405544
2019-11-01,306.3200,310.2600,305.5200,309.1200,243541
2019-10-31,302.9600,305.4050,298.7000,304.0400,228128
2019-10-30,302.8600,302.8600,295.3700,302.2400,301586
2019-10-29,301.9400,306.7000,301.0300,301.8500,145438
2019-10-28,301.8100,303.4800,299.0000,301.8500,127076
2019-10-25,297.2000,299.9900,294.4500,299.2800,127982
2019-10-24,290.0700,301.5600,287.8700,299.5800,298823
2019-10-23,289.0200,292.8000,281.5600,286.0400,370586
2019-10-22,299.4000,301.2000,288.2461,289.0200,301774
2019-10-21,303.1700,304.1400,295.4350,298.0000,317068
2019-10-18,311.9800,312.1700,297.4200,301.8600,297316
2019-10-17,312.7200,314.0500,309.6300,311.9800,258370
2019-10-16,310.6000,311.0300,302.1800,310.5000,370701
2019-10-15,313.0000,315.4900,311.5000,313.3700,164991
2019-10-14,308.5200,312.4300,308.1300,310.5700,120990
2019-10-11,308.9700,312.8600,307.9500,309.2200,192571
2019-10-10,307.8900,308.2300,304.8799,305.5000,122429
2019-10-09,303.7400,309.6500,302.0000,307.9900,107470
2019-10-08,307.7400,307.9200,297.7800,300.7200,203838
2019-10-07,308.0200,312.1400,307.5000,310.3100,273137
2019-10-04,307.1400,310.6077,306.5800,309.9500,306218
2019-10-03,301.6500,304.7050,297.1500,303.8300,344640
2019-10-02,301.9200,302.2600,296.2000,301.0800,224405
2019-10-01,303.2500,305.6400,298.7400,303.2800,255687
2019-09-30,300.0000,304.9500,299.2300,303.5200,254997
2019-09-27,318.6400,318.6400,296.2400,298.9800,331286
2019-09-26,314.0000,320.8300,313.4000,317.5900,198171
2019-09-25,313.5000,315.0000,305.7700,313.4600,367828
2019-09-24,318.5400,321.8600,312.1600,313.2800,186996
2019-09-23,312.2400,319.4700,310.7200,316.5100,191214
2019-09-20,322.7400,323.6400,310.2800,312.2400,447868
2019-09-19,316.4100,322.4400,314.2700,320.9900,159333
2019-09-18,318.9700,321.0099,310.1400,314.9000,153132
2019-09-17,310.2800,320.3000,310.2800,319.4600,200353
2019-09-16,306.5400,311.7800,306.3500,309.9100,162757
2019-09-13,312.6400,314.0500,305.6600,309.3400,312107
2019-09-12,314.5200,319.0800,312.1700,313.2600,341717
2019-09-11,324.4200,326.3450,313.2700,313.9300,594230
2019-09-10,344.4500,344.4500,318.8100,326.2000,785753
2019-09-09,370.0200,370.0200,344.7400,349.2600,383765
2019-09-06,365.9200,373.2400,365.9200,369.4000,322230
2019-09-05,359.0000,365.3799,356.6100,364.8200,251253
2019-09-04,355.2100,359.4700,353.0100,355.5000,251363
2019-09-03,350.8900,354.3000,349.3700,352.0000,258019
2019-08-30,356.2800,356.9300,347.8200,352.7200,155792
2019-08-29,352.0200,354.5000,346.1700,354.1800,220038
2019-08-28,352.0300,352.0300,345.1900,346.3600,251089
2019-08-27,353.9500,356.5400,347.7000,353.3500,184598
2019-08-26,350.0000,350.5800,343.6300,350.3700,129068
2019-08-23,352.3600,356.7800,345.3950,346.1900,210424
2019-08-22,351.7600,354.3300,347.7800,352.5400,136112
2019-08-21,349.6500,352.0700,346.0200,349.6800,160489
2019-08-20,345.3000,353.0200,342.9500,346.4000,183931
2019-08-19,351.9700,353.4602,344.8200,345.4700,226783
2019-08-16,344.2100,350.7250,344.1600,350.1200,223446
2019-08-15,327.7700,342.5300,327.5400,340.9800,248241
2019-08-14,331.6200,333.9500,324.2100,326.9300,545565
2019-08-13,356.5700,362.7500,335.8500,337.3300,855322
2019-08-12,362.5300,364.8000,355.0200,357.9000,240824
2019-08-09,366.2800,369.2300,360.6488,365.1600,148562
2019-08-08,355.8900,368.4800,354.2000,368.1700,258161
2019-08-07,341.6400,351.9400,340.0100,350.8100,308358
2019-08-06,343.0200,348.0000,342.0450,344.5400,222134
2019-08-05,345.5700,345.5700,335.3000,338.6500,294964
2019-08-02,358.6700,358.7600,345.3300,352.3000,241314
2019-08-01,358.2100,371.8100,355.7300,359.8100,422333
2019-07-31,350.6800,352.7800,344.5600,347.4200,286305
2019-07-30,347.3900,351.9700,346.6900,349.8800,114829
2019-07-29,352.7300,354.4171,347.5100,350.1900,187163
2019-07-26,347.5900,354.1953,347.1700,352.6700,149708
2019-07-25,344.8800,346.0700,340.9700,345.7400,113550
2019-07-24,337.3800,345.7800,335.0400,344.8800,138989
2019-07-23,343.6500,343.6500,336.1700,338.0900,208738
2019-07-22,341.6400,346.0000,340.0800,342.5000,118412
2019-07-19,345.0000,345.7200,339.0400,340.6300,188722
2019-07-18,341.4900,345.8800,339.2100,345.2800,149141
2019-07-17,338.9300,343.7400,338.9300,341.4900,192186
2019-07-16,344.5200,345.5600,338.9800,339.0000,159095
2019-07-15,344.1800,345.9200,341.3800,344.6400,302223
2019-07-12,345.4400,346.9800,344.0100,344.4300,198768
2019-07-11,342.9900,346.3850,339.8651,345.7400,241259
2019-07-10,340.4700,341.8250,337.1300,340.8100,200145
2019-07-09,332.3000,339.0100,332.1041,338.1000,304751
2019-07-08,331.6200,335.0800,330.9700,334.6000,225531
2019-07-05,330.0300,332.5900,326.2000,332.4300,172133
2019-07-03,324.8200,331.5400,324.7000,331.4000,170285
2019-07-02,316.6900,323.9400,315.7124,323.5700,190001
2019-07-01,318.7000,318.8100,310.0100,316.7400,204222
2019-06-28,303.0000,314.1300,303.0000,314.0200,374697
2019-06-27,299.3600,302.9300,297.8000,302.1000,180225
2019-06-26,296.1300,300.3900,296.1300,297.8800,202551
2019-06-25,300.0000,301.3300,294.0592,294.8900,204252
2019-06-24,306.3800,306.4300,300.6600,300.7400,133362
2019-06-21,304.3700,306.7500,301.9500,304.5800,280841
2019-06-20,310.4000,312.1600,302.7850,305.9200,325982
2019-06-19,306.5700,306.5700,300.6200,305.6600,347869
2019-06-18,309.2800,309.9906,305.2350,306.1100,184026
2019-06-17,306.6900,309.7900,305.3400,305.9500,165923
2019-06-14,311.7700,311.8700,305.7200,306.2000,142610
2019-06-13,313.2400,314.8700,310.0700,311.6700,111760
2019-06-12,308.1100,312.2200,304.7450,311.4800,228698
2019-06-11,317.9700,317.9700,308.0900,309.9100,208387
2019-06-10,316.0100,320.3950,313.8200,315.2400,203431
2019-06-07,314.2500,316.2500,311.1100,313.1500,372231
2019-06-06,301.8100,313.5100,299.3600,312.1700,402316
2019-06-05,300.0000,303.7200,298.6900,302.0000,310302
2019-06-04,291.3500,297.4200,288.5300,297.3900,338994
2019-06-03,295.9000,297.4500,285.7700,287.5600,248303
2019-05-31,294.6500,297.3900,292.9200,295.9000,250230
2019-05-30,295.6000,298.9100,295.2300,297.5600,138742
2019-05-29,297.1700,297.9100,293.1300,295.8800,296402
2019-05-28,297.8900,302.8800,296.6400,299.1400,212666
2019-05-24,296.1200,298.0000,294.2300,295.7300,120146
2019-05-23,294.0900,296.0100,290.7100,294.3200,127545
2019-05-22,292.7600,298.7700,292.7600,296.9100,132703
2019-05-21,294.0100,296.4923,292.7800,293.4500,164182
2019-05-20,288.6400,292.2600,285.0000,290.1600,188733
2019-05-17,290.5400,295.3750,290.5400,291.8500,147866
2019-05-16,288.2800,296.4900,288.2800,294.2500,195098
2019-05-15,278.5100,287.5200,278.3900,287.3000,166818
2019-05-14,274.2500,284.6650,274.2500,282.3600,173418
2019-05-13,280.9300,282.8320,272.2500,273.0700,272950
2019-05-10,285.1300,288.3050,279.2300,287.3300,140194
2019-05-09,280.6300,289.0300,278.2800,287.2100,342080
2019-05-08,279.1800,285.0900,278.4200,283.1200,185185
2019-05-07,282.2200,283.6100,276.3700,278.9200,304215
2019-05-06,276.5300,285.6550,275.6800,284.4700,305721
2019-05-03,274.4000,280.5400,274.4000,280.2500,161513
2019-05-02,270.6100,273.9700,268.2500,272.5000,285849
2019-05-01,280.0000,281.9900,270.5200,270.9000,366721
2019-04-30,279.8000,281.4400,275.5600,279.7500,416027
2019-04-29,285.1600,285.4800,279.0700,279.8100,289196
2019-04-26,280.9600,284.4400,277.4050,283.6800,199224
2019-04-25,282.9100,283.9200,278.1524,280.5000,314774
2019-04-24,283.4800,287.2872,282.5400,283.0000,131920
2019-04-23,281.4600,285.5600,280.3800,283.7500,301489
2019-04-22,274.8600,280.5700,273.9950,280.2500,205790
2019-04-18,275.7500,276.1600,273.3600,275.4600,277337
2019-04-17,285.3700,285.3700,274.8900,275.4400,187328
2019-04-16,280.4100,284.1175,279.5100,283.3900,192134
2019-04-15,279.4900,281.2700,277.1700,278.2300,202166
2019-04-12,280.3500,281.7400,276.6900,279.1100,216698
2019-04-11,277.6800,279.9750,273.6950,279.3400,213404
2019-04-10,276.6100,278.1600,274.9700,276.3100,213385
2019-04-09,275.1400,277.2200,274.0000,275.7900,98428
2019-04-08,272.0600,275.4500,269.6352,275.4500,230088
2019-04-05,271.8700,274.9300,270.8300,272.3100,187186
2019-04-04,277.3100,277.3100,269.2000,270.6300,226254
2019-04-03,277.0000,279.4200,274.8100,276.6300,199253
2019-04-02,273.1900,275.7200,270.5300,275.5900,184538
2019-04-01,273.7800,276.5500,270.6000,272.7700,197785
2019-03-29,267.9700,271.9200,266.5050,271.6300,271274
2019-03-28,263.4300,266.7100,262.7800,266.4500,247245
2019-03-27,265.8000,266.7800,260.9200,262.9400,155221
2019-03-26,265.3200,267.2600,262.9800,265.5100,187044
2019-03-25,262.9200,264.1900,260.3686,262.5800,181328
2019-03-22,268.4300,269.0600,262.4400,263.3300,170830
2019-03-21,262.0700,270.3100,262.0700,269.0700,151929
2019-03-20,264.0600,267.0000,261.3700,263.3900,191892
2019-03-19,264.1800,265.8900,261.0200,264.6100,189868
2019-03-18,263.4900,266.7400,263.4900,264.1800,172845
2019-03-15,260.7800,265.2750,260.3200,263.3800,328521
2019-03-14,258.2000,261.4500,257.4900,261.2400,280270
2019-03-13,257.6600,261.0800,257.6600,257.8100,254338
2019-03-12,253.3500,257.7500,252.1300,256.7500,179111
2019-03-11,248.0000,252.8900,247.9500,252.7600,462682
2019-03-08,244.2400,245.7650,241.7400,245.6000,252870
2019-03-07,245.6600,247.1300,244.5812,246.8000,216126
2019-03-06,247.0000,248.3600,244.7800,245.4300,212114
2019-03-05,248.3900,248.3900,246.6300,247.2600,238796
2019-03-04,252.7000,253.7700,243.7750,248.0500,259922
2019-03-01,250.7000,252.9800,249.0800,251.5800,188931
2019-02-28,248.2300,250.6200,247.3889,247.8200,212931
2019-02-27,245.9600,249.2550,245.0300,249.0600,125938
2019-02-26,246.7400,248.0600,245.1800,246.5100,259128
2019-02-25,250.0000,250.0000,245.9100,247.0200,210422
2019-02-22,246.9500,249.2350,246.2900,248.6500,110034
2019-02-21,243.6000,246.0000,242.4100,245.4700,134190
2019-02-20,245.1400,245.1550,242.2800,243.6300,190136
2019-02-19,240.0000,244.9400,240.0000,244.3400,151286
2019-02-15,243.8700,244.0600,240.3400,240.6400,308787
2019-02-14,239.5100,244.6300,238.7601,242.4600,230498
2019-02-13,240.0000,242.4482,239.1450,240.6400,165656
2019-02-12,237.5700,239.9300,236.2700,239.6900,158817
2019-02-11,236.2600,239.4100,234.9075,235.7400,215293
2019-02-08,231.1400,236.0400,231.1400,235.9800,172994
2019-02-07,230.0000,232.6000,228.2250,232.2100,201532
2019-02-06,231.4300,232.8300,229.6800,232.1900,309531
2019-02-05,230.6000,232.9900,229.6700,231.8500,248868
2019-02-04,228.3800,230.9700,227.5100,230.0600,238790
2019-02-01,225.9400,228.5200,224.4500,228.5100,326426
2019-01-31,218.8700,227.1100,216.9800,225.2000,390467
2019-01-30,216.7000,217.9800,214.1700,217.7300,161646
2019-01-29,216.1800,216.3700,212.7500,214.5100,119435
2019-01-28,215.2900,216.8700,213.3700,216.2400,167342
2019-01-25,217.4500,218.4100,215.9700,218.0100,122394
2019-01-24,215.0800,215.6100,212.6800,215.1400,130854
2019-01-23,214.9500,216.3900,211.7500,215.3000,165669
2019-01-22,215.3100,215.9000,211.4800,212.8800,169856
2019-01-18,213.9000,216.9800,212.0800,216.3900,179507
2019-01-17,210.4000,212.7200,209.3315,211.6900,198380
2019-01-16,208.5000,211.6450,207.8050,210.5900,210648
2019-01-15,203.6300,209.3200,202.1950,208.5100,188054
2019-01-14,203.8200,204.8000,202.0300,203.4400,127365
2019-01-11,204.3000,205.9400,202.3500,205.7800,237776
2019-01-10,198.6900,204.4300,197.3400,204.3100,206845
2019-01-09,198.3500,200.0000,196.9800,199.0200,185574
2019-01-08,195.8600,197.2300,193.2800,197.1700,256181
2019-01-07,190.6400,194.9300,189.7400,193.4500,311680
2019-01-04,181.5300,190.0100,181.5300,189.4800,273398
2019-01-03,183.5300,183.5300,178.4200,178.7700,170652
2019-01-02,184.1600,186.6600,183.4700,185.4900,205437
2018-12-31,186.4300,187.6658,184.5000,187.0000,210339
2018-12-28,185.6800,186.6100,181.7100,184.1600,144765
2018-12-27,178.9000,183.9700,176.7200,183.9700,164938
2018-12-26,172.8300,182.3800,172.4400,182.2700,198688
2018-12-24,173.3500,174.9900,170.2600,171.5000,87113
2018-12-21,182.8300,182.8300,173.9900,175.0500,365797
2018-12-20,187.2300,188.5400,178.2300,182.3100,425134
2018-12-19,187.3300,192.4000,184.5300,187.7000,310227
2018-12-18,183.0400,187.1400,183.0400,186.5000,262033
2018-12-17,186.0300,186.9800,181.3700,182.2000,472355
2018-12-14,188.3600,191.2700,187.7900,188.0700,318554
2018-12-13,189.9900,192.3600,188.8200,191.7300,337687
2018-12-12,188.2300,191.3100,185.2600,189.2600,252398
2018-12-11,188.0900,189.0000,183.7807,185.5900,244827
2018-12-10,182.3100,185.7650,181.3801,185.0500,521815
2018-12-07,190.0300,190.5900,181.4800,182.4100,191915
2018-12-06,189.6100,191.9700,187.2400,190.4800,357717
2018-12-04,200.4000,201.2800,192.1500,192.5600,317627
2018-12-03,200.0000,202.2300,198.0000,201.9100,242932
2018-11-30,196.0100,201.3300,193.6800,198.6300,492712
2018-11-29,185.0200,191.6800,185.0200,190.4400,254152
2018-11-28,178.8000,186.9500,178.8000,186.2300,283624
2018-11-27,178.4600,179.5900,177.2600,177.6400,180442
2018-11-26,181.7400,181.8900,178.4400,179.7700,297612
2018-11-23,177.5700,180.9000,177.5700,179.8000,56666
2018-11-21,179.8500,180.9900,177.3600,179.3700,198836
2018-11-20,176.1700,179.9800,174.6600,177.2000,351066
2018-11-19,190.5600,190.5600,180.5100,181.2300,259098
2018-11-16,192.1300,193.8200,190.6600,191.9200,154565
2018-11-15,188.3500,194.7000,187.7361,193.3000,194885
2018-11-14,192.5900,193.3000,187.7700,188.0000,185104
2018-11-13,189.1700,192.4900,188.1550,190.7700,237625
2018-11-12,195.1700,195.1700,188.6700,189.1600,196382
2018-11-09,197.2800,199.7900,194.1800,196.3300,166384
2018-11-08,199.2300,201.3700,197.2800,198.2500,247142
2018-11-07,192.1400,199.7300,192.1400,199.5200,408952
2018-11-06,190.9900,193.5800,188.6100,190.4600,536949
2018-11-05,189.7900,192.9700,189.3514,192.1500,230113
2018-11-02,198.3400,198.3400,186.9450,190.0700,545457
2018-11-01,193.5400,198.7800,193.5400,198.4200,277195
2018-10-31,191.6000,195.5200,191.2600,192.7100,380337
2018-10-30,187.9300,190.3775,186.3000,188.9900,277046
2018-10-29,193.3800,197.1600,185.2348,187.9000,408880
2018-10-26,192.4200,193.9000,187.8200,189.8800,432731
2018-10-25,198.0700,199.6800,196.1800,196.6200,333579
2018-10-24,206.5500,208.0300,196.5400,196.8000,200674
2018-10-23,204.5400,207.4100,201.9000,206.5500,395453
2018-10-22,208.1700,210.0000,207.1800,208.0100,357271
2018-10-19,212.0200,214.1850,207.5200,207.7400,161274
2018-10-18,211.9500,213.8400,210.1800,210.9900,153803
2018-10-17,213.7300,213.9300,211.2400,212.7600,154682
2018-10-16,209.4200,214.4400,208.3000,213.9400,240978
2018-10-15,206.8100,209.4000,204.4600,206.5200,213665
2018-10-12,210.0000,210.0000,202.2600,206.7500,270460
2018-10-11,206.7600,211.4500,202.6100,203.1800,327778
2018-10-10,215.4600,215.4600,207.9400,208.2200,298909
2018-10-09,215.7000,218.9000,214.8850,215.7800,220168
2018-10-08,219.1000,221.1400,214.2600,216.6600,226953
2018-10-05,221.6800,224.7200,217.7315,220.5700,201684
2018-10-04,225.2700,227.1500,220.0800,221.2100,197972
2018-10-03,225.9000,227.8600,224.4300,225.6900,214471
2018-10-02,226.8000,227.4600,222.7000,224.2700,279062
2018-10-01,229.9400,231.9600,226.7800,227.4700,233246
2018-09-28,227.2800,230.2100,227.2800,228.5500,168639
2018-09-27,227.4700,229.9350,227.1700,227.3200,202873
2018-09-26,230.3200,231.2450,227.2400,227.2500,179806
2018-09-25,229.4200,231.3000,228.8700,230.0300,182649
2018-09-24,228.0000,229.6800,225.6700,229.1100,135472
2018-09-21,230.3600,231.4095,227.6200,228.2300,389170
2018-09-20,228.4300,230.3050,225.2300,229.7200,218247
2018-09-19,235.6400,235.6400,227.6800,227.9600,256573
2018-09-18,233.9700,236.7150,232.9600,235.1400,213197
2018-09-17,239.6500,240.0100,234.1100,234.2500,108212
2018-09-14,238.7800,240.8800,238.1056,240.0300,231934
2018-09-13,238.5500,240.5253,236.9100,237.5100,162591
2018-09-12,237.1700,238.0600,233.3100,236.8300,242246
2018-09-11,236.1800,241.1000,235.6100,236.9900,359805
2018-09-10,236.4200,237.1000,234.0400,236.1000,181937
2018-09-07,234.8500,237.6100,234.1700,235.0000,111556
2018-09-06,231.0000,236.0750,230.5300,235.1900,190443
2018-09-05,233.1100,233.1100,227.1000,230.7800,162771
2018-09-04,230.8500,235.1700,229.4400,233.7300,265529
2018-08-31,226.6800,231.4550,226.6800,230.9800,170754
2018-08-30,226.9100,228.4900,226.3200,227.4900,128990
2018-08-29,224.7900,228.0800,224.7900,227.7800,146188
2018-08-28,222.9700,224.4200,221.7100,224.2200,233008
2018-08-27,227.2500,227.2500,222.5700,222.6300,228076
2018-08-24,223.2500,226.5100,223.2500,225.1400,157748
2018-08-23,222.2300,224.5800,221.8700,222.8300,291594
2018-08-22,218.6200,222.4850,218.1600,222.0200,127032
2018-08-21,217.7600,219.5200,216.9200,218.6000,130806
2018-08-20,217.2100,218.6700,217.2100,217.5700,148897
2018-08-17,215.8700,217.3500,214.2500,217.2900,104000
2018-08-16,218.0000,218.5150,214.5900,216.1200,186011
2018-08-15,214.9000,215.8000,212.1300,215.3800,282672
2018-08-14,213.5000,217.3950,213.0000,216.1400,211617
2018-08-13,214.2100,215.7100,212.3400,213.5000,175076
2018-08-10,212.8700,217.4600,212.8700,213.9600,271379
2018-08-09,212.5600,215.1400,212.5600,213.2100,186543
2018-08-08,212.1000,212.7450,208.3100,212.1100,287532
2018-08-07,212.0000,213.0500,210.5600,212.0900,264547
2018-08-06,208.2700,213.0000,208.2700,212.0300,308386
2018-08-03,209.8200,209.9300,206.1400,208.1500,221717
2018-08-02,204.0200,209.6350,203.7800,209.1300,254650
2018-08-01,201.7700,206.8300,201.7700,205.5500,396520
2018-07-31,200.4200,203.4200,199.7800,201.4600,292674
2018-07-30,202.7200,202.7200,198.7900,200.1400,395430
2018-07-27,206.4800,212.4400,199.4800,203.0200,460566
2018-07-26,205.9100,206.9000,204.3500,205.1700,185671
2018-07-25,203.0000,206.3150,203.0000,205.8100,158057
2018-07-24,208.0800,208.3600,202.4400,203.3500,172534
2018-07-23,206.2000,207.1300,205.6300,206.6300,254360
2018-07-20,207.3600,209.0100,206.1100,206.2700,147636
2018-07-19,205.2700,208.5000,205.0200,206.7000,182101
2018-07-18,206.0900,207.0900,202.7500,206.2400,195608
2018-07-17,201.4600,206.9100,201.4600,206.4700,261874
2018-07-16,202.9400,204.8300,202.1200,202.5100,179514
2018-07-13,202.9700,203.7000,201.9000,202.8900,192159
2018-07-12,200.1500,203.6300,200.1000,202.3100,217476
2018-07-11,197.7600,199.9200,197.5800,198.4700,260454
2018-07-10,199.3500,201.1000,198.5900,199.4600,120757
2018-07-09,198.9300,199.9800,198.5100,199.2600,162020
2018-07-06,195.8600,198.5900,195.4500,197.6500,140520
2018-07-05,197.4300,197.6500,193.3700,195.8600,251144
2018-07-03,194.3500,196.7400,193.3800,195.8100,149559
2018-07-02,193.1100,195.7300,193.1100,194.2200,281368
2018-06-29,192.9700,194.8700,191.9000,193.3200,352957
2018-06-28,187.2900,192.2500,187.2900,191.9700,283768
2018-06-27,191.4300,191.9800,188.0800,188.1100,359824
2018-06-26,191.3100,193.6400,190.9400,191.5700,231118
2018-06-25,195.0000,195.0000,190.0700,190.3800,373791
2018-06-22,198.7500,199.7800,194.3800,195.6100,3025342
2018-06-21,202.3800,203.0100,197.6800,198.4200,268179
2018-06-20,202.7900,203.1200,201.0100,202.1200,195229
2018-06-19,198.9800,200.2700,197.5100,200.1600,271204
2018-06-18,199.0400,200.7900,198.3400,200.5600,198228
2018-06-15,199.9400,201.3250,198.5800,199.9700,289914
2018-06-14,198.4000,200.7200,198.3000,200.7200,203293
2018-06-13,195.2700,198.1900,195.1300,197.4700,201921
2018-06-12,197.0000,197.2500,193.7300,194.0200,268832
2018-06-11,199.0500,200.0000,196.5100,196.5900,295612
2018-06-08,192.9200,199.0600,192.8450,198.9500,261015
2018-06-07,193.3200,193.8700,192.1811,192.8300,294580
2018-06-06,192.4600,193.7300,191.8900,192.8600,219826
2018-06-05,190.3000,192.3400,190.0900,191.7700,166863
2018-06-04,188.5500,190.6900,187.8700,189.7900,255604
2018-06-01,185.6700,187.6800,185.4450,187.3800,174473
2018-05-31,185.1800,186.7600,183.5900,184.0300,217724
2018-05-30,182.9400,185.8100,182.9400,184.3200,259888
2018-05-29,180.4200,182.2250,180.4200,181.7900,120195
2018-05-25,180.5500,182.3000,180.3200,181.2900,133509
2018-05-24,181.7700,182.2000,180.7600,181.0800,124389
2018-05-23,179.9500,182.0300,179.7300,181.8700,86321
2018-05-22,181.8800,182.0900,180.4100,180.4100,125602
2018-05-21,180.7400,182.3400,180.6260,181.7600,120088
2018-05-18,181.0800,182.2738,179.8700,180.0400,274907
2018-05-17,179.3400,180.9300,178.6500,180.3000,159745
2018-05-16,178.6600,181.8900,178.6600,180.0900,205824
2018-05-15,175.4000,178.9000,175.0000,178.2800,180977
2018-05-14,178.2600,178.7050,176.0000,176.4200,227790
2018-05-11,178.8700,180.4200,177.3200,178.0300,121575
2018-05-10,177.3700,179.7900,177.3400,179.1200,130744
2018-05-09,176.4400,177.6500,174.7900,176.4400,112336
2018-05-08,175.4200,176.4898,174.2710,176.0900,137853
2018-05-07,176.6000,177.7707,175.8700,176.3500,98041
2018-05-04,172.5400,176.9900,171.6700,176.1400,116848
2018-05-03,171.0700,174.1650,169.7500,173.5900,139545
2018-05-02,173.3700,174.3500,170.7000,171.2500,194166
2018-05-01,172.6900,174.7800,170.6400,174.3800,199346
2018-04-30,177.8300,177.8300,173.1200,173.1800,239037
2018-04-27,175.0000,177.9200,170.4400,176.5400,328348
2018-04-26,167.5400,171.5700,166.1601,170.4000,192166
2018-04-25,168.4300,169.5400,165.2110,166.8400,131481
2018-04-24,172.6800,172.9500,167.4900,169.1900,116651
2018-04-23,172.8200,173.2330,170.9100,171.7100,89304
2018-04-20,172.5600,174.4300,172.1000,172.6900,109128
2018-04-19,173.0500,174.4800,172.6900,173.2300,89985
2018-04-18,174.1300,175.1200,172.8200,174.1300,134628
2018-04-17,172.2400,174.2500,171.0500,173.8600,96352
2018-04-16,169.9300,171.7000,169.0250,171.0000,74919
2018-04-13,171.8600,171.8600,168.3100,168.8100,166225
2018-04-12,170.0000,171.7600,169.0800,171.0300,159138
2018-04-11,166.4800,169.3600,166.3600,168.9700,128441
2018-04-10,165.5200,168.1000,164.0800,167.6200,84760
2018-04-09,165.8300,168.1900,163.2000,163.3300,112456
2018-04-06,167.1000,168.3350,163.2200,164.2300,110612
2018-04-05,168.4100,169.3700,166.8000,168.9200,121273
2018-04-04,164.4400,167.6200,163.0700,167.0400,136472
2018-04-03,164.2700,167.6000,163.4200,167.2600,214682
2018-04-02,168.4400,169.5400,162.5800,163.1700,160599
2018-03-29,168.5800,170.9600,167.3850,169.3700,188771
2018-03-28,166.0300,168.5900,165.0400,167.5100,203863
2018-03-27,170.5400,171.7800,164.8000,165.7500,190981
2018-03-26,165.3400,170.1599,164.3660,169.9300,208888
2018-03-23,168.0300,168.5500,163.1000,163.1000,138584
2018-03-22,169.5400,171.5900,167.5200,167.7600,163823
2018-03-21,170.0000,172.8600,170.0000,170.8800,116482
2018-03-20,167.7100,170.8000,167.7100,169.9600,169519
2018-03-19,169.6600,170.1350,166.0950,167.6000,251391
2018-03-16,171.6400,172.8900,169.2800,170.6500,321356
2018-03-15,173.6700,173.6700,170.9000,171.3000,265174
2018-03-14,177.3000,177.3000,173.2800,173.7500,247760
2018-03-13,178.0500,178.0500,175.2600,176.1000,109173
2018-03-12,178.7700,179.2106,175.9600,177.1400,190692
2018-03-09,179.0000,179.5839,177.1600,178.0900,293355
2018-03-08,178.6300,178.9500,176.0200,177.6400,116606
2018-03-07,175.2100,178.1800,174.3700,177.8500,139958
2018-03-06,174.3100,176.1400,173.8700,175.9000,156893
2018-03-05,172.0000,173.8300,170.7700,173.4900,102343
2018-03-02,168.1200,172.5600,167.4000,172.2200,141471
2018-03-01,169.9900,170.9400,167.0600,169.6000,210479
2018-02-28,173.6400,174.0350,169.8500,169.9400,154676
2018-02-27,175.8100,176.4100,172.5850,172.6900,144067
2018-02-26,177.3500,177.7399,174.7200,175.2500,166950
2018-02-23,174.4800,176.4600,173.1450,176.3000,144221
2018-02-22,172.4400,174.3100,171.8820,172.7500,155721
2018-02-21,172.2500,176.2450,172.2200,172.3400,232764
2018-02-20,166.5000,173.2000,166.4900,172.0200,355765
2018-02-16,164.8600,168.8099,163.6000,166.4800,230659
2018-02-15,164.9700,166.4400,163.6100,165.7400,122790
2018-02-14,158.1500,164.5100,158.1500,163.7200,167070
2018-02-13,158.7300,159.8400,157.7550,159.7200,73172
2018-02-12,158.3600,161.1100,157.3850,159.8300,158957
2018-02-09,157.9100,158.8800,153.6100,157.8200,152245
2018-02-08,163.5800,163.5800,156.2000,156.2500,155457
2018-02-07,164.3200,164.9900,162.6000,163.1900,125603
2018-02-06,160.5400,165.4500,160.5400,164.4700,189845
2018-02-05,167.6800,170.5600,163.9600,164.0100,168460
2018-02-02,171.8800,172.3150,169.3400,169.3800,119617
2018-02-01,172.1900,173.8690,170.8700,172.8400,181592
2018-01-31,174.1200,175.0800,172.1500,172.6600,222256
2018-01-30,174.1700,175.9100,172.6700,173.5200,297218
2018-01-29,169.9700,177.9100,168.9701,176.1300,420770
2018-01-26,170.9900,170.9900,163.4400,170.0900,346887
2018-01-25,163.6100,164.8300,161.8200,162.8900,137494
2018-01-24,164.5600,165.5500,162.5900,162.8800,138754
2018-01-23,163.4000,165.1400,162.5400,164.0200,123228
2018-01-22,162.7800,164.0500,162.3900,163.5200,117165
2018-01-19,160.9400,164.7600,160.9400,163.4500,193252
2018-01-18,162.5200,163.2800,160.9100,161.2000,105733
2018-01-17,160.6200,162.7700,159.7300,162.3200,161838
2018-01-16,160.1900,161.1500,159.0900,159.7500,170647
2018-01-12,160.3200,162.9400,159.2900,159.5600,136292
2018-01-11,158.7700,161.2300,157.4450,160.2500,198889
2018-01-10,158.3800,160.1800,157.5400,158.2200,123319
2018-01-09,159.3000,159.3000,157.6400,158.3600,97909
2018-01-08,156.5300,159.1400,156.2000,158.8600,111648
2018-01-05,155.6700,157.4600,155.5450,156.9200,100526
2018-01-04,154.0700,156.5100,154.0700,155.1800,122160
2018-01-03,153.4200,155.1250,153.2100,153.4300,127860
2018-01-02,153.4100,154.4800,152.4650,153.3900,176425
2017-12-29,154.1500,155.0600,153.0900,153.2000,103938
2017-12-28,154.7100,154.8500,153.4400,154.2600,50685
2017-12-27,153.3200,155.7000,153.1900,154.4400,83983
2017-12-26,153.7300,154.6800,152.6086,153.2400,101511
2017-12-22,155.3200,156.0800,153.3400,153.7300,119032
2017-12-21,157.2600,158.3100,156.5000,156.5500,104361
2017-12-20,158.1900,158.4400,156.0200,156.7500,150599
2017-12-19,158.2500,158.6800,156.5500,157.0100,123687
2017-12-18,158.2900,159.9200,157.6200,158.1300,158729
2017-12-15,156.7700,158.7000,155.0900,157.7000,387665
2017-12-14,154.9800,156.6700,154.0100,154.4400,127246
2017-12-13,154.6800,156.9200,154.6800,155.6400,121885
2017-12-12,155.1900,155.8400,153.5000,154.9500,108256
2017-12-11,156.9300,157.9300,154.7700,155.5600,104508
2017-12-08,157.0500,158.4850,156.3700,157.3100,115754
2017-12-07,155.6600,158.0700,155.6600,156.6800,104079
2017-12-06,155.3500,156.2700,154.5300,155.5700,118404
2017-12-05,156.1000,157.4700,155.2500,155.5900,124946
2017-12-04,159.0000,159.0000,156.1600,156.2900,127222
2017-12-01,157.5600,158.1000,152.6200,157.5000,134505
2017-11-30,156.0500,158.3400,155.7900,157.0600,142672
2017-11-29,157.0600,158.1000,155.2000,155.3700,132573
2017-11-28,155.6700,156.6400,153.8700,156.2800,115082
2017-11-27,155.5600,156.5300,154.7000,155.4400,100860
2017-11-24,154.7300,155.8300,153.1700,155.4300,43859
2017-11-22,154.7100,154.7100,153.0800,154.0000,75570
2017-11-21,154.5300,155.9700,154.1000,154.6200,78908
2017-11-20,152.7300,154.1100,152.2900,154.0100,87503
2017-11-17,152.0000,153.4000,152.0000,152.7000,93694
2017-11-16,152.3900,153.7800,151.2700,152.8900,92184
2017-11-15,151.5200,152.7500,150.5600,151.9000,131819
2017-11-14,153.1600,153.6600,152.0500,152.4100,176278
2017-11-13,153.7200,155.1900,153.4200,153.9400,116823
2017-11-10,154.3000,155.2400,153.3800,154.6800,138078
2017-11-09,152.9400,153.7600,151.4800,153.7600,107749
2017-11-08,151.7500,154.8400,150.9800,154.6100,161738
2017-11-07,151.6000,153.4700,151.0400,152.4500,174664
2017-11-06,151.7700,152.3700,150.5000,151.1600,212035
2017-11-03,147.6400,153.2600,146.9700,152.5500,235091
2017-11-02,142.5100,148.6900,141.9000,147.9000,245636
2017-11-01,146.1300,148.5800,143.0400,143.9400,233306
2017-10-31,143.7200,146.0000,143.4100,145.1600,151616
2017-10-30,147.0300,147.0300,143.6500,143.8100,126042
2017-10-27,147.4700,148.3500,146.7200,147.0300,162990
2017-10-26,147.9900,148.1500,147.2300,147.2300,112555
2017-10-25,147.2800,147.7600,146.2700,147.4400,110375
2017-10-24,147.6900,148.0000,146.0400,147.5500,79047
2017-10-23,146.9000,147.9500,146.6400,147.0900,113142
2017-10-20,146.0000,146.8900,145.5000,146.5900,134864
2017-10-19,146.6400,146.6400,144.3900,145.2400,144363
2017-10-18,147.3600,149.0000,146.8100,147.1500,172287
2017-10-17,147.5700,148.3200,146.3200,146.6700,107106
2017-10-16,147.3000,147.9400,146.1900,147.4900,151114
2017-10-13,147.0400,148.2600,146.5600,146.8400,136702
2017-10-12,146.0700,147.8700,146.0100,146.4800,157066
2017-10-11,146.0600,146.4000,145.4500,146.2800,130484
2017-10-10,145.7900,146.2800,144.6600,145.4700,97077
2017-10-09,144.0400,145.5300,144.0000,144.8900,86320
2017-10-06,142.4400,144.1700,142.4200,143.9600,144567
2017-10-05,142.4200,143.7500,142.4200,142.9400,141356
2017-10-04,143.4300,143.7700,142.0500,142.4100,171282
2017-10-03,142.3800,143.9700,141.7600,142.9500,167928
2017-10-02,140.6200,142.4600,140.6200,142.2500,137350
2017-09-29,141.6100,141.6100,140.4300,140.5000,198206
2017-09-28,141.9400,142.4100,141.4500,141.5400,142995
2017-09-27,141.0400,143.3500,140.8400,142.2000,183782
2017-09-26,140.4900,141.2700,139.8900,140.0100,173913
2017-09-25,140.2500,141.0600,138.9800,139.8800,140880
2017-09-22,137.5900,140.4400,137.5900,140.1300,189218
2017-09-21,137.5000,138.2700,136.3700,137.6800,181074
2017-09-20,136.1800,138.0000,136.0600,137.7100,162575
2017-09-19,135.4300,137.4500,134.7600,136.2700,312999
2017-09-18,131.5200,135.5000,131.5200,135.0400,265584
2017-09-15,134.5000,134.7000,131.6500,131.7500,838224
2017-09-14,139.4000,139.5800,134.0800,134.3700,356404
2017-09-13,141.8900,142.2400,139.4800,139.7300,187709
2017-09-12,140.4000,142.1000,140.4000,142.0800,112203
2017-09-11,139.0400,140.5300,138.8000,140.1500,144939
2017-09-08,138.7000,139.2700,137.3000,138.2900,387645
2017-09-07,139.8800,140.7000,139.0300,139.3300,133925
2017-09-06,140.7600,140.7600,138.8000,139.6500,137492
2017-09-05,141.0200,142.1300,139.5300,140.4700,99804
2017-09-01,141.5300,141.8600,140.6500,141.5100,119174
2017-08-31,139.7200,141.8500,138.9700,140.7600,217642
2017-08-30,138.7100,139.7900,137.6700,139.2200,122480
2017-08-29,138.0500,139.2100,137.6300,138.5500,140957
2017-08-28,138.8100,139.1400,138.1100,139.0500,67804
2017-08-25,139.0400,139.3100,138.1000,138.3800,79302
2017-08-24,140.0000,140.4500,138.1500,138.4500,129571
2017-08-23,140.4100,141.3300,139.0900,139.5000,96301
2017-08-22,139.2800,141.9800,139.2800,141.5600,95606
2017-08-21,137.8800,139.6000,137.4500,139.2500,90135
2017-08-18,137.6600,139.3000,137.1400,137.9400,216636
2017-08-17,140.5600,142.1300,138.5200,138.5600,154361
2017-08-16,139.8500,141.6800,139.3300,140.9400,90954
2017-08-15,140.4400,140.9400,138.7400,139.2500,111553
2017-08-14,138.6700,140.4200,138.6700,140.2700,93586
2017-08-11,136.5300,137.9000,136.5300,137.0300,196759
2017-08-10,138.4100,139.7300,136.6800,136.9300,118611
2017-08-09,138.6900,139.7300,138.3100,139.1100,81156
2017-08-08,139.6200,141.2500,138.7100,139.4600,138473
2017-08-07,140.4200,140.6200,139.3500,139.6100,159853
2017-08-04,140.7600,140.9900,138.0800,140.4900,76719
2017-08-03,140.8900,141.9500,139.8100,140.3300,110366
2017-08-02,143.5300,144.1700,140.9800,141.2600,130000
2017-08-01,139.8200,147.0200,136.5000,143.1200,278943
2017-07-31,143.2000,144.8800,139.1900,142.5500,194689
2017-07-28,143.5400,144.4700,141.6900,142.7200,314461
2017-07-27,145.7800,146.3400,143.0300,143.9900,133610
2017-07-26,145.7000,146.1300,144.7500,145.3500,101500
2017-07-25,144.7900,145.7600,144.0500,145.5400,174356
2017-07-24,142.5200,144.2200,142.0500,144.0500,86566
2017-07-21,143.1100,143.5100,141.7000,142.4100,122491
2017-07-20,143.2100,143.9800,141.7400,142.7500,92147
2017-07-19,141.9500,143.6800,141.9400,143.1100,90033
2017-07-18,141.0200,142.1800,141.0000,141.5500,89216
2017-07-17,141.8300,142.4100,141.0900,141.6400,95597
2017-07-14,141.5300,142.7400,141.4500,141.8400,91052
2017-07-13,142.3000,142.6050,141.3300,141.5400,91548
2017-07-12,141.1800,142.9900,141.1800,142.5400,120661
2017-07-11,139.9400,140.2000,137.9600,139.8700,132900
2017-07-10,140.2000,140.9500,139.4000,139.6200,139974
2017-07-07,138.4700,141.5300,138.4700,140.5800,177958
2017-07-06,137.9800,139.9000,137.2700,138.1800,202958
2017-07-05,138.4500,139.6700,136.6000,138.9200,164261
2017-07-03,139.8900,140.2900,138.3200,138.4600,86277
2017-06-30,138.7900,140.4700,138.7900,139.4100,157183
2017-06-29,140.0000,140.0900,136.3900,138.2100,131538
2017-06-28,138.8500,140.6400,137.5600,140.2900,170052
2017-06-27,136.6800,138.6400,134.7300,137.6900,247390
2017-06-26,137.0000,137.6300,135.8500,136.7000,187859
2017-06-23,135.2000,136.9100,134.6000,136.4200,265086
2017-06-22,134.0300,135.9000,133.2200,135.1800,209463
2017-06-21,134.3300,135.6200,133.4000,133.7800,233040
2017-06-20,135.8400,136.5700,133.9600,134.0100,157796
2017-06-19,136.1100,136.7200,134.8300,136.4100,265593
2017-06-16,134.0800,135.5000,133.1400,135.4000,337417
2017-06-15,133.1500,134.9100,132.3000,134.7400,153768
2017-06-14,135.3900,137.0100,133.8400,134.5300,180752
2017-06-13,134.7800,135.3900,133.7900,135.2800,234463
2017-06-12,132.8800,134.1500,131.3500,134.1500,343101
2017-06-09,134.3300,135.2500,131.4200,133.1000,309251
2017-06-08,134.9200,136.0500,133.4600,134.2300,151768
2017-06-07,135.7500,136.1900,134.5500,134.6200,103635
2017-06-06,135.6000,136.5700,135.1800,135.7200,111254
2017-06-05,138.0000,138.6100,136.4400,136.5700,92495
2017-06-02,134.0900,138.3200,134.0900,138.2400,228252
2017-06-01,133.4700,134.4500,132.4800,133.9400,375812
2017-05-31,133.1500,133.6300,131.8400,132.6600,204698
2017-05-30,133.2500,134.3100,132.6300,132.7100,128788
2017-05-26,133.0700,134.3800,131.6100,133.5300,201164
2017-05-25,133.5500,134.1600,132.9200,132.9600,135753
2017-05-24,132.4300,133.1900,131.9000,132.9000,163980
2017-05-23,132.4800,133.4100,131.1400,132.1700,158780
2017-05-22,133.1200,133.9800,131.2100,131.9900,340208
2017-05-19,131.9900,133.9500,131.9400,133.2000,111045
2017-05-18,131.6900,133.8900,131.3700,131.5400,125879
2017-05-17,135.8000,136.3400,132.1500,132.1700,140803
2017-05-16,136.0400,136.2200,135.1500,135.8000,75640
2017-05-15,135.0000,135.8200,135.0000,135.5800,96763
2017-05-12,134.9600,135.4400,134.4400,134.9000,68190
2017-05-11,136.5800,136.5800,135.0900,135.7200,61568
2017-05-10,136.5000,137.6300,135.8900,137.2100,88016
2017-05-09,137.1200,137.9900,136.5400,137.0200,74246
2017-05-08,137.6500,138.1300,136.0100,137.0800,106693
2017-05-05,137.8800,138.0000,136.8800,137.9100,130774
2017-05-04,137.9100,139.0000,137.2000,137.4900,123161
2017-05-03,137.1600,138.3500,136.6000,137.6000,133666
2017-05-02,137.4700,138.9900,136.7300,137.9800,191775
2017-05-01,135.6300,137.8500,134.3200,137.3700,228275
2017-04-28,133.6000,137.5700,130.9900,135.4800,247944
2017-04-27,133.9400,134.7300,132.7900,133.4700,153976
2017-04-26,133.4000,134.2900,132.6200,133.5700,135505
2017-04-25,133.7600,134.7700,133.0200,133.5900,113803
2017-04-24,132.3200,133.2500,131.4300,132.7300,169889
2017-04-21,129.8000,131.7900,129.4600,130.1900,144246
2017-04-20,129.4700,130.8600,129.1800,130.3800,124825
2017-04-19,129.0100,129.5400,128.4500,128.8000,77316
2017-04-18,127.3000,128.7800,126.9900,128.5000,81539
2017-04-17,126.1900,128.1200,125.8800,128.0800,119644
2017-04-13,127.9300,128.5900,125.9900,126.0300,76275
2017-04-12,129.3800,130.0400,127.9100,128.1600,117741
2017-04-11,127.7300,129.7600,126.7600,129.7500,118439
2017-04-10,128.3600,128.9000,127.0700,128.1100,87252
2017-04-07,127.6700,129.3500,127.3000,128.5000,101206
2017-04-06,125.8700,127.7800,125.7100,127.7300,118074
2017-04-05,127.9400,128.7200,125.7800,125.9300,108840
2017-04-04,127.4300,128.5100,127.0700,127.7000,119792
2017-04-03,128.5000,129.2400,126.5200,127.9400,149979
2017-03-31,128.1100,129.6000,127.9400,128.9500,146406
2017-03-30,128.9500,129.1400,127.4500,128.4000,62797
2017-03-29,126.9700,128.4600,126.8200,128.2200,69115
2017-03-28,126.5000,127.7200,125.4200,127.2300,115656
2017-03-27,125.9300,127.4200,125.0000,126.9100,90750
2017-03-24,127.5400,128.6800,126.0300,126.8500,87368
2017-03-23,126.9700,129.3000,124.5900,126.9800,122310
2017-03-22,127.9300,128.4200,126.2500,127.1600,145752
2017-03-21,131.3300,131.5100,128.1200,128.3100,140802
2017-03-20,131.3100,131.3100,129.8800,130.7100,95481
2017-03-17,131.9000,132.3100,131.1600,131.6900,284803
2017-03-16,131.3500,132.1100,130.3300,131.8200,91913
2017-03-15,130.2200,131.6300,129.1100,131.4500,146685
2017-03-14,130.1700,130.4500,128.6600,129.9200,76996
2017-03-13,128.9200,130.5000,128.5300,130.3400,79034
2017-03-10,130.4500,130.7300,128.5300,128.9000,132945
2017-03-09,130.1600,130.6700,129.1300,129.6300,93170
2017-03-08,130.0300,130.9700,129.6600,129.8000,110351
2017-03-07,130.4100,131.3500,129.5100,129.6700,109807
2017-03-06,131.1100,131.7000,130.4400,130.6900,128710
2017-03-03,131.8700,132.0400,130.2400,131.7900,106463
2017-03-02,132.0000,132.9900,131.2800,131.6800,140680
2017-03-01,131.7400,132.9800,131.3100,132.0800,287466
2017-02-28,130.6900,132.4300,126.0000,130.0700,170029
2017-02-27,131.8200,133.1400,131.2500,131.9500,171394
2017-02-24,130.0900,133.1100,129.5300,132.3700,199496
2017-02-23,131.4000,131.4000,129.3600,130.9500,126483
2017-02-22,131.2600,131.7700,130.3700,130.7200,161147
2017-02-21,130.5600,131.2500,130.0300,131.2200,114055
2017-02-17,129.1100,129.8700,128.5600,129.8700,151928
2017-02-16,128.9700,130.4900,128.4600,128.7900,171535
2017-02-15,127.8200,129.1100,127.1200,128.8000,96406
2017-02-14,126.2600,128.7100,124.1100,128.4600,217978
2017-02-13,127.4600,127.6600,126.4300,126.7700,99589
2017-02-10,126.0300,127.4100,125.5200,126.8100,128183
2017-02-09,123.1500,125.7400,123.1500,125.4300,122319
2017-02-08,123.0000,123.5700,122.2200,122.9700,97386
2017-02-07,124.0200,124.3700,122.4800,123.3100,101232
2017-02-06,123.7500,124.9000,122.9700,123.6900,191613
2017-02-03,124.9600,125.5000,124.3000,124.5400,137614
2017-02-02,121.1800,124.2100,119.5400,123.9300,299167
2017-02-01,124.3200,126.9900,120.3300,120.9400,424508
2017-01-31,123.5400,124.6200,122.2300,123.3000,153549
2017-01-30,125.4400,125.4400,123.1600,123.4600,185354
2017-01-27,126.3300,126.7000,124.9200,125.5100,110282
2017-01-26,125.5100,126.4000,124.9900,125.8500,126355
2017-01-25,125.9400,126.2900,124.9800,125.6100,121701
2017-01-24,123.9600,125.3400,123.0150,124.9800,149691
2017-01-23,123.1300,124.6800,122.6800,123.3000,149550
2017-01-20,122.8600,123.8900,122.1000,123.1200,141233
2017-01-19,123.3300,123.6100,121.5800,122.3800,124760
2017-01-18,123.4300,124.0900,122.7100,123.0300,130326
2017-01-17,123.9700,124.9200,122.4900,122.7500,175436
2017-01-13,123.0900,125.3000,123.0900,124.7100,137352
2017-01-12,122.2000,123.1000,120.8200,122.9100,113532
2017-01-11,121.9700,123.5200,121.5400,122.6900,137665
2017-01-10,121.3600,122.8300,120.7800,122.0400,246710
2017-01-09,121.7400,122.7000,121.0050,121.5400,331235
2017-01-06,123.2200,123.9800,121.6600,122.5100,235190
2017-01-05,123.3800,124.5600,120.6000,123.0000,148478
2017-01-04,120.8900,123.8700,120.8350,123.4700,231074
2017-01-03,119.8200,120.3500,118.9500,120.1700,200297
2016-12-30,121.0700,121.0700,118.8600,119.2200,152951
2016-12-29,119.2800,120.8250,118.0700,120.5200,82369
2016-12-28,121.7200,122.2150,119.1800,119.3400,105680
2016-12-27,121.4200,122.1700,120.6700,121.4000,53893
2016-12-23,121.1100,121.4350,119.6500,120.9700,49060
2016-12-22,121.6000,121.6000,119.4100,120.7400,92267
2016-12-21,121.0400,121.6400,120.3100,121.2400,79656
2016-12-20,121.1200,121.6900,120.1400,121.2900,82527
2016-12-19,121.0000,122.0500,120.6400,121.3000,115747
2016-12-16,121.1100,122.6800,120.5900,120.9100,404763
2016-12-15,120.0900,122.0800,119.3900,120.8000,206775
2016-12-14,122.0000,122.3500,120.2601,120.4900,243369
2016-12-13,122.0000,123.2000,121.5200,121.6700,243215
2016-12-12,121.5200,123.2200,120.6100,122.0500,187389
2016-12-09,121.8800,123.0300,121.4400,122.1500,258158
2016-12-08,119.6600,121.8900,119.4400,121.4800,213075
2016-12-07,116.0400,120.0200,115.7800,120.0000,217353
2016-12-06,115.8400,116.8200,114.1901,116.2600,290332
2016-12-05,112.9000,115.3500,112.1400,115.2100,279508
2016-12-02,112.8600,113.7600,112.0000,112.5000,185517
2016-12-01,113.8300,114.7050,112.2350,112.9800,297667
2016-11-30,117.9100,117.9100,113.5700,113.6900,344076
2016-11-29,117.0000,118.1900,116.7200,117.7300,203584
2016-11-28,116.8600,117.7300,116.4700,116.7600,143755
2016-11-25,116.4600,117.2900,115.6200,117.2900,91121
2016-11-23,115.5900,116.8600,115.5500,116.4000,192553
2016-11-22,114.6700,116.2000,113.4300,116.0800,244524
2016-11-21,115.0000,115.0250,113.6200,114.5900,156228
2016-11-18,114.6800,114.9500,113.5700,114.2600,163808
2016-11-17,113.2700,114.9200,113.2700,114.2900,213948
2016-11-16,111.2800,113.0400,110.7350,113.0000,250669
2016-11-15,111.7500,112.7500,110.1800,111.4200,400928
2016-11-14,114.9000,115.3600,111.5700,112.3200,220469
2016-11-11,113.1900,114.6400,112.7500,114.0100,350149
2016-11-10,115.0000,116.4400,112.7100,113.1900,335611
2016-11-09,112.4300,114.8000,111.2419,114.6200,256004
2016-11-08,118.3100,119.4400,109.7700,114.8200,976624
2016-11-07,115.1200,118.4700,114.8050,117.5300,387958
2016-11-04,115.0400,115.7100,113.5800,113.6200,302300
2016-11-03,116.1400,116.4100,114.7800,115.0900,157522
2016-11-02,116.9200,118.0900,115.6600,115.7200,174756
2016-11-01,120.6100,120.6100,116.1500,116.9100,207606
2016-10-31,119.7600,121.8300,119.0500,120.6800,183239
2016-10-28,119.6800,121.3600,119.0900,119.1700,169538
2016-10-27,123.0000,123.0000,119.0600,119.8100,220240
2016-10-26,121.8200,123.1800,121.8200,122.3200,161333
2016-10-25,123.6400,125.2200,120.9250,122.4700,202038
2016-10-24,125.0500,125.0600,122.0000,123.6400,228799
2016-10-21,122.2400,123.5200,122.2175,123.4900,212333
2016-10-20,122.6300,123.3500,121.7200,123.2700,163270
2016-10-19,122.2100,123.3000,121.1400,122.7900,103951
2016-10-18,122.3300,122.9600,121.9100,122.1300,132932
2016-10-17,121.0900,121.8799,120.7710,121.4600,130764
2016-10-14,120.8500,121.2900,119.9900,120.8500,136446
2016-10-13,119.3800,121.3800,119.3800,120.2800,132048
2016-10-12,119.7900,121.1600,119.0100,120.7500,136935
2016-10-11,120.9700,121.5000,118.9800,119.6600,215671
2016-10-10,122.8000,123.8300,121.7700,121.8900,207764
2016-10-07,123.3800,123.3800,121.3464,122.0700,140695
2016-10-06,122.2000,123.7200,121.1000,123.4000,163093
2016-10-05,123.4600,125.6600,121.1700,122.1600,152465
2016-10-04,124.1500,124.4250,122.5100,122.8200,172854
2016-10-03,123.7400,126.0000,123.4200,124.2400,175943
2016-09-30,125.9200,125.9200,124.2600,124.5900,233637
2016-09-29,127.2800,127.5300,125.1000,125.1700,124117
2016-09-28,127.6100,128.5500,126.4400,127.3900,211520
2016-09-27,127.7300,128.4200,126.8000,127.4900,164014
2016-09-26,128.0200,128.8800,127.4000,127.9400,148581
2016-09-23,129.0100,129.5500,128.4200,128.4700,100037
2016-09-22,129.3500,129.8800,127.9200,129.5700,187793
2016-09-21,127.7000,128.5400,125.2900,128.3600,208292
2016-09-20,130.4600,130.6000,128.8500,128.8700,95834
2016-09-19,130.5800,132.2399,129.3800,129.4500,171589
2016-09-16,131.0000,131.4300,129.2500,129.4300,293708
2016-09-15,128.3500,131.6000,128.3500,131.3700,232085
2016-09-14,127.2300,129.6600,127.2300,128.1800,310429
2016-09-13,130.1300,131.0000,127.2900,127.4500,311135
2016-09-12,127.8200,131.7900,127.8200,131.7300,147397
2016-09-09,131.5400,132.0099,128.4800,128.5100,179695
2016-09-08,131.9700,132.9500,131.8400,132.8700,115899
2016-09-07,132.1100,132.7700,131.2900,132.5100,216235
2016-09-06,132.1600,132.8300,131.2700,132.7100,122928
2016-09-02,130.0800,132.3600,130.0800,132.3600,152622
2016-09-01,127.4700,129.9500,127.4700,129.9500,261993
2016-08-31,128.5900,128.6600,127.2800,127.9400,162957
2016-08-30,127.7400,128.4300,127.1500,128.2600,151560
2016-08-29,127.0100,128.0800,126.8600,127.1400,124245
2016-08-26,128.0400,129.0000,125.9000,126.7500,143943
2016-08-25,125.6900,129.0100,125.6900,127.8100,227360
2016-08-24,127.1800,127.7500,125.8200,125.9200,117414
2016-08-23,127.1600,128.5800,126.7800,127.2900,173755
2016-08-22,126.8400,126.9900,125.8500,126.9000,89197
2016-08-19,126.7500,127.3750,125.4400,127.0600,118639
2016-08-18,125.1000,126.5300,125.1000,126.3300,90993
2016-08-17,125.3900,125.8700,124.7900,125.2800,85324
2016-08-16,127.2100,127.2100,125.5600,125.6100,127086
2016-08-15,126.3100,127.9580,126.3100,127.4500,117903
2016-08-12,127.4300,127.4800,126.7800,126.8300,81108
2016-08-11,127.6600,128.6600,127.5300,127.5500,88980
2016-08-10,127.6400,128.2900,126.6800,127.5100,140151
2016-08-09,127.2200,128.5000,127.0900,127.5200,206641
2016-08-08,128.7300,129.0400,127.5200,127.8000,179502
2016-08-05,128.9200,129.2900,128.3900,129.1000,137785
2016-08-04,128.6500,128.6520,127.7400,127.9600,161273
2016-08-03,128.1400,128.9300,128.0500,128.6300,210307
2016-08-02,130.0000,130.9900,128.4000,128.5600,333419
2016-08-01,126.4000,130.2800,126.0700,130.2200,305958
2016-07-29,120.0000,130.1600,118.8800,126.6400,875807
2016-07-28,117.5000,119.7900,115.4300,115.6000,257719
2016-07-27,117.9200,118.2600,117.0550,117.5100,103147
2016-07-26,117.9500,118.8300,116.9600,117.6000,86781
2016-07-25,118.9400,119.6300,116.4700,117.7700,89403
2016-07-22,116.6100,119.1500,116.6100,118.9500,158178
2016-07-21,118.5500,118.6100,116.4450,116.7300,82730
2016-07-20,118.3800,118.9900,117.9500,118.7600,127687
2016-07-19,116.5900,117.9599,116.5450,117.4600,88952
2016-07-18,117.0200,117.0200,115.5300,116.4000,161895
2016-07-15,118.3100,118.4100,116.5400,116.7500,125028
2016-07-14,119.2200,119.2800,117.8200,117.9400,117191
2016-07-13,118.8200,119.1750,117.0900,118.2000,232975
2016-07-12,116.0600,118.0400,115.0000,117.8400,245778
2016-07-11,115.3200,115.8900,114.7600,115.1500,150220
2016-07-08,116.0000,116.3400,114.7900,114.8600,191727
2016-07-07,113.4400,115.2100,113.4400,114.8500,189810
2016-07-06,113.5800,114.2600,112.8050,113.4500,125980
2016-07-05,113.2600,114.3800,112.9300,113.7600,132179
2016-07-01,112.7400,114.7600,111.7300,113.9200,267916
2016-06-30,109.8200,113.2000,109.7500,113.0100,240013
2016-06-29,108.3800,109.8500,107.9050,109.3700,107621
2016-06-28,106.7000,107.7900,105.6950,106.8800,154119
2016-06-27,107.8900,108.1850,105.7500,105.9800,263094
2016-06-24,108.0000,110.7900,107.1700,109.0000,285124
2016-06-23,112.6800,113.4999,111.0600,113.0800,167808
2016-06-22,111.2000,113.1400,110.5900,111.7100,184490
2016-06-21,111.1700,112.0800,110.7100,111.3100,107995
2016-06-20,111.3700,112.6300,110.8400,111.1500,104690
2016-06-17,111.6600,111.8800,108.3500,109.3700,265408
2016-06-16,110.1400,111.5800,109.4700,111.4300,205939
2016-06-15,111.7100,111.7950,110.6400,110.8600,155513
2016-06-14,110.9000,111.8400,110.4658,111.3900,91639
2016-06-13,113.1700,113.4300,110.8500,110.9100,241983
2016-06-10,115.1000,115.2400,113.1450,113.5500,109538
2016-06-09,114.2500,115.8700,112.6500,115.7300,134920
2016-06-08,113.7000,115.2800,113.2500,114.8300,108167
2016-06-07,113.4900,114.7000,113.2600,113.7500,80770
2016-06-06,112.7300,114.2400,111.8300,113.6200,116812
2016-06-03,114.3100,114.3100,112.2650,112.8900,132347
2016-06-02,112.1900,114.6850,112.1900,114.0700,231037
2016-06-01,111.3400,112.6400,110.8700,112.5800,225510
2016-05-31,111.7000,112.2500,110.6700,111.4300,241286
2016-05-27,109.5300,111.6400,109.1600,111.5700,136690
2016-05-26,109.4300,110.2900,108.6100,109.1100,147761
2016-05-25,110.1900,110.3700,109.2200,109.4300,119508
2016-05-24,106.9900,110.3400,105.7420,109.9900,163385
2016-05-23,107.1600,108.0500,106.1800,106.2800,80395
2016-05-20,104.7600,107.2300,104.6980,107.1700,159925
2016-05-19,104.8900,106.0100,103.5000,104.5800,143861
2016-05-18,105.8600,107.3400,104.7200,105.7400,172130
2016-05-17,109.6900,109.6900,105.6500,106.1600,180571
2016-05-16,109.1400,110.3900,108.3600,110.0200,127519
2016-05-13,108.3900,110.9500,107.9400,109.1400,237857
2016-05-12,108.4200,109.2500,107.5300,108.7900,97852
2016-05-11,109.3000,109.5400,107.3300,108.0000,93639
2016-05-10,108.0000,109.4300,107.5100,109.4000,123427
2016-05-09,106.3100,108.9300,106.3100,107.6900,155909
2016-05-06,105.3700,106.8400,104.4200,106.0200,132331
2016-05-05,106.3200,107.2900,104.2000,106.1300,294161
2016-05-04,104.2700,105.1000,103.8900,104.3400,172393
2016-05-03,108.3200,108.9500,104.4250,104.9600,160547
2016-05-02,107.0000,109.0300,106.1700,108.9600,231357
2016-04-29,106.0900,106.9100,105.5000,106.7100,159160
2016-04-28,104.7600,107.8200,104.4300,106.5500,239905
2016-04-27,105.6600,107.0950,104.7400,105.4300,203304
2016-04-26,105.0000,105.9200,104.3100,105.4000,216059
2016-04-25,104.7800,105.6000,104.4900,105.1600,137839
2016-04-22,106.7900,107.2700,104.7800,105.4400,228168
2016-04-21,107.8800,109.2500,107.0600,107.1800,154825
2016-04-20,107.8400,108.3000,106.5700,107.9900,126906
2016-04-19,107.2900,108.1850,107.1930,107.4400,159969
2016-04-18,105.8900,107.1999,105.5100,106.7900,132797
2016-04-15,105.5900,107.2500,104.3900,106.2300,186124
2016-04-14,106.3800,106.7900,105.4400,106.1100,128083
2016-04-13,105.0300,106.4000,104.1050,106.2800,170271
2016-04-12,103.1600,105.2100,102.7701,104.1600,146285
2016-04-11,105.1900,105.7300,103.3100,103.3300,97377
2016-04-08,105.0500,106.2050,104.4600,104.8600,89456
2016-04-07,105.4100,105.6800,103.7400,104.4200,151393
2016-04-06,105.3500,106.7500,104.8400,105.9400,153666
2016-04-05,104.3400,106.7100,104.1900,105.4100,247741
2016-04-04,108.5500,109.1550,104.5300,104.8600,166941
2016-04-01,105.0900,109.1900,104.9600,108.8000,331347
2016-03-31,104.8900,106.4800,104.8900,106.0900,241270
2016-03-30,105.6900,106.0000,103.9300,105.0600,148579
2016-03-29,100.4200,106.0000,100.4200,105.3900,314739
2016-03-28,101.7000,101.8400,100.3450,100.6500,195566
2016-03-24,100.2500,101.6000,99.9600,101.0000,140364
2016-03-23,102.3900,102.6000,99.4000,100.5900,351699
2016-03-22,104.1400,106.6400,104.1400,104.6100,191845
2016-03-21,103.9500,104.3700,103.0500,104.1300,84196
2016-03-18,104.5300,105.0600,103.3300,104.3400,294568
2016-03-17,102.0800,104.4900,100.8500,104.0200,201702
2016-03-16,99.2300,102.3500,99.2300,102.3300,156528
2016-03-15,99.7200,100.8000,99.2000,99.4500,85182
2016-03-14,99.7100,100.5697,99.0100,100.2800,109175
2016-03-11,100.0500,100.8600,98.6300,99.9200,117887
2016-03-10,98.1700,101.1800,97.7800,99.2900,307366
2016-03-09,98.1300,98.4800,97.3500,97.7500,130873
2016-03-08,99.5000,99.5000,97.7900,97.8900,143439
2016-03-07,100.5700,101.4000,99.4200,100.1600,169232
2016-03-04,102.2700,102.2700,100.6400,101.2600,232245
2016-03-03,102.6900,102.6900,101.4000,102.1800,197559
2016-03-02,102.2200,102.9700,101.7700,102.9000,178097
2016-03-01,100.0000,102.9100,99.7300,102.6300,335547
2016-02-29,96.6600,99.9200,96.6600,99.5200,506896
2016-02-26,98.2500,99.0000,96.1500,96.6600,218643
2016-02-25,95.9100,98.7900,95.3000,98.5800,314745
2016-02-24,93.8200,95.7600,93.8200,95.5900,214767
2016-02-23,94.6800,95.0000,94.3800,94.5500,178391
2016-02-22,93.7600,95.3500,93.6400,94.9200,184746
2016-02-19,92.7900,94.0000,92.7000,93.0000,261610
2016-02-18,94.3200,94.8600,92.2900,92.9100,296113
2016-02-17,94.5200,95.0050,93.7000,94.3500,236675
2016-02-16,94.3400,94.4100,93.4200,93.9800,266420
2016-02-12,92.7800,93.7000,91.7800,93.0100,202697
2016-02-11,90.7200,92.3150,90.3900,91.4200,262758
2016-02-10,92.0900,94.1900,91.5400,92.4700,317658
2016-02-09,91.4800,93.2700,90.3461,91.3800,255667
2016-02-08,93.0700,93.0700,90.6200,92.3700,334094
2016-02-05,95.5100,96.0750,93.5400,94.3300,290437
2016-02-04,96.4300,96.8650,95.0100,95.9100,276644
2016-02-03,97.0500,97.1600,94.6400,96.6500,319988
2016-02-02,94.5000,96.4900,93.7200,96.0900,379520
2016-02-01,94.9300,98.4300,94.6500,95.5600,427165
2016-01-29,87.5600,98.9600,85.8100,95.5700,960822
2016-01-28,82.9500,82.9500,81.5500,82.3400,140669
2016-01-27,83.4300,84.0450,81.7400,82.0500,181669
2016-01-26,81.7200,84.3850,81.6700,84.0600,203254
2016-01-25,83.4500,83.8100,80.8000,81.0800,290988
2016-01-22,81.9900,84.1000,81.9900,83.9700,369982
2016-01-21,85.5200,85.6200,80.2000,81.0100,504721
2016-01-20,84.2000,86.2800,82.7300,85.2500,285036
2016-01-19,86.4100,86.7000,84.1750,85.3100,262096
2016-01-15,83.1300,85.6000,83.0600,85.4900,409797
2016-01-14,84.5600,86.1500,82.4300,85.4800,425477
2016-01-13,88.7500,88.7800,83.3100,84.3800,285350
2016-01-12,89.9900,90.2100,86.7500,88.3800,446432
2016-01-11,89.3100,89.7900,88.5000,89.3400,229030
2016-01-08,91.8500,92.0300,88.6300,88.9600,278270
2016-01-07,92.3200,93.6900,91.4100,91.4600,258478
2016-01-06,92.7600,94.6600,91.9800,94.0000,350581
2016-01-05,93.1100,94.5400,92.8100,94.0000,204385
2016-01-04,93.3300,93.4300,91.3300,93.0600,318687
2015-12-31,95.2100,96.2800,94.1600,94.1800,161568
2015-12-30,96.5500,96.8500,95.4000,95.4500,104037
2015-12-29,96.3400,97.0000,95.5000,96.4300,132375
2015-12-28,94.7800,95.8400,94.4160,95.8300,121665
2015-12-24,94.7800,95.5100,94.4600,95.1000,42462
2015-12-23,94.3800,94.8400,93.9000,94.7500,116448
2015-12-22,93.1600,94.2000,92.7800,94.0000,129205
2015-12-21,92.2300,92.9100,91.8000,92.8400,99748
2015-12-18,92.7000,93.6850,91.4809,91.7500,329565
2015-12-17,93.4900,94.7500,92.8200,92.9000,125067
2015-12-16,92.0000,92.9400,91.1700,92.8500,136370
2015-12-15,90.4900,92.4700,90.2700,91.5300,147340
2015-12-14,89.4900,90.8800,89.4900,89.9200,279678
2015-12-11,89.3100,90.8000,89.2400,89.6100,355013
2015-12-10,89.2700,91.0800,89.2600,90.7200,275520
2015-12-09,91.4400,92.0800,88.7800,89.1100,196986
2015-12-08,91.0800,92.9000,91.0250,91.9100,154849
2015-12-07,93.6100,93.9500,91.7950,91.9900,120925
2015-12-04,92.1000,94.0100,92.0500,93.6400,143214
2015-12-03,95.0100,95.0100,91.9100,92.1000,120991
2015-12-02,95.8800,96.0600,94.5700,94.8500,68249
2015-12-01,95.3900,96.1800,95.1300,95.8900,102690
2015-11-30,95.1500,95.4000,94.7000,95.2500,138387
2015-11-27,94.6100,95.3500,94.0500,94.8500,82091
2015-11-25,92.8300,94.8900,92.8300,94.5900,145239
2015-11-24,91.3700,93.0250,91.1301,92.8400,115386
2015-11-23,91.2600,92.3400,91.2600,92.1300,88091
2015-11-20,90.4900,91.6297,90.3800,91.5800,175770
2015-11-19,89.7900,91.0000,89.7900,90.0400,290076
2015-11-18,87.8500,90.8600,87.5000,89.7000,276666
2015-11-17,87.8000,89.2100,87.2500,87.7600,142039
2015-11-16,87.2200,87.9200,86.7300,87.5600,126130
2015-11-13,85.7900,87.1499,85.3700,87.0000,202975
2015-11-12,86.4100,87.4200,85.9500,86.3800,188710
2015-11-11,87.6200,88.0200,86.8600,86.8900,201013
2015-11-10,86.5700,87.4000,86.0300,87.1900,156519
2015-11-09,86.7600,87.3500,85.9000,87.0100,225851
2015-11-06,89.5000,89.5000,78.1100,87.3700,743238
2015-11-05,93.4800,93.8000,92.0580,92.2100,101888
2015-11-04,93.8500,94.0000,93.1100,93.4200,134853
2015-11-03,92.4500,94.0000,90.6600,93.6500,239132
2015-11-02,92.6100,93.2300,92.2500,92.7700,229221
2015-10-30,91.9700,93.0000,91.5900,92.3700,83811
2015-10-29,94.3500,94.7500,90.9100,92.2200,157167
2015-10-28,89.0300,93.3700,88.8200,93.3500,284442
2015-10-27,90.5200,91.0500,88.3600,88.6500,168407
2015-10-26,90.7800,91.7899,90.0000,90.9700,275263
2015-10-23,90.0700,90.8000,89.3500,90.6800,113899
2015-10-22,88.6500,90.0100,88.6500,89.2100,156925
2015-10-21,89.9100,89.9100,87.7800,88.0300,94921
2015-10-20,89.8400,90.7100,89.2600,89.5600,150013
2015-10-19,88.8900,90.4200,88.8900,89.8200,124894
2015-10-16,90.0500,90.2000,88.7800,89.5100,139443
2015-10-15,88.0500,90.1580,87.8100,89.9800,122002
2015-10-14,88.5400,89.1900,87.5400,87.6200,90843
2015-10-13,89.9100,90.8160,88.3900,88.5400,160523
2015-10-12,90.1300,91.4700,89.8500,90.4800,111533
2015-10-09,88.9400,90.3700,88.2700,90.1400,114609
2015-10-08,87.0600,89.0100,86.8800,88.6400,129925
2015-10-07,86.2600,87.4400,86.0700,87.2900,178229
2015-10-06,85.8500,87.3750,85.3300,86.0000,159497
2015-10-05,84.7300,86.1800,84.4500,85.8200,218888
2015-10-02,83.9400,84.0600,82.2900,84.0200,224575
2015-10-01,84.5100,85.5650,83.9500,84.9500,186686
2015-09-30,83.7200,85.0600,83.3000,84.5000,303803
2015-09-29,81.7500,82.9600,80.8500,82.8200,192618
2015-09-28,82.1600,83.4800,81.6800,81.7200,185242
2015-09-25,83.4500,84.2900,82.0800,82.4000,130603
2015-09-24,81.8900,83.1199,81.5000,82.9800,137693
2015-09-23,83.0100,83.3800,82.1300,82.5800,195392
2015-09-22,82.5300,83.4300,82.4100,82.9300,138064
2015-09-21,82.8000,84.0000,82.3400,83.5300,122398
2015-09-18,82.2400,84.0000,81.9900,82.2000,270936
2015-09-17,82.4100,84.1200,82.4100,83.3300,198171
2015-09-16,84.3000,84.3000,82.2000,82.4300,373634
2015-09-15,83.8700,84.6000,83.5300,84.2400,151018
2015-09-14,84.1400,84.3200,83.5000,83.8500,60171
2015-09-11,83.3000,84.2800,82.9500,84.1000,124220
2015-09-10,83.5100,84.8900,83.3600,83.6300,115753
2015-09-09,85.4400,85.5400,83.5600,83.7300,134458
2015-09-08,83.8500,85.2000,83.4000,84.9400,147998
2015-09-04,82.9800,84.0399,82.2300,82.5300,71606
2015-09-03,83.4100,84.5700,83.3000,84.1900,169152
2015-09-02,83.4800,83.6200,82.4700,83.3000,213407
2015-09-01,84.3800,84.8100,82.2300,82.3200,293949
2015-08-31,85.7500,86.1200,84.8000,85.5700,146890
2015-08-28,85.5500,86.7900,84.9300,86.0400,191772
2015-08-27,84.9900,86.4700,84.5600,86.0000,254460
2015-08-26,82.8500,84.4800,80.8500,84.2400,183211
2015-08-25,81.7000,83.9950,81.1800,81.1900,192333
2015-08-24,78.6600,82.3800,77.5700,80.6900,335500
2015-08-21,83.8900,84.7700,82.6639,83.1900,198102
2015-08-20,86.7000,87.2000,85.2200,85.2700,157554
2015-08-19,89.1100,89.1100,87.7800,87.8700,108672
2015-08-18,90.6100,91.0800,89.4350,89.5400,88385
2015-08-17,89.1600,90.8900,88.5600,90.8600,96760
2015-08-14,88.8600,89.8400,88.4100,89.5800,189936
2015-08-13,89.4500,89.9999,88.7300,89.0200,116945
2015-08-12,90.1900,91.9000,88.3100,89.6200,149052
2015-08-11,91.1800,92.6500,90.5700,90.8500,144372
2015-08-10,91.2300,92.5382,91.2300,92.1500,198024
2015-08-07,90.2200,91.1250,90.0700,90.6300,133715
2015-08-06,91.8300,92.2000,90.5200,90.6800,173569
2015-08-05,91.6300,92.3800,91.1900,91.5800,161402
2015-08-04,89.9500,91.8900,89.8200,90.9100,153535
2015-08-03,90.6000,91.4600,89.6450,90.0500,253581
2015-07-31,92.3900,92.7400,90.6200,90.6900,267332
2015-07-30,92.9700,93.9200,91.1600,91.9700,312107
2015-07-29,92.0000,94.3900,91.4900,93.9700,163849
2015-07-28,91.4900,92.3500,90.8500,92.0000,153111
2015-07-27,91.3200,91.8500,90.6300,91.0900,130128
2015-07-24,92.4200,93.0800,91.8000,91.9300,145781
2015-07-23,94.0400,94.5000,92.2700,92.4600,163195
2015-07-22,93.2300,94.1000,93.1000,93.5900,168610
2015-07-21,94.8900,95.6500,92.9700,93.6700,117942
2015-07-20,95.0300,95.7940,94.6000,94.9300,94464
2015-07-17,96.9700,97.3000,94.9300,94.9800,179783
2015-07-16,96.8200,97.5600,95.5900,97.2500,136855
2015-07-15,95.6100,96.3100,95.3400,95.8700,97126
2015-07-14,95.3700,96.0600,94.0400,95.7000,135842
2015-07-13,94.2700,95.4800,94.0200,95.2700,237266
2015-07-10,93.5400,94.1500,92.8000,93.8300,107409
2015-07-09,92.8000,93.4900,92.0100,92.4400,133517
2015-07-08,91.1400,92.4000,90.5500,91.4800,209151
2015-07-07,90.7200,91.7650,89.6100,91.7000,219237
2015-07-06,90.3700,91.0800,89.9300,90.6900,144306
2015-07-02,91.8400,92.7800,90.4050,91.0300,85359
2015-07-01,91.6300,92.3100,91.3000,91.5600,149014
2015-06-30,91.6900,91.7900,90.3300,90.7800,223484
2015-06-29,93.1200,93.9400,90.9400,91.1600,141707
2015-06-26,93.6200,94.1300,92.9505,93.8900,373516
2015-06-25,92.9500,93.4700,91.2100,93.3300,176389
2015-06-24,92.2500,93.0550,92.2150,92.5100,172029
2015-06-23,92.2600,92.7600,91.3200,92.5200,164988
2015-06-22,90.6000,92.4700,90.1400,92.2300,250124
2015-06-19,89.1800,90.9700,89.0800,90.3300,320294
2015-06-18,87.6500,89.1500,86.8100,88.9000,231630
2015-06-17,88.2100,88.5900,87.0500,87.0700,116260
2015-06-16,86.7500,88.2050,86.3900,87.7600,141506
2015-06-15,87.7400,87.7400,85.6900,86.9800,114575
2015-06-12,87.1900,88.7300,86.8200,88.6100,188737
2015-06-11,86.9400,87.8200,86.9400,87.3800,136317
2015-06-10,86.9800,87.5500,86.7800,87.0300,206544
2015-06-09,87.5100,87.6600,86.2700,86.6000,138337
2015-06-08,87.7500,88.2700,86.9750,87.6600,151758
2015-06-05,87.3700,88.0200,86.4400,87.7500,120594
2015-06-04,88.1100,88.3200,86.9300,87.4600,154420
2015-06-03,89.0000,90.1200,88.5000,88.7400,242518
2015-06-02,87.9700,89.9900,87.8300,88.7300,179754
2015-06-01,87.8700,89.2000,86.4800,88.1700,195703
2015-05-29,87.0600,88.0300,86.3800,87.7200,146232
2015-05-28,87.4300,87.7300,86.4301,87.2800,80603
2015-05-27,86.5800,88.1100,86.5000,87.7300,108341
2015-05-26,88.0600,88.0600,86.0500,86.7000,125692
2015-05-22,87.8000,88.8700,87.8000,88.4800,134019
2015-05-21,88.0000,88.8500,87.4400,88.2900,121742
2015-05-20,87.9800,88.4000,87.3200,88.0700,95513
2015-05-19,88.2800,88.8400,87.3800,87.8700,141806
2015-05-18,87.7900,89.0200,87.5100,88.7900,151955
2015-05-15,88.4900,89.3254,87.7600,87.8700,133840
2015-05-14,87.4200,88.4300,86.7500,88.3700,148643
2015-05-13,86.8800,87.5700,86.2600,86.8500,122733
2015-05-12,86.3600,87.5700,85.4000,86.6300,187278
2015-05-11,87.0000,88.2300,86.8000,87.0900,138546
2015-05-08,88.7600,88.7600,86.6900,87.3000,138675
2015-05-07,86.6200,88.2500,86.6200,87.7800,104686
2015-05-06,87.5900,87.9300,86.1100,87.0200,135461
2015-05-05,89.0000,89.8300,87.3300,87.5900,147485
2015-05-04,88.8000,90.1599,88.3800,89.1400,248415
2015-05-01,88.6800,89.9100,88.2100,88.6100,203315
2015-04-30,90.8100,91.8000,88.3100,88.4600,203116
2015-04-29,90.5500,91.3800,90.1800,91.0400,198658
2015-04-28,91.1400,91.6000,89.5250,90.8100,282292
2015-04-27,93.6900,93.6900,90.7700,90.9400,262523
2015-04-24,94.2500,96.5300,92.9605,93.8500,283779
2015-04-23,91.5200,93.3400,91.5200,93.3000,450087
2015-04-22,91.9400,92.5000,91.1100,92.0000,302002
2015-04-21,92.7500,92.8400,91.9500,92.1500,235295
2015-04-20,92.5800,92.7100,91.8900,92.3400,155888
2015-04-17,91.8200,92.4600,90.8000,92.2300,182419
2015-04-16,92.0600,92.7400,91.6000,92.6600,142100
2015-04-15,92.3500,93.0200,91.6800,92.4000,174665
2015-04-14,92.6000,92.8400,91.4500,92.0000,177540
2015-04-13,92.9500,93.3600,91.9200,92.4500,179919
2015-04-10,93.9200,94.2825,92.5800,93.1900,168422
2015-04-09,92.7600,93.5200,92.0000,93.2700,269029
2015-04-08,91.4400,92.8400,91.1200,92.8000,151345
2015-04-07,91.8100,92.1216,91.1200,91.6200,161881
2015-04-06,90.9600,92.0900,90.3200,92.0300,319164
2015-04-02,90.5000,91.7700,89.7200,91.2400,384837
2015-04-01,88.9400,90.7200,87.9300,90.4600,368322
2015-03-31,88.1000,89.4200,87.7600,88.7200,227701
2015-03-30,87.1300,89.0100,86.7500,88.8400,222810
2015-03-27,85.7800,86.7700,85.3200,86.7500,183621
2015-03-26,85.1900,86.6600,84.6600,85.8500,149841
2015-03-25,87.0800,87.8400,84.7900,85.1100,217307
2015-03-24,87.6800,88.2500,86.8900,87.1900,225266
2015-03-23,87.7400,88.4400,87.0400,87.4200,275916
2015-03-20,87.0500,88.5200,86.6500,88.0500,346368
2015-03-19,85.1400,86.8900,85.1400,86.4900,162537
2015-03-18,84.2400,85.7700,82.6015,85.5900,176846
2015-03-17,83.8900,84.7600,83.2900,84.1700,228049
2015-03-16,84.5100,85.2400,84.0000,84.7000,233172
2015-03-13,85.7600,85.7600,82.7300,84.0300,184564
2015-03-12,84.3900,86.0000,83.9800,85.8800,199581
2015-03-11,83.1000,83.8300,82.5500,83.7200,181397
2015-03-10,83.7200,84.2800,82.7900,83.0200,254615
2015-03-09,85.0600,85.3400,84.1300,84.6800,140586
2015-03-06,84.1900,85.1100,84.1400,84.6400,193030
2015-03-05,85.0300,85.5800,84.2800,85.0000,151865
2015-03-04,85.5100,86.2750,83.9800,85.0000,344165
2015-03-03,87.1300,87.4000,85.2600,86.0000,343039
2015-03-02,85.0900,87.1500,85.0200,87.1200,277878
2015-02-27,85.0000,85.8100,84.4700,85.1200,259985
2015-02-26,84.0600,85.4700,83.9500,85.1100,224372
2015-02-25,83.1000,84.4000,82.9400,84.2400,235116
2015-02-24,82.5400,83.3500,82.1000,83.3100,186711
2015-02-23,82.6000,82.6000,81.5500,82.4800,229902
2015-02-20,81.8300,83.0900,80.6800,82.5900,143353
2015-02-19,81.5900,82.1700,81.3000,81.8300,195941
2015-02-18,81.1800,82.1900,81.1800,81.9600,174703
2015-02-17,81.9700,82.3000,80.9000,81.5200,221752
2015-02-13,80.7500,82.1600,79.8000,82.0000,222848
2015-02-12,78.9400,80.6000,78.5500,80.5000,162707
2015-02-11,77.9300,78.6800,77.4700,78.5300,128310
2015-02-10,78.3600,78.3800,77.3500,78.0200,163956
2015-02-09,77.5700,78.3900,76.9900,77.5100,245081
2015-02-06,78.3400,79.4600,77.6600,78.0500,181394
2015-02-05,78.0200,79.4300,77.6870,78.3900,204873
2015-02-04,77.1200,78.8200,76.4900,78.0100,203071
2015-02-03,76.5600,77.4100,75.4500,77.2000,373912
2015-02-02,72.4600,76.4400,72.3700,76.4100,585246
2015-01-30,76.9500,76.9500,70.2905,71.3500,951326
2015-01-29,79.0300,79.2300,76.9900,78.2200,265882
2015-01-28,80.0600,80.2200,78.4800,78.7100,482919
2015-01-27,77.6600,79.9300,77.4900,79.2800,370529
2015-01-26,78.8100,79.0800,77.8200,78.6700,229073
2015-01-23,79.6000,79.7800,78.7600,78.8200,194797
2015-01-22,78.7600,80.4700,77.6600,79.4600,336575
2015-01-21,74.7700,78.7500,74.6800,78.0200,381786
2015-01-20,73.8900,74.3300,72.0400,73.5800,137920
2015-01-16,71.4100,74.0700,71.4100,73.8900,164864
2015-01-15,72.9200,73.2000,70.8200,71.8100,147668
2015-01-14,71.4200,73.2100,71.2900,72.6000,159243
2015-01-13,71.6800,73.7699,71.1900,72.1600,157474
2015-01-12,72.0500,72.2300,70.6300,70.9600,157338
2015-01-09,72.7500,72.7500,71.7200,71.8300,133240
2015-01-08,71.1000,72.8450,70.8600,72.7200,353236
2015-01-07,70.4300,70.8200,69.4400,70.4900,161471
2015-01-06,71.4600,71.7400,69.6700,70.0500,154643
2015-01-05,71.6700,72.5500,70.7700,71.3600,170952
2015-01-02,72.6100,73.3800,71.1600,72.1700,115922
2014-12-31,73.5800,74.3900,72.2300,72.3000,127158
2014-12-30,73.4300,73.7700,72.9300,73.2400,60840
2014-12-29,73.1000,74.0600,72.6900,73.4600,70894
2014-12-26,73.3500,73.7600,72.9200,73.0300,73704
2014-12-24,72.5000,73.7000,72.2600,72.8500,59017
2014-12-23,72.0000,72.5500,71.8400,72.4500,148974
2014-12-22,71.9300,72.2750,71.2600,71.9000,147394
2014-12-19,70.8500,72.1200,70.6000,71.8200,405911
2014-12-18,69.1800,70.9600,68.8800,70.8400,509939
2014-12-17,67.2600,68.9700,66.9448,68.4000,501733
2014-12-16,69.5100,69.5100,67.6700,67.7400,486120
2014-12-15,71.4000,71.8700,69.9650,69.9800,216480
2014-12-12,71.8600,72.5400,71.1000,71.1600,119697
2014-12-11,72.2800,73.7100,72.2400,72.5200,114961
2014-12-10,73.0800,73.7900,71.9000,71.9500,147199
2014-12-09,71.1400,73.4200,71.1400,73.2400,214386
2014-12-08,73.1300,73.3300,71.7950,72.0600,135236
2014-12-05,72.8900,73.9000,72.8900,73.2000,110750
2014-12-04,73.1400,73.7200,72.5000,72.9600,99501
2014-12-03,73.0000,73.9000,72.6000,73.3400,119423
2014-12-02,72.3200,73.3700,72.0760,72.9100,119807
2014-12-01,71.4100,73.3200,71.3600,72.3700,201281
2014-11-28,71.9700,73.1500,71.3200,71.7800,153172
2014-11-26,71.9300,72.0800,71.3000,71.9300,351524
2014-11-25,71.7600,72.1200,71.5100,71.7400,349997
2014-11-24,72.0000,72.7700,71.9500,72.0100,447775
2014-11-21,72.7300,73.1200,71.9300,71.9800,200419
2014-11-20,71.1500,72.0100,71.0900,72.0000,166265
2014-11-19,71.7500,72.0499,70.9000,71.6800,167502
2014-11-18,71.6300,72.1100,71.6300,71.7800,214141
2014-11-17,71.3200,72.0600,70.8900,71.5100,222722
2014-11-14,71.8100,72.0300,71.3800,71.4400,200399
2014-11-13,71.9700,72.1200,71.6500,71.8100,140066
2014-11-12,71.5100,72.6000,71.2500,71.7500,280329
2014-11-11,70.5600,72.0300,70.3500,71.8400,313356
2014-11-10,70.5000,71.0400,70.0400,70.7300,332791
2014-11-07,66.7000,73.3400,65.3700,70.3400,967562
2014-11-06,61.2200,62.2400,61.2200,61.7500,203489
2014-11-05,62.6900,62.7700,60.9500,61.1400,216932
2014-11-04,62.4500,62.9800,62.1200,62.2400,118338
2014-11-03,62.4500,63.2500,62.1900,62.4600,156017
2014-10-31,62.5200,62.7600,62.2200,62.3000,184265
2014-10-30,59.8200,61.6850,59.8200,61.3800,152351
2014-10-29,59.3900,60.4000,59.1600,60.1500,136905
2014-10-28,58.2200,59.4000,58.2200,59.3900,151623
2014-10-27,56.8600,58.0400,56.4201,57.9900,79632
2014-10-24,57.0200,57.2300,56.5801,56.9200,116235
2014-10-23,56.8900,57.1300,56.2600,57.0200,126622
2014-10-22,57.5400,57.5800,56.2800,56.3000,67449
2014-10-21,56.5000,57.4000,56.4600,57.2300,105097
2014-10-20,54.3700,56.1500,54.3700,56.1300,107524
2014-10-17,55.0800,56.5400,54.2100,54.6100,266771
2014-10-16,53.9900,54.6600,53.4500,54.5800,278791
2014-10-15,53.4800,55.2800,53.0900,54.8600,189516
2014-10-14,54.3600,55.3900,54.1200,54.3200,172292
2014-10-13,53.9300,54.8300,53.3600,53.8900,184578
2014-10-10,54.0200,54.9300,53.7100,53.9000,159126
2014-10-09,55.1700,55.2700,53.8450,54.2500,197752
2014-10-08,54.0500,55.4200,53.9050,55.3600,157005
2014-10-07,54.5600,54.8400,53.9900,53.9900,163576
2014-10-06,55.6400,55.6625,55.0000,55.0000,113135
2014-10-03,55.7600,55.7900,55.2450,55.5500,206815
2014-10-02,55.1400,55.7300,54.7500,55.2600,180179
2014-10-01,55.3100,55.8800,54.8500,55.1400,358165
2014-09-30,55.3800,55.5750,54.9400,55.1000,281902
2014-09-29,55.1300,55.7500,55.1300,55.4600,116372
2014-09-26,55.1400,55.7900,54.9800,55.6500,98903
2014-09-25,56.0500,56.1200,54.8950,55.1100,161511
2014-09-24,56.0500,56.5200,55.6900,56.3200,129261
2014-09-23,57.0000,57.2100,56.0000,56.0700,126878
2014-09-22,57.8400,57.8400,57.0400,57.2300,129216
2014-09-19,58.9900,59.3300,57.8900,57.9700,410800
2014-09-18,59.2700,59.5700,58.8500,58.9800,153200
2014-09-17,59.6500,59.6500,58.9850,59.2100,114700
2014-09-16,59.6200,60.0900,58.9800,59.4900,170100
2014-09-15,60.3600,60.5300,59.4400,59.6400,100800
2014-09-12,60.8100,60.8100,59.5100,60.2100,113400
2014-09-11,60.8000,61.1900,60.4500,60.8300,207200
2014-09-10,59.4000,61.4900,59.4000,61.2700,278800
2014-09-09,59.7200,59.8800,59.0600,59.5200,224800
2014-09-08,59.7400,60.1200,59.3800,59.9400,175800
2014-09-05,59.1100,60.0400,58.9650,60.0400,140000
2014-09-04,59.4500,60.0500,59.1700,59.2600,118700
2014-09-03,59.6800,59.7600,59.2200,59.4600,262900
2014-09-02,58.3000,59.4400,58.1450,59.4100,302300
2014-08-29,57.6700,58.2500,57.4100,58.1700,341300
2014-08-28,56.9100,57.8500,56.7200,57.5500,200900
2014-08-27,57.2200,57.3000,56.6700,56.9700,213500
2014-08-26,57.1700,57.5600,56.2500,57.3400,148100
2014-08-25,57.5200,57.5500,56.9200,57.1800,146400
2014-08-22,58.3800,58.5800,57.0800,57.1000,255600
2014-08-21,55.8500,58.5350,55.8400,58.4500,437500
2014-08-20,55.9300,56.0500,54.8300,55.6600,376700
2014-08-19,56.1600,56.4400,55.9000,56.0600,133900
2014-08-18,56.0000,56.6700,55.9800,56.2200,93900
2014-08-15,56.0600,56.1600,54.7700,55.4300,167800
2014-08-14,55.9100,56.2000,55.5300,55.6600,89100
2014-08-13,55.6700,56.1100,55.6000,55.9200,93700
2014-08-12,55.9200,56.2500,55.2800,55.4600,174300
2014-08-11,55.2000,56.2300,54.9600,56.0500,238800
2014-08-08,54.8700,55.3500,54.6000,54.9000,649200
2014-08-07,55.6200,55.7700,54.8200,54.8900,175900
2014-08-06,54.7600,55.7500,54.4400,55.5500,220900
2014-08-05,55.8500,56.1800,54.3800,54.9300,319900
2014-08-04,56.0000,56.1600,55.3100,56.1300,293000
2014-08-01,57.2800,57.3350,55.3500,55.7800,426900
2014-07-31,58.0500,58.8100,57.1300,57.1500,214200
2014-07-30,59.0300,59.0900,58.4200,58.8500,171400
2014-07-29,58.2000,59.3500,58.2000,58.5600,259500
2014-07-28,58.5100,58.5100,57.6700,58.1500,241200
2014-07-25,60.0800,60.8200,58.4400,58.5100,372100
2014-07-24,63.2100,63.4500,62.6100,62.8000,208700
2014-07-23,63.0300,63.2650,62.4500,63.0400,245200
2014-07-22,62.7200,63.7600,62.7200,63.0300,309700
2014-07-21,62.1800,62.6500,61.8600,62.3200,229700
2014-07-18,61.9500,62.6225,61.9400,62.4900,282200
2014-07-17,62.7400,63.1300,61.9600,62.0200,225600
2014-07-16,63.5400,64.0450,62.7900,62.9400,366800
2014-07-15,63.3100,63.5200,62.5900,63.1800,306600
2014-07-14,63.7600,64.1700,63.2400,63.4100,216700
2014-07-11,63.1500,63.6200,63.0150,63.2900,137500
2014-07-10,62.3900,63.5500,62.3400,63.2300,218500
2014-07-09,63.2200,63.5000,62.6900,63.4200,282400
2014-07-08,63.9100,63.9100,62.8600,62.9900,413300
2014-07-07,64.7800,64.7800,63.8600,63.9300,250500
2014-07-03,65.1000,65.4500,64.7900,64.8700,197700
2014-07-02,64.8900,65.6200,64.7100,64.8600,281800
2014-07-01,64.0000,65.6100,63.7575,64.8800,474200
2014-06-30,62.9300,63.8700,62.3001,63.7600,281700
2014-06-27,61.6500,63.1600,61.6500,62.9200,442500
2014-06-26,61.9800,62.5100,61.4900,62.1100,192600
2014-06-25,61.3000,62.1200,61.2000,62.0500,209600
2014-06-24,61.1200,61.9400,60.6500,61.6400,263800
2014-06-23,61.5100,61.9500,61.0400,61.1700,219400
2014-06-20,60.4200,61.5300,60.1400,61.4300,409600
2014-06-19,60.3600,60.8700,59.8900,60.5400,212700
2014-06-18,59.8300,60.3700,59.3800,60.3000,245200
2014-06-17,59.7800,61.1500,59.7340,59.8700,453100
2014-06-16,59.4000,59.9575,59.0400,59.8000,246700
2014-06-13,59.5100,60.0700,59.3300,59.5400,142200
2014-06-12,59.4600,59.8200,58.8300,59.3000,252200
2014-06-11,59.3500,60.0000,59.1000,59.6400,208500
2014-06-10,59.3700,59.7700,58.9600,59.6000,203700
2014-06-09,58.4900,59.6700,58.4000,59.4900,320200
2014-06-06,58.5600,59.1000,58.0100,58.6000,440900
2014-06-05,57.5000,58.1400,57.3600,58.1200,294600
2014-06-04,57.7300,57.9780,57.3700,57.5400,217400
2014-06-03,58.3100,58.5900,57.7200,58.0300,259500
2014-06-02,58.9700,59.2100,58.4600,58.4800,183800
2014-05-30,59.6500,59.7200,58.6700,58.9000,180200
2014-05-29,59.0900,59.8800,59.0900,59.5000,256500
2014-05-28,57.9900,59.2580,57.9500,59.0100,324500
2014-05-27,57.5700,57.9000,57.2400,57.8200,215600
2014-05-23,56.4300,57.5300,55.8300,57.1600,221000
2014-05-22,56.5800,56.7400,56.3350,56.5800,126100
2014-05-21,56.2600,56.9900,56.0200,56.5800,120600
2014-05-20,56.8500,56.8500,55.5200,56.1500,242300
2014-05-19,55.2800,57.2800,55.2700,57.1300,201500
2014-05-16,54.1400,55.6800,53.5400,55.5900,178300
2014-05-15,54.8400,54.8500,53.6600,54.2700,200600
2014-05-14,56.3300,56.3300,54.7763,54.9500,176500
2014-05-13,58.2500,58.2500,56.3460,56.4400,196500
2014-05-12,56.9700,58.7100,56.9700,58.2700,206000
2014-05-09,55.6400,56.8700,55.4900,56.8000,170500
2014-05-08,56.3100,57.0000,55.8200,55.9800,172200
2014-05-07,55.8300,56.4300,55.1600,56.3600,188800
2014-05-06,56.1100,56.3600,55.3900,55.5900,154000
2014-05-05,56.4200,56.8300,55.8900,56.4300,162500
2014-05-02,56.6200,57.7500,56.5400,56.9000,156800
2014-05-01,57.3000,57.5300,56.1400,56.5600,222800
2014-04-30,57.0600,57.6800,56.5500,57.2000,218000
2014-04-29,58.6100,58.8800,57.2000,57.3400,272600
2014-04-28,57.8500,58.7000,57.1206,58.2600,237000
2014-04-25,54.2200,59.3040,54.2200,57.4100,348700
2014-04-24,54.9100,55.1700,53.5300,54.2500,154500
2014-04-23,53.9200,54.5400,53.6680,54.3500,128200
2014-04-22,53.4500,54.3200,53.3400,54.1800,113500
2014-04-21,53.4700,53.6300,53.0100,53.4500,96200
2014-04-17,52.0700,53.6700,52.0600,53.3900,174600
2014-04-16,51.8000,52.5100,51.4500,52.2200,162800
2014-04-15,51.6900,51.8500,50.4900,51.5600,188200
2014-04-14,52.0600,52.3700,51.2200,51.6500,163600
2014-04-11,52.9900,53.2600,51.2106,51.4200,179100
2014-04-10,53.7900,53.9100,53.0200,53.5300,306200
2014-04-09,53.6800,54.1300,53.4200,54.0100,156900
2014-04-08,53.4700,53.9900,53.0300,53.6000,166800
2014-04-07,53.6600,54.4354,52.9500,53.4800,240600
2014-04-04,55.4700,55.4700,53.7300,53.8000,217300
2014-04-03,55.8600,56.5300,54.8750,55.0700,101500
2014-04-02,56.2700,56.4200,55.5100,55.9900,116800
2014-04-01,55.4800,56.3900,55.2600,56.2800,220700
2014-03-31,54.5700,55.6200,54.2600,55.3200,207600
2014-03-28,54.3200,55.2000,54.1700,54.3100,171400
2014-03-27,54.3200,54.8500,53.9420,54.3100,209500
2014-03-26,55.2400,55.2400,54.0500,54.3100,220200
2014-03-25,55.0800,55.2700,54.4200,54.8000,129200
2014-03-24,54.9800,54.9800,54.3600,54.7700,185700
2014-03-21,55.2600,55.7700,54.7200,54.7500,300000
2014-03-20,54.4200,54.9800,54.4200,54.7900,143800
2014-03-19,54.7900,55.2380,54.0800,54.5400,258200
2014-03-18,53.3900,55.0000,53.3900,55.0000,174100
2014-03-17,53.0800,53.7700,53.0800,53.2900,131100
2014-03-14,52.4000,53.4900,52.2800,52.7200,132000
2014-03-13,53.8300,54.0300,52.4900,52.6600,150100
2014-03-12,53.6300,54.1000,53.2700,53.7200,200100
2014-03-11,52.9900,54.2197,52.7100,53.8800,197000
2014-03-10,53.5400,54.8500,52.6200,53.1200,279100
2014-03-07,53.5600,53.8600,53.2800,53.6500,157600
2014-03-06,53.7900,53.8799,53.2600,53.4100,166800
2014-03-05,53.8700,54.2900,53.4000,53.6300,150600
2014-03-04,54.0000,54.8000,53.8800,53.9600,347100
2014-03-03,53.0500,54.0100,52.8500,53.0700,183700
2014-02-28,53.2800,54.1000,53.2500,53.7300,164600
2014-02-27,52.6000,53.4500,52.4700,53.1500,262700
2014-02-26,53.0900,53.3600,52.5500,52.8200,199300
2014-02-25,53.4500,53.4800,52.9000,53.1000,118700
2014-02-24,52.9900,53.7500,52.9900,53.4300,191900
2014-02-21,53.2000,53.3200,52.9100,52.9600,173400
2014-02-20,52.6900,53.3200,52.6900,53.1300,192900
2014-02-19,52.6500,53.2000,52.5500,52.7700,164700
2014-02-18,53.4000,53.8200,52.6500,52.9700,218500
2014-02-14,53.4600,53.6900,52.7400,53.4100,128500
2014-02-13,52.7700,53.8600,52.1300,53.4800,220000
2014-02-12,52.5000,53.0000,52.3500,52.7700,169800
2014-02-11,51.6700,52.9800,51.6700,52.5900,188600
2014-02-10,50.9500,51.7300,50.2600,51.7100,213600
2014-02-07,51.5400,52.1300,50.9300,51.0000,257500
2014-02-06,51.5800,51.9380,50.8700,51.4400,211000
2014-02-05,51.7200,52.0600,50.7500,51.5400,267900
2014-02-04,52.2300,52.6800,51.7000,52.2000,274600
2014-02-03,54.2500,54.3700,52.0900,52.1400,369900
2014-01-31,53.9100,54.8000,53.9100,54.3600,177800
2014-01-30,54.2600,55.0800,53.9300,54.5300,163200
2014-01-29,54.7400,55.4000,53.8200,53.9200,160300
2014-01-28,55.5600,55.7300,55.0500,55.2400,278700
2014-01-27,56.8800,56.8800,55.4300,55.4600,173200
2014-01-24,57.5200,58.1400,56.5800,56.7000,254700
2014-01-23,59.8600,59.8600,56.6500,57.7100,315300
2014-01-22,59.9900,60.0000,59.3901,60.0000,157100
2014-01-21,60.4700,60.6100,59.6800,59.9500,129200
2014-01-17,59.9600,60.2300,59.9300,60.0000,310100
2014-01-16,60.1900,60.2900,59.8000,60.0000,143200
2014-01-15,60.0000,60.5100,59.8500,60.2000,108700
2014-01-14,60.0400,60.5500,59.6000,60.0000,126100
2014-01-13,60.5500,60.7700,59.2000,59.5200,134900
2014-01-10,61.0000,61.0400,60.2450,60.8700,155900
2014-01-09,61.3100,61.3100,60.3100,60.9900,92400
2014-01-08,61.1600,61.2500,60.5400,60.9300,167300
2014-01-07,61.4900,61.7200,60.6600,61.1500,193500
2014-01-06,61.6800,61.9100,61.1300,61.1600,132700
2014-01-03,61.5500,61.8700,60.8900,61.5900,234500
2014-01-02,62.4900,62.4900,60.8400,61.5700,184900
2013-12-31,63.2800,63.2800,62.5500,62.8400,99300
2013-12-30,62.5600,63.3000,62.4000,62.9700,97600
2013-12-27,63.1300,63.4400,62.4700,62.8000,143400
2013-12-26,63.0300,63.4800,62.4600,62.7900,95300
2013-12-24,62.4600,63.0900,62.4400,62.7900,64600
2013-12-23,62.1700,62.6940,61.6400,62.5800,129000
2013-12-20,60.2400,61.8700,60.2400,61.7600,444600
2013-12-19,59.8900,60.4200,59.3000,60.1500,180500
2013-12-18,58.3500,60.1600,58.3500,60.1300,218300
2013-12-17,58.8200,58.8900,57.9000,58.2300,200400
2013-12-16,57.1200,59.4600,57.1200,59.2700,284200
2013-12-13,57.0800,57.6800,56.8900,57.0000,227200
2013-12-12,56.5300,57.4700,56.2000,56.7900,159800
2013-12-11,57.9100,58.0700,56.4200,56.5400,157900
2013-12-10,57.9800,58.7400,57.4500,57.6900,222200
2013-12-09,59.6200,59.6200,57.9500,58.2100,161800
2013-12-06,59.2100,60.0700,58.8700,59.6200,152300
2013-12-05,58.2300,59.0100,57.9500,58.7200,171200
2013-12-04,57.9900,58.8400,57.4400,58.4200,113000
2013-12-03,58.0200,58.6400,58.0200,58.3800,147000
2013-12-02,58.9400,59.5400,58.1300,58.2100,131900
2013-11-29,58.8400,59.4200,58.5200,59.0100,69200
2013-11-27,59.0900,59.1800,58.7200,59.0400,78500
2013-11-26,58.2800,59.2650,58.1400,58.9400,102500
2013-11-25,58.5000,58.7800,58.0600,58.5000,160000
2013-11-22,58.8000,58.8000,57.8100,58.1500,131100
2013-11-21,57.9500,58.7400,57.0000,58.7000,110800
2013-11-20,57.6100,58.0700,57.3300,57.7100,98500
2013-11-19,57.5200,58.0600,57.1800,57.4000,119800
2013-11-18,57.5100,58.5100,57.3600,57.6600,192400
2013-11-15,56.7800,57.7200,56.3100,57.5900,123100
2013-11-14,57.2700,57.2700,56.5000,56.8600,37500
2013-11-13,56.4500,57.4280,56.2300,57.1900,115900
2013-11-12,55.4600,56.8400,55.1900,56.7300,145000
2013-11-11,55.4900,56.7000,55.0600,55.6600,151300
2013-11-08,54.3100,55.6000,54.3100,55.5700,173500
2013-11-07,55.5600,55.9000,54.3300,54.3700,273700
2013-11-06,56.6800,56.6800,55.4200,55.4700,159600
2013-11-05,56.9100,57.1199,55.7800,56.3700,104600
2013-11-04,56.6800,57.4300,56.4400,57.3000,105900
2013-11-01,57.1800,57.4300,56.1700,56.6900,166800
2013-10-31,56.0000,59.6480,56.0000,57.2800,234500
2013-10-30,57.8100,57.9100,56.6710,56.7200,198700
2013-10-29,57.3800,57.9500,57.1900,57.8600,95500
2013-10-28,57.2100,57.4900,56.8600,57.2200,171500
2013-10-25,57.5500,57.9500,57.1235,57.1500,113200
2013-10-24,57.1000,57.8800,57.1000,57.2700,113200
2013-10-23,57.4400,57.5200,56.8400,56.8800,109800
2013-10-22,57.5100,58.1900,57.4900,57.6500,93000
2013-10-21,56.6800,57.6800,56.4300,57.3500,129700
2013-10-18,55.4700,56.8300,55.3400,56.7600,246100
2013-10-17,54.5600,55.1600,54.3100,55.0000,189100
2013-10-16,54.7500,55.7400,54.6700,54.9700,170800
2013-10-15,54.3700,54.9950,54.2100,54.5000,131300
2013-10-14,53.7000,55.3900,52.9000,54.6700,420300
2013-10-11,56.3200,57.5800,56.3200,57.3300,129600
2013-10-10,55.9700,56.7500,55.4400,56.6200,126700
2013-10-09,55.8800,55.9900,55.0700,55.3600,119900
2013-10-08,55.6900,56.4800,55.3700,55.6500,225500
2013-10-07,54.9400,56.3600,54.9400,55.8600,221800
2013-10-04,54.8800,55.7400,54.7700,55.4100,84700
2013-10-03,55.3900,55.4050,54.1400,55.0100,209200
2013-10-02,54.9800,55.7100,54.5900,55.5400,110800
2013-10-01,55.2300,56.3500,54.8700,55.2800,295700
2013-09-30,54.7600,55.5400,54.5400,55.2800,146100
2013-09-27,54.8000,55.6100,54.8000,55.2200,106900
2013-09-26,55.2200,55.8000,54.8800,55.2900,75300
2013-09-25,54.9100,55.5800,54.7500,55.1900,131500
2013-09-24,54.0900,55.1200,53.7600,54.9100,146700
2013-09-23,53.7500,54.2700,53.7500,53.9200,128800
2013-09-20,53.7300,54.9000,53.7300,53.8400,269700
2013-09-19,54.3400,54.5500,53.8000,53.9300,97900
2013-09-18,53.2800,54.8200,53.1400,54.4200,107400
2013-09-17,52.5300,53.4800,52.3800,53.4300,104300
2013-09-16,52.9000,53.0000,52.4100,52.5400,79400
2013-09-13,52.5600,53.0100,52.0800,52.4300,65100
2013-09-12,53.2900,53.4400,52.4000,52.4100,116400
2013-09-11,52.5500,53.5900,52.4800,53.4600,185700
2013-09-10,51.5000,52.5800,51.1900,52.5600,107700
2013-09-09,50.4300,51.5900,50.4300,51.3000,96700
2013-09-06,50.4600,50.8200,49.5600,50.3000,108400
2013-09-05,50.0600,50.6800,49.6000,50.3000,112200
2013-09-04,49.2800,50.3300,48.9660,50.2200,174000
2013-09-03,50.8400,50.9700,48.5800,49.3300,361200
2013-08-30,50.8300,50.8300,50.0000,50.0800,168900
2013-08-29,50.7500,51.3000,50.7200,50.9900,98700
2013-08-28,51.0200,51.4300,50.7500,50.8500,138000
2013-08-27,51.8800,51.9300,50.8700,51.1700,221100
2013-08-26,52.3500,52.9900,52.1500,52.6500,130200
2013-08-23,52.6400,52.6700,52.2500,52.4000,127000
2013-08-22,51.8200,52.7700,51.8200,52.5900,84300
2013-08-21,51.6100,52.4155,51.2000,51.8000,114400
2013-08-20,51.2000,52.1900,51.1899,51.8100,62100
2013-08-19,51.7100,51.7700,51.2200,51.2700,89400
2013-08-16,51.9000,52.1600,51.7400,51.8000,118000
2013-08-15,51.8200,52.1499,51.6700,51.8400,192700
2013-08-14,52.7300,52.8500,52.3850,52.4900,170500
2013-08-13,52.5800,52.9500,52.0300,52.7900,148900
2013-08-12,51.5400,52.6880,51.5400,52.4500,109100
2013-08-09,51.7900,52.2700,51.6300,51.8700,55800
2013-08-08,51.7800,52.1400,51.3500,51.8800,61800
2013-08-07,51.6800,52.0800,51.5460,51.7200,92700
2013-08-06,51.9300,51.9500,51.5700,51.7700,93600
2013-08-05,51.6000,52.6900,51.5000,52.1800,177400
2013-08-02,50.9200,51.8800,50.9200,51.7200,161500
2013-08-01,50.5101,53.8100,50.5100,51.9100,428900
2013-07-31,50.2400,50.5100,48.6800,49.9600,245600
2013-07-30,50.0000,50.4600,49.6200,50.1300,120100
2013-07-29,50.2200,50.5400,49.6300,49.7900,130500
2013-07-26,50.6900,51.2600,50.1000,50.4400,152400
2013-07-25,50.1600,51.2100,50.1600,51.1700,147300
2013-07-24,50.6900,50.6950,49.9500,50.1600,91600
2013-07-23,50.7100,50.8450,50.1200,50.4200,263100
2013-07-22,50.4200,50.9800,50.4200,50.6400,122600
2013-07-19,50.1600,50.6700,50.0900,50.3700,203700
2013-07-18,49.6700,50.7100,49.6700,50.4300,78800
2013-07-17,49.6100,49.9200,49.4900,49.6300,69600
2013-07-16,49.5000,49.8300,49.3340,49.5000,115800
2013-07-15,48.4900,49.5199,48.4900,49.4900,135400
2013-07-12,48.2500,48.5600,48.1050,48.5100,161800
2013-07-11,48.4700,48.7500,47.9101,48.3300,131900
2013-07-10,48.0000,48.2000,47.8300,48.1300,115800
2013-07-09,48.1800,48.3500,47.8500,48.1400,123100
2013-07-08,48.1800,48.3500,47.7000,48.0900,285600
2013-07-05,48.0100,48.2900,47.7300,48.2200,83300
2013-07-03,46.5400,47.9400,46.5400,47.5000,105500
2013-07-02,46.6400,47.2850,46.5400,46.8200,120200
2013-07-01,46.0100,47.2000,45.8000,46.6900,148600
2013-06-28,46.0500,46.5000,45.8000,45.8300,196100
2013-06-27,45.2200,46.3600,45.1800,46.2700,130400
2013-06-26,44.9600,45.1200,44.5900,44.8600,152300
2013-06-25,44.9500,44.9500,44.1300,44.5100,130500
2013-06-24,44.5900,44.8600,44.0550,44.5600,230900
2013-06-21,45.6100,45.6100,44.5400,44.9800,407800
2013-06-20,45.9000,46.3200,45.4100,45.4700,387700
2013-06-19,47.4000,47.4000,46.5300,46.5700,203600
2013-06-18,47.0500,47.6600,46.8800,47.3400,152000
2013-06-17,47.6700,47.6700,46.8300,47.0900,147300
2013-06-14,47.7400,48.0000,47.0400,47.1700,87400
2013-06-13,47.0300,48.0100,46.8900,47.7700,132500
2013-06-12,47.9200,47.9900,46.8600,47.1200,118100
2013-06-11,48.0300,48.2900,47.6700,47.7200,154300
2013-06-10,49.0400,49.0400,48.4400,48.7800,160100
2013-06-07,48.4900,48.8600,47.9500,48.7900,308600
2013-06-06,48.0800,48.6600,47.5200,48.3900,144200
2013-06-05,49.0000,49.0600,47.8000,48.0200,213100
2013-06-04,49.1400,50.1600,48.5700,49.0800,166900
2013-06-03,49.2200,49.3400,48.2200,49.0400,245400
2013-05-31,49.6000,49.6000,49.0500,49.0800,206800
2013-05-30,49.9200,50.6500,49.7426,49.9400,131800
2013-05-29,49.3000,49.8700,49.1200,49.7000,148500
2013-05-28,49.8300,50.2000,49.4200,49.7700,153700
2013-05-24,48.8100,49.1400,48.5000,49.1200,78300
2013-05-23,48.9000,49.6900,48.9000,49.2100,180800
2013-05-22,49.9600,50.7600,49.0600,49.2900,199700
2013-05-21,49.7200,50.2300,49.6700,50.0100,96100
2013-05-20,50.4800,50.8200,49.5200,49.8000,201800
2013-05-17,50.5400,50.9300,50.2500,50.7600,223900
2013-05-16,49.8200,50.8350,49.7700,50.1700,199200
2013-05-15,49.3000,50.2300,49.0500,49.8300,212200
2013-05-14,48.4500,49.4000,48.3600,49.3100,233900
2013-05-13,48.7600,48.9800,48.3300,48.4700,128000
2013-05-10,48.3300,49.1400,48.2000,48.7500,197500
2013-05-09,48.1300,48.3600,47.8300,48.1700,234600
2013-05-08,48.0400,48.4700,47.9600,48.3200,197100
2013-05-07,48.0000,48.5700,47.8000,48.1900,218400
2013-05-06,47.2700,48.1200,47.0600,47.9000,243500
2013-05-03,46.5700,48.1250,46.5000,47.4800,316600
2013-05-02,45.6500,46.6700,45.4200,46.2900,189000
2013-05-01,46.2700,46.4300,45.3500,45.5500,421800
2013-04-30,45.1200,46.7540,45.0400,46.5800,330900
2013-04-29,44.3400,45.5600,44.1700,45.1100,289900
2013-04-26,44.1100,44.3200,44.0800,44.1800,281000
2013-04-25,45.3750,45.3750,44.0300,44.2800,202800
2013-04-24,43.8600,44.1600,43.5200,44.0000,143800
2013-04-23,43.6700,44.1200,43.1700,44.0000,115300
2013-04-22,43.1000,43.3743,42.3300,43.3300,136700
2013-04-19,42.7200,43.0500,42.2250,43.0100,130300
2013-04-18,42.7300,42.9800,42.1200,42.6700,169200
2013-04-17,42.9200,42.9200,42.2100,42.6900,208200
2013-04-16,42.2100,43.2600,42.2000,43.1900,206500
2013-04-15,42.3200,42.3800,41.6200,41.7800,246300
2013-04-12,42.9100,43.1200,42.5400,42.5700,87200
2013-04-11,43.0500,43.4100,42.6900,43.3000,128300
2013-04-10,41.8300,43.2100,41.7600,43.0700,190800
2013-04-09,42.3500,42.3500,41.3700,41.6200,90300
2013-04-08,41.9900,42.2400,41.3300,42.2200,93800
2013-04-05,42.3100,42.3100,41.6000,41.8700,127400
2013-04-04,43.6900,43.6900,42.4200,42.8100,418800
2013-04-03,44.1600,44.3193,43.5500,43.7000,179700
2013-04-02,44.7200,44.7900,43.6900,44.0400,123800
2013-04-01,45.5500,45.7500,44.1300,44.4500,130200
2013-03-28,45.9000,45.9500,45.5900,45.6900,108000
2013-03-27,45.1000,45.9500,44.9700,45.8900,129100
2013-03-26,45.3900,45.4300,45.0100,45.3500,63100
2013-03-25,45.5100,45.7600,44.8200,45.2300,189100
2013-03-22,45.7100,45.8000,45.2800,45.4500,50400
2013-03-21,45.6000,45.9400,45.4000,45.4800,107500
2013-03-20,46.0000,46.3200,45.6000,46.0300,108100
2013-03-19,45.6700,45.8500,45.1700,45.7000,127800
2013-03-18,45.3800,45.8400,45.3300,45.6600,99600
2013-03-15,46.0000,46.0000,45.6900,45.9000,285700
2013-03-14,45.6300,46.0000,45.4600,45.9700,126500
2013-03-13,45.3000,45.4800,45.1200,45.4200,138000
2013-03-12,45.2500,45.3300,44.8200,45.1900,181800
2013-03-11,45.7200,45.7800,45.2801,45.4100,82300
2013-03-08,45.8100,45.9300,45.4500,45.8500,89600
2013-03-07,45.5500,45.7000,45.3100,45.5400,103900
2013-03-06,45.4400,45.7600,45.2200,45.6700,393500
2013-03-05,44.2200,45.3000,44.1300,45.2900,463300
2013-03-04,43.9800,44.2400,43.7100,44.2000,113200
2013-03-01,43.9700,44.1300,43.3600,44.0200,205300
2013-02-28,44.3000,44.6800,44.1100,44.3400,244600
2013-02-27,43.4100,44.3700,43.3900,44.2400,145600
2013-02-26,43.5900,44.0500,43.0500,43.4600,105000
2013-02-25,44.2700,44.4400,43.3500,43.3500,149200
2013-02-22,43.6700,44.3600,43.3400,44.1000,372000
2013-02-21,44.5400,44.5600,43.3400,43.3500,82400
2013-02-20,45.0800,45.5200,44.5300,44.5600,195600
2013-02-19,45.0200,45.3300,44.8500,45.1000,671800
2013-02-15,45.0300,45.2880,44.9300,45.0600,185800
2013-02-14,44.7700,45.1500,44.6600,44.9700,110600
2013-02-13,44.9500,45.3000,44.6974,45.0300,261500
2013-02-12,45.7900,45.7900,44.9300,44.9700,272000
2013-02-11,45.3800,45.9500,45.0000,45.8900,399800
2013-02-08,45.3900,45.7400,45.2900,45.5600,384900
2013-02-07,45.1800,45.2700,44.7800,45.2600,258100
2013-02-06,44.8600,45.3000,44.7700,45.2500,223900
2013-02-05,44.9700,45.3200,44.9450,45.1000,286800
2013-02-04,44.8700,45.2100,44.5700,44.6500,234700
2013-02-01,45.4000,45.4000,44.9500,45.2700,176800
2013-01-31,45.4500,45.5200,44.1600,45.0700,284300
2013-01-30,44.4500,44.5000,44.0401,44.4400,234900
2013-01-29,44.7000,44.8700,44.0500,44.3800,271900
2013-01-28,44.6500,44.9300,44.4300,44.8600,130900
2013-01-25,44.9600,44.9600,44.2900,44.5100,228800
2013-01-24,44.5000,45.0000,44.1300,44.8600,244600
2013-01-23,44.9400,44.9601,44.4700,44.5500,122300
2013-01-22,44.5000,44.7900,44.3800,44.7400,126600
2013-01-18,44.4200,44.5300,44.1400,44.4900,156000
2013-01-17,44.0800,44.6300,43.9001,44.5100,146900
2013-01-16,43.9800,44.0700,43.3900,43.8300,111700
2013-01-15,43.5800,44.1100,43.5800,44.0400,93100
2013-01-14,43.9100,44.1200,43.6700,43.8500,127200
2013-01-11,44.0800,44.1500,43.4900,44.1100,181900
2013-01-10,44.0000,44.1600,43.4000,43.9900,130500
2013-01-09,43.1800,43.8400,42.9775,43.7700,120900
2013-01-08,42.8400,43.2300,42.7401,43.0300,142600
2013-01-07,42.9700,43.1699,42.6200,42.9800,65400
2013-01-04,43.2800,43.5800,43.0000,43.3100,108800
2013-01-03,43.3400,43.8400,42.9600,43.0900,101600
2013-01-02,43.0000,43.4000,42.7700,43.3700,218500
2012-12-31,41.4400,42.1900,41.2600,42.0300,240100
2012-12-28,41.4985,41.8900,41.3900,41.4000,157300
2012-12-27,41.5000,41.9900,41.3400,41.7100,292200
2012-12-26,41.7600,42.1900,41.2900,41.5200,107200
2012-12-24,41.9400,41.9831,41.4700,41.7600,73900
2012-12-21,41.8000,42.6000,41.7720,42.0200,677300
2012-12-20,41.8700,42.3799,41.8500,42.2400,287200
2012-12-19,42.0800,42.2000,41.9400,41.9500,354000
2012-12-18,42.0600,42.2100,41.9200,42.1800,582100
2012-12-17,41.6900,42.2900,41.5060,42.0000,210400
2012-12-14,41.6800,42.2000,41.6000,41.6500,107400
2012-12-13,42.1700,42.5300,41.7000,41.8900,122000
2012-12-12,42.5000,42.7480,42.0500,42.1200,112300
2012-12-11,42.1000,42.7800,42.0700,42.4600,206800
2012-12-10,42.2400,42.3900,41.6900,41.7100,176100
2012-12-07,42.4700,42.4700,41.9900,42.1600,185900
2012-12-06,42.5900,42.7900,42.1600,42.2500,246500
2012-12-05,43.3100,43.3700,42.5900,42.6300,215900
2012-12-04,42.3600,43.4400,42.1500,43.2400,285100
2012-12-03,43.0200,43.0500,42.1500,42.4000,172600
2012-11-30,43.2800,43.3400,42.4700,42.8200,195300
2012-11-29,42.2900,43.2300,42.1200,43.1400,157900
2012-11-28,42.0600,42.1000,41.2500,42.0500,214400
2012-11-27,42.7300,43.1300,42.2716,42.3100,166000
2012-11-26,42.4700,42.9025,42.2400,42.8300,93200
2012-11-23,43.0100,43.0100,42.5000,42.7400,61900
2012-11-21,41.9600,42.8700,41.8525,42.8100,157200
2012-11-20,41.6000,42.0100,41.3601,41.9100,104000
2012-11-19,41.6700,41.7800,41.1500,41.7800,93300
2012-11-16,40.5000,41.3600,40.4700,41.1900,234200
2012-11-15,41.2300,41.3500,40.5200,40.6200,247700
2012-11-14,42.1300,42.2000,41.2900,41.3900,35836
2012-11-13,41.6400,42.0700,41.5100,41.9700,51248
2012-11-12,42.3100,42.3600,41.6500,42.0000,85100
2012-11-09,41.4100,42.5800,41.4100,42.1900,141100
2012-11-08,41.6700,42.2500,41.3500,41.8700,193300
2012-11-07,42.5500,42.6100,41.6900,41.7400,276800
2012-11-06,43.9000,44.1200,42.8500,43.0300,249600
2012-11-05,43.3600,43.9200,42.7300,43.7300,210900
2012-11-02,47.1600,47.1600,43.3000,43.4700,375200
2012-11-01,46.2500,47.8600,45.9500,47.8600,467400
2012-10-31,45.8400,46.7600,45.5500,46.6000,239700
2012-10-26,45.4500,46.0400,45.2900,45.8300,156900
2012-10-25,44.7400,45.4150,44.6900,45.3300,204900
2012-10-24,44.5500,44.5500,44.1300,44.4100,91300
2012-10-23,44.0400,44.4200,43.6601,44.3200,73900
2012-10-22,43.5800,44.5700,43.3600,44.5400,146300
2012-10-19,44.3800,44.7700,43.3500,43.7100,204200
2012-10-18,44.9600,44.9800,44.4200,44.7000,64400
2012-10-17,44.7200,45.2600,44.5120,44.9600,57300
2012-10-16,44.8500,45.4400,44.6200,44.6900,99600
2012-10-15,44.4300,44.8350,44.1400,44.7100,83700
2012-10-12,43.9800,44.4900,43.7800,44.2100,59700
2012-10-11,44.1700,44.6700,43.8200,44.0100,66900
2012-10-10,43.6700,44.0200,43.6200,43.8300,60900
2012-10-09,44.5100,44.5300,43.4700,43.6100,92100
2012-10-08,44.5000,44.8500,44.3500,44.5600,58800
2012-10-05,45.5500,46.1700,44.6400,44.6600,168000
2012-10-04,44.6100,45.4700,44.0300,45.4700,152700
2012-10-03,43.8300,44.6300,43.4000,44.5000,121600
2012-10-02,43.6300,44.0600,43.4017,43.8000,259500
2012-10-01,44.4000,44.4900,42.7600,43.4400,241700
2012-09-28,44.5000,44.8100,44.2200,44.2600,139300
2012-09-27,44.5700,44.8300,44.3400,44.6500,125200
2012-09-26,44.9700,45.2300,44.4300,44.5700,146800
2012-09-25,46.0000,46.0000,44.7600,44.8500,192700
2012-09-24,45.6400,46.0000,45.5200,45.8300,111900
2012-09-21,45.5000,46.1100,45.1331,45.9500,488800
2012-09-20,44.7500,45.2300,44.5700,45.1800,93000
2012-09-19,45.0000,45.2600,44.5700,44.9500,196700
2012-09-18,45.0400,45.4500,44.7800,45.0800,141400
2012-09-17,45.3800,45.4400,44.7500,45.1000,227400
2012-09-14,45.2600,45.8700,45.2600,45.5800,144600
2012-09-13,45.2500,45.5000,44.7000,45.1600,273600
2012-09-12,45.4600,45.4600,44.8000,45.2700,158700
2012-09-11,44.7600,45.1300,44.4600,44.9900,185500
2012-09-10,44.7100,45.1100,44.4900,44.8300,174800
2012-09-07,45.2800,45.2800,44.6900,44.7600,131600
2012-09-06,44.2600,45.2000,43.9900,45.1800,202700
2012-09-05,44.2100,44.5600,43.9600,44.0100,215200
2012-09-04,42.4400,44.6100,42.3700,44.4100,247700
2012-08-31,42.6900,43.0550,42.2400,42.7100,316400
2012-08-30,43.3000,43.3000,42.2700,42.3000,236400
2012-08-29,44.2100,44.4300,43.3300,43.4400,153300
2012-08-28,43.5800,44.4100,43.4000,44.2500,168900
2012-08-27,43.6500,43.7900,43.3500,43.4600,146100
2012-08-24,43.8400,43.9800,43.3800,43.5400,115400
2012-08-23,44.0000,44.2000,43.7900,43.9800,88500
2012-08-22,44.8000,44.9300,43.9200,44.0500,170300
2012-08-21,44.7100,45.0500,44.3000,44.8700,219300
2012-08-20,45.6000,45.6000,44.4700,44.6800,163200
2012-08-17,44.3600,45.7400,44.2500,45.6800,254200
2012-08-16,43.8300,44.5000,43.8200,44.3500,112200
2012-08-15,43.3100,44.1500,43.3100,43.9600,115800
2012-08-14,44.5800,44.5800,43.2600,43.4400,174100
2012-08-13,44.2200,44.4150,43.2900,44.3000,170300
2012-08-10,44.2500,44.4500,43.9000,44.4100,104000
2012-08-09,44.4500,44.5500,44.1700,44.3500,103200
2012-08-08,43.9700,44.5000,43.9700,44.3700,327000
2012-08-07,44.2500,44.3100,44.0000,44.1100,333800
2012-08-06,44.0000,44.2900,43.8300,44.0800,174400
2012-08-03,43.4400,44.5100,43.3700,44.0200,556500
2012-08-02,42.5000,43.5000,42.5000,43.3200,273100
2012-08-01,43.6100,43.7600,42.7700,42.7900,449100
2012-07-31,43.0500,43.6300,43.0150,43.2900,241300
2012-07-30,43.4100,43.8180,42.6200,43.1000,274600
2012-07-27,39.5900,43.4800,39.3800,43.1900,410200
2012-07-26,43.8700,43.8700,38.9850,39.1900,537000
2012-07-25,43.5100,44.2400,43.4300,43.8700,201300
2012-07-24,42.8800,43.2800,42.8300,43.1900,177800
2012-07-23,42.9600,43.1000,42.5300,42.8400,204900
2012-07-20,43.7500,43.9500,43.4800,43.5900,156700
2012-07-19,44.0000,44.2400,43.9000,44.0500,122600
2012-07-18,44.1500,44.9800,43.7800,44.0400,175000
2012-07-17,44.0300,44.3000,43.3400,44.2100,132900
2012-07-16,44.1600,44.1700,43.7100,43.8900,110000
2012-07-13,43.5000,44.4000,43.3800,44.2900,202300
2012-07-12,43.5800,43.7100,42.9900,43.3000,214200
2012-07-11,43.2900,43.9000,42.9800,43.8400,233600
2012-07-10,43.8800,43.8800,43.0700,43.2600,109800
2012-07-09,43.3900,43.8600,43.1800,43.6700,151700
2012-07-06,43.5000,43.6300,43.0400,43.5300,117300
2012-07-05,44.0400,44.2400,43.8650,44.0000,169500
2012-07-03,43.3300,44.2300,43.2520,44.2300,135900
2012-07-02,42.5600,43.4300,42.2400,43.4100,156800
2012-06-29,42.1700,42.6500,42.1400,42.2800,216100
2012-06-28,41.0900,41.2700,40.6100,41.2000,122000
2012-06-27,40.6900,41.6700,40.5850,41.4600,129300
2012-06-26,40.4200,40.8000,39.8100,40.6100,157500
2012-06-25,40.8900,41.1218,40.1100,40.2500,202400
2012-06-22,41.2900,42.0200,41.0300,41.6800,671000
2012-06-21,42.4000,42.5100,41.0300,41.0700,179800
2012-06-20,42.3300,42.6800,42.1700,42.4400,191800
2012-06-19,41.4600,42.5300,41.4500,42.4000,317400
2012-06-18,40.8000,41.4900,40.5100,41.3600,209600
2012-06-15,41.0000,41.2100,40.7600,41.0600,634300
2012-06-14,41.2800,41.5277,40.6200,41.0000,231600
2012-06-13,41.2000,41.6000,40.8700,41.2900,347500
2012-06-12,40.9400,41.4400,40.6900,41.3700,369400
2012-06-11,41.0200,41.5000,40.7500,40.8200,424500
2012-06-08,40.0800,40.7600,39.4810,40.7000,167300
2012-06-07,40.3600,41.0600,39.7300,40.1800,345300
2012-06-06,39.1900,40.0100,39.1900,40.0100,257800
2012-06-05,38.1900,39.0500,38.1700,39.0100,501500
2012-06-04,38.7200,39.0000,38.0200,38.5100,261400
2012-06-01,39.5200,40.1500,38.4700,38.5300,315500
2012-05-31,40.2600,41.3500,39.5300,40.6600,834000
2012-05-30,40.4100,40.6400,40.1700,40.2100,174700
2012-05-29,41.3800,41.6100,40.4100,40.8000,337800
2012-05-25,41.2500,41.6400,40.9000,41.0400,146700
2012-05-24,41.3800,41.4500,40.8500,41.2400,196500
2012-05-23,40.8200,41.4500,40.2000,41.3400,262000
2012-05-22,41.0600,41.4500,40.7100,41.0900,255000
2012-05-21,39.9300,41.3300,39.3700,41.1700,274300
2012-05-18,39.9400,40.7200,39.7200,39.9200,267400
2012-05-17,40.7300,40.8100,39.8200,39.9700,260800
2012-05-16,41.1100,41.5300,40.7300,40.7400,254900
2012-05-15,40.9800,41.6800,40.7200,40.9400,281000
2012-05-14,41.0200,41.6000,40.8700,41.0400,257000
2012-05-11,41.2300,41.6940,41.2300,41.4700,245000
2012-05-10,41.6400,41.8600,40.8200,41.5200,305700
2012-05-09,41.2900,41.6400,41.1100,41.4300,265000
2012-05-08,41.4300,42.0100,40.9120,41.8300,322200
2012-05-07,41.4600,42.1200,41.4500,41.5700,245000
2012-05-04,41.9100,42.1200,41.2200,41.5100,256700
2012-05-03,43.2100,43.2100,42.0400,42.2600,230400
2012-05-02,42.4400,43.3100,41.9300,43.2000,217000
2012-05-01,42.9000,43.9900,42.4400,42.8700,258200
2012-04-30,44.1100,44.1500,42.8700,42.9000,299000
2012-04-27,43.3300,44.4900,43.1600,44.3200,328400
2012-04-26,43.0500,45.0000,41.5401,43.3100,333000
2012-04-25,42.3000,43.1800,42.0900,43.0500,258600
2012-04-24,41.8300,42.2700,41.4700,41.6700,198600
2012-04-23,41.5400,41.9000,41.0500,41.7400,177700
2012-04-20,41.9700,43.2700,41.9700,42.4200,268700
2012-04-19,42.4300,42.9400,41.3400,41.6100,188600
2012-04-18,42.4900,42.6400,42.1300,42.3900,119900
2012-04-17,42.6600,43.2100,42.6600,42.8500,154300
2012-04-16,42.2200,42.8200,41.5800,42.1600,180000
2012-04-13,42.2000,42.4900,41.8400,42.0200,192400
2012-04-12,42.3600,42.9599,42.3200,42.4400,166200
2012-04-11,41.4400,42.3199,41.0700,42.3100,253800
2012-04-10,41.9000,42.0287,40.9700,40.9800,307100
2012-04-09,41.3900,42.3900,41.3500,41.9100,214100
2012-04-05,42.1600,42.6000,42.0800,42.3100,244000
2012-04-04,42.3500,42.6300,41.9600,42.4500,320500
2012-04-03,44.2500,44.2600,42.7100,43.0500,475400
2012-04-02,43.8500,44.4700,43.5600,44.3400,261500
2012-03-30,43.7600,44.2900,43.7600,43.9000,352100
2012-03-29,42.7400,43.7100,42.7400,43.3600,360200
2012-03-28,43.5500,43.6200,42.4000,42.9400,263000
2012-03-27,44.0400,44.2500,43.6000,43.6000,242000
2012-03-26,43.8900,44.3500,43.6200,44.0400,289300
2012-03-23,42.9500,43.4200,42.4100,43.3900,238200
2012-03-22,42.3800,43.2300,42.1800,42.9800,210000
2012-03-21,42.9200,43.2200,42.7300,42.8800,236800
2012-03-20,42.4800,43.1700,42.3900,42.8100,192700
2012-03-19,42.9900,43.5600,42.6400,42.8500,272400
2012-03-16,43.2000,43.2820,42.8500,42.9900,482300
2012-03-15,42.4500,43.1500,42.1850,43.1500,241800
2012-03-14,42.8900,43.2300,42.2200,42.5500,212500
2012-03-13,42.2100,43.0000,41.9800,43.0000,428700
2012-03-12,41.8400,42.2300,41.5700,41.9800,281800
2012-03-09,41.2800,42.0100,41.1500,41.9000,293600
2012-03-08,40.4000,41.4000,40.0200,41.2700,242100
2012-03-07,39.6900,40.3100,39.5400,40.0300,241200
2012-03-06,39.7800,40.0400,39.3800,39.6800,209400
2012-03-05,39.5700,40.5520,39.3700,40.2400,207800
2012-03-02,40.7000,40.7000,39.3800,39.7500,239200
2012-03-01,40.6900,41.2690,40.6000,40.7700,264000
2012-02-29,40.6400,41.0000,40.4100,40.4800,365500
2012-02-28,40.1900,40.7000,39.7300,40.5300,356700
2012-02-27,40.3200,40.8700,40.0000,40.2000,294200
2012-02-24,40.8500,40.8899,40.4700,40.5300,179700
2012-02-23,40.2900,40.9000,39.6500,40.7300,263700
2012-02-22,39.9500,40.6500,39.8000,40.3200,273200
2012-02-21,40.1100,40.5000,39.7600,40.0300,246600
2012-02-17,40.1700,40.4700,39.7500,40.1700,245500
2012-02-16,38.9800,40.2500,38.9400,40.1200,320200
2012-02-15,39.3500,39.7800,38.8400,38.9800,296000
2012-02-14,39.0700,39.2500,38.8000,39.2200,255900
2012-02-13,38.9400,39.7192,38.8100,39.2400,318100
2012-02-10,38.4800,38.9800,38.3700,38.5600,281400
2012-02-09,38.7100,39.2000,38.4000,38.9800,364700
2012-02-08,39.0900,39.3800,38.3200,38.4800,331200
2012-02-07,38.5300,39.4500,38.4807,39.1100,303800
2012-02-06,38.6600,38.9900,38.2000,38.5300,251800
2012-02-03,38.4800,39.1000,38.4100,39.0000,332700
2012-02-02,38.1500,38.5200,37.6700,37.7400,253200
2012-02-01,36.3400,38.1200,36.1700,38.0800,418200
2012-01-31,36.8000,37.1300,36.1500,36.2400,374700
2012-01-30,35.6500,36.6600,35.6500,36.5000,347700
2012-01-27,37.9800,38.0400,35.0200,36.0100,835500
2012-01-26,39.4000,39.4400,38.8200,39.2300,298600
2012-01-25,38.6200,39.5385,38.4600,39.2100,320100
2012-01-24,37.6200,38.7500,37.6200,38.6400,263800
2012-01-23,37.9900,38.2200,37.3600,37.8000,212800
2012-01-20,37.6600,38.3800,37.6000,38.1100,213600
2012-01-19,37.0600,37.9500,36.9400,37.7700,222400
2012-01-18,35.8700,37.0000,35.0500,36.9100,229900
2012-01-17,37.5000,37.7000,35.8400,35.9000,250600
2012-01-13,36.4400,37.3075,36.2000,37.2500,212700
2012-01-12,37.0500,37.2000,36.6200,37.0300,188000
2012-01-11,36.5100,37.1300,36.5100,37.0600,218900
2012-01-10,36.4100,36.9000,36.3800,36.7300,182200
2012-01-09,36.0700,36.1000,35.4100,35.8900,225700
2012-01-06,36.1600,36.4300,35.3200,35.9700,265300
2012-01-05,35.3000,36.3600,34.6000,36.2800,204200
2012-01-04,36.3500,36.3600,35.2650,35.4900,233000
2012-01-03,37.0000,37.6600,36.4000,36.6100,273600
2011-12-30,36.5000,36.5600,35.7800,35.8400,182600
2011-12-29,36.2400,37.0779,36.2400,36.6600,118300
2011-12-28,36.7700,36.7700,35.8300,35.9800,210900
2011-12-27,36.3800,36.9900,36.0700,36.8000,123300
2011-12-23,36.4300,37.0000,36.2400,36.4700,141000
2011-12-22,36.4500,36.9300,36.0200,36.3500,184300
2011-12-21,36.9300,36.9400,35.4800,36.4000,218000
2011-12-20,36.0600,37.2400,36.0600,37.1600,331400
2011-12-19,36.5900,37.3100,35.1700,35.2300,351700
2011-12-16,36.3600,37.3800,36.0800,36.3800,770500
2011-12-15,36.2600,36.5800,35.4910,36.1200,260200
2011-12-14,35.6400,35.9400,35.1600,35.7600,363800
2011-12-13,37.2700,37.8300,35.8500,35.9900,297300
2011-12-12,35.5500,37.3100,35.5500,36.9600,344900
2011-12-09,36.4300,38.4900,36.3700,37.9200,497000
2011-12-08,36.8500,36.9500,36.3000,36.3800,526300
2011-12-07,36.1000,37.5200,35.7900,37.2600,351600
2011-12-06,37.1700,37.2200,36.3500,36.5000,469200
2011-12-05,37.2300,37.6400,36.8600,37.3100,422700
2011-12-02,36.4300,37.1400,36.2550,36.6200,390300
2011-12-01,36.1600,36.7200,35.8900,35.9300,377500
2011-11-30,35.5200,36.4800,35.2900,36.3700,694900
2011-11-29,34.4100,34.9600,33.9800,34.1200,245100
2011-11-28,34.0900,34.8300,33.7400,34.2800,300600
2011-11-25,32.9900,33.3500,32.6700,32.8000,192400
2011-11-23,33.5300,33.7700,32.9200,33.1600,424400
2011-11-22,33.5600,34.5000,33.2200,33.8400,374100
2011-11-21,33.6700,34.2400,33.3300,33.6700,413800
2011-11-18,33.6700,34.7500,33.1600,34.3600,374500
2011-11-17,33.9000,34.2400,33.3100,33.5600,228600
2011-11-16,34.5700,35.1500,33.9500,33.9800,296800
2011-11-15,33.7400,35.4100,33.7300,35.1400,333300
2011-11-14,34.8000,34.8900,33.7000,34.0800,652800
2011-11-11,35.0600,35.8400,34.7700,35.0300,630800
2011-11-10,33.6000,34.8799,33.6000,34.6700,401400
2011-11-09,34.0000,34.9100,33.4900,33.5200,527300
2011-11-08,32.9600,35.1400,32.9600,35.0300,697700
2011-11-07,32.4600,33.7800,32.2900,33.7300,781000
2011-11-04,33.7000,34.4500,33.3610,33.9800,556600
2011-11-03,28.3400,34.3500,27.7600,33.9900,1590900
2011-11-02,26.3700,27.2400,26.2600,27.1800,328000
2011-11-01,26.3500,26.8000,25.6000,25.9200,312900
2011-10-31,27.8800,28.0400,27.3000,27.3500,307000
2011-10-28,28.8900,29.0700,28.1300,28.3800,244500
2011-10-27,27.9700,29.4700,27.7500,29.1800,402200
2011-10-26,27.0800,27.4100,26.2700,27.2100,289700
2011-10-25,26.9600,27.1400,26.5000,26.6000,334800
2011-10-24,26.3400,27.1400,26.2400,27.1000,291200
2011-10-21,26.3900,26.8200,25.9800,26.1900,328800
2011-10-20,25.5400,26.1100,25.0700,25.9600,263000
2011-10-19,25.8600,26.3500,25.3500,25.4200,244200
2011-10-18,25.0900,26.3000,24.7700,25.9900,310500
2011-10-17,25.5700,25.7400,24.9500,25.0500,362800
2011-10-14,25.3200,25.9900,25.2400,25.8700,199600
2011-10-13,25.1200,25.2200,24.6800,25.0200,270700
2011-10-12,24.8000,25.7400,24.7600,25.3200,379800
2011-10-11,23.9400,24.7800,23.9000,24.6100,358700
2011-10-10,23.6400,24.2200,23.4000,24.2200,249300
2011-10-07,23.6700,23.9400,22.9400,23.1000,340300
2011-10-06,22.8500,23.6000,22.6900,23.5900,437400
2011-10-05,21.7300,23.1000,21.5300,22.8800,500000
2011-10-04,20.0500,21.7000,20.0500,21.5900,907600
2011-10-03,21.7200,22.0000,20.2400,20.2600,493900
2011-09-30,22.2600,22.7500,21.8000,21.8300,294900
2011-09-29,22.6400,22.9700,22.0500,22.7000,510700
2011-09-28,23.1100,23.2200,22.1200,22.1400,425000
2011-09-27,22.7900,23.3700,22.7900,23.0300,717300
2011-09-26,21.8700,22.4300,21.3000,22.3000,563800
2011-09-23,21.1900,21.9300,21.1900,21.6700,424300
2011-09-22,21.6000,21.8600,20.8900,21.1900,324800
2011-09-21,23.3700,23.5716,22.2700,22.3000,258800
2011-09-20,23.7700,23.9300,23.2800,23.3000,359200
2011-09-19,24.1000,24.1100,23.3500,23.5900,331600
2011-09-16,25.6500,25.6500,24.4400,24.5000,612100
2011-09-15,25.2200,25.2900,24.7600,24.9000,369600
2011-09-14,24.6200,25.1900,24.0700,24.8200,247100
2011-09-13,23.6900,24.6300,23.5800,24.4300,472400
2011-09-12,22.7300,23.5800,22.4200,23.5500,320300
2011-09-09,23.6800,23.8000,22.6600,22.9100,392200
2011-09-08,24.8800,25.0000,23.7600,23.9600,328400
2011-09-07,24.2300,25.1300,24.1700,25.0500,397900
2011-09-06,23.1000,23.9200,22.9400,23.8200,353800
2011-09-02,24.3300,24.6800,23.8000,23.8500,294500
2011-09-01,25.6600,25.9100,24.9300,24.9600,537500
2011-08-31,26.0200,26.1850,25.4700,25.5500,551100
2011-08-30,26.0900,26.1800,25.7500,25.8000,667300
2011-08-29,25.8800,26.4900,25.8200,26.2700,609400
2011-08-26,25.0900,25.7400,24.7500,25.6400,257800
2011-08-25,26.2900,26.6000,25.3300,25.4000,479900
2011-08-24,25.6000,26.1700,25.3300,26.0800,222700
2011-08-23,24.7400,25.7100,24.4100,25.6500,519600
2011-08-22,25.0100,25.2800,24.4800,24.5700,481100
2011-08-19,24.8500,25.4500,24.4200,24.4900,583000
2011-08-18,25.7000,25.9900,25.0500,25.2300,709400
2011-08-17,26.4900,26.9700,26.4900,26.7400,587100
2011-08-16,26.0400,26.5600,25.9100,26.3100,428200
2011-08-15,25.9500,26.4500,25.8900,26.3400,540800
2011-08-12,25.7100,25.9700,25.0900,25.7000,327700
2011-08-11,24.9600,25.8800,24.8700,25.4600,758500
2011-08-10,25.2100,25.8200,24.7400,24.8100,787700
2011-08-09,24.8900,26.1200,23.9700,26.0500,934300
2011-08-08,25.8300,27.1200,24.4000,24.4000,828800
2011-08-05,28.3200,28.3700,25.9000,26.5800,800000
2011-08-04,29.5600,30.5900,27.9500,28.0000,1224000
2011-08-03,29.1700,29.5400,28.0700,29.3800,263300
2011-08-02,29.6600,30.0800,29.0100,29.0300,278300
2011-08-01,30.0900,30.2300,29.2600,29.8700,360700
2011-07-29,28.9800,30.1500,28.6806,29.7500,322600
2011-07-28,28.9000,29.7800,28.8800,29.3600,238200
2011-07-27,29.4400,29.4500,28.7300,28.9600,209900
2011-07-26,29.9300,30.0400,29.5200,29.5400,165400
2011-07-25,29.8200,30.3500,29.8100,29.9100,126500
2011-07-22,30.3900,30.4200,30.0300,30.1600,151300
2011-07-21,30.3600,30.7200,30.2800,30.3300,195000
2011-07-20,30.1700,30.4600,29.8800,30.2600,226300
2011-07-19,30.0100,30.1700,29.5600,30.1500,250500
2011-07-18,29.9200,30.0500,29.3400,29.7200,285500
2011-07-15,30.2000,30.2200,29.7600,30.0500,231900
2011-07-14,30.3500,30.5300,29.9800,30.0600,261400
2011-07-13,30.1800,30.6300,30.1500,30.3200,214400
2011-07-12,29.8500,30.2300,29.7100,30.0000,203800
2011-07-11,30.1500,30.4300,29.8900,29.9900,275800
2011-07-08,30.5000,30.8000,30.4000,30.5300,261100
2011-07-07,30.7100,31.0400,30.6500,30.8900,558700
2011-07-06,30.0900,30.6600,30.0900,30.4900,316700
2011-07-05,30.4300,30.4700,30.0300,30.1800,182200
2011-07-01,30.2900,30.6000,30.0726,30.4900,232100
2011-06-30,30.0000,30.8400,30.0000,30.2000,275500
2011-06-29,30.0200,30.2100,29.8700,29.9900,351600
2011-06-28,29.3500,29.9800,29.3100,29.9800,447500
2011-06-27,29.0200,29.5900,28.9600,29.2900,209200
2011-06-24,29.2900,29.4700,28.8200,28.9800,760300
2011-06-23,29.1800,29.6100,28.9400,29.2500,290300
2011-06-22,29.5100,29.8300,29.3400,29.5300,261300
2011-06-21,29.0700,30.0000,29.0100,29.7000,339900
2011-06-20,28.5700,29.3400,28.5100,28.9600,179600
2011-06-17,28.4700,28.8700,28.4500,28.6500,469000
2011-06-16,28.3000,28.5000,27.9588,28.3500,243300
2011-06-15,28.4700,28.9100,28.1300,28.2600,256300
2011-06-14,28.6300,29.0000,28.5600,28.8100,535700
2011-06-13,28.3600,28.7500,28.2300,28.3600,282200
2011-06-10,28.4000,28.6400,28.1400,28.2700,220100
2011-06-09,28.2900,28.9500,28.2500,28.6000,286000
2011-06-08,28.4500,29.1300,28.2200,28.2600,297700
2011-06-07,28.4200,29.0100,28.1200,28.6000,350400
2011-06-06,28.1200,28.5200,28.0200,28.2700,306800
2011-06-03,28.2500,28.5200,28.0700,28.1700,275400
2011-06-02,28.3400,28.9390,28.3000,28.7300,226300
2011-06-01,29.1400,29.2900,28.3100,28.3700,445700
2011-05-31,29.2100,29.4300,28.9400,29.2500,585700
2011-05-27,29.0500,29.1600,28.9800,28.9900,193600
2011-05-26,28.6500,29.0950,28.6200,28.9800,215400
2011-05-25,28.2600,28.9700,28.2600,28.8000,85888
2011-05-24,28.7800,28.8400,28.2600,28.3900,64468
2011-05-23,28.7100,28.9190,28.4000,28.7400,389200
2011-05-20,28.7600,28.9800,28.6200,28.7300,247600
2011-05-19,29.0000,29.0900,28.7300,28.8900,303500
2011-05-18,28.6100,29.1900,28.5600,28.9000,853300
2011-05-17,28.3500,29.0300,28.3200,28.6100,194100
2011-05-16,28.7400,29.2200,28.6300,28.6400,255400
2011-05-13,29.2800,29.3900,28.8900,28.9600,244800
2011-05-12,29.1400,29.5200,29.0100,29.2800,451000
2011-05-11,29.6400,30.0500,28.9900,29.2100,414700
2011-05-10,29.3800,29.9100,29.2900,29.8100,187100
2011-05-09,28.4600,29.2500,28.3400,29.1600,516300
2011-05-06,28.9900,29.2800,28.4500,28.5000,249900
2011-05-05,28.2900,29.3000,27.7900,28.6000,312700
2011-05-04,29.1500,29.2200,28.5000,29.1000,270000
2011-05-03,29.2300,29.4800,28.7800,29.1500,279000
2011-05-02,30.0400,30.0600,29.1500,29.2200,357700
2011-04-29,29.8000,30.0900,29.6900,29.8800,164000
2011-04-28,29.6000,29.9400,29.6000,29.7400,116800
2011-04-27,29.4100,29.7500,29.3200,29.7300,163300
2011-04-26,29.3600,29.7300,29.1700,29.4500,160700
2011-04-25,29.5700,29.6200,28.9700,29.3400,193500
2011-04-21,29.7500,29.7600,29.4740,29.6900,76000
2011-04-20,29.4000,29.7900,29.2900,29.6800,277500
2011-04-19,29.2000,29.3500,28.7210,28.9000,227700
2011-04-18,29.4600,29.4600,28.6600,29.1600,353600
2011-04-15,29.8200,30.0100,29.5800,30.0100,215300
2011-04-14,29.6800,29.9400,29.3700,29.8200,135300
2011-04-13,29.9400,30.1000,29.6400,30.0000,188900
2011-04-12,29.7800,30.0100,29.5900,29.6900,123400
2011-04-11,30.4600,30.6200,29.8500,29.9400,328900
2011-04-08,31.0000,31.0100,30.0900,30.3400,156200
2011-04-07,31.0700,31.1600,30.6300,30.7400,305500
2011-04-06,31.3300,31.4100,30.6700,31.0000,1262500
2011-04-05,31.3800,31.5600,31.1800,31.2100,390100
2011-04-04,31.3600,31.5600,31.1600,31.4100,238600
2011-04-01,31.7800,31.7800,31.2800,31.3000,326200
2011-03-31,31.1700,31.8100,30.8300,31.6100,215200
2011-03-30,31.0800,31.3600,30.8100,31.2900,198300
2011-03-29,30.8800,31.4100,30.7400,30.9900,562600
2011-03-28,30.7500,31.1200,30.6300,31.0000,260400
2011-03-25,30.7500,31.0100,30.4100,30.6200,271500
2011-03-24,30.4600,30.5700,30.0700,30.4900,276800
2011-03-23,29.9400,30.2800,29.5600,30.2500,338500
2011-03-22,30.4200,30.7200,29.9100,30.0600,265100
2011-03-21,29.1600,30.5100,29.1100,30.4600,446200
2011-03-18,28.1400,29.0400,28.0800,28.9700,495900
2011-03-17,28.3800,28.4200,27.8400,27.8600,369500
2011-03-16,28.0300,28.2900,27.7700,27.9000,363800
2011-03-15,26.9300,28.3500,26.9300,28.1800,345700
2011-03-14,27.4100,28.0800,27.2416,27.9700,232500
2011-03-11,27.2900,27.9800,27.1800,27.7300,171200
2011-03-10,27.6000,27.7300,27.1000,27.4000,223900
2011-03-09,28.0400,28.2600,27.7900,27.9600,160400
2011-03-08,27.7400,28.3200,27.4400,28.1300,208800
2011-03-07,28.0000,28.0900,27.3200,27.6400,190300
2011-03-04,28.3600,28.4000,27.4800,27.8700,272800
2011-03-03,28.1300,28.5800,28.1300,28.3800,352900
2011-03-02,27.3400,28.1700,27.2600,27.9200,232600
2011-03-01,28.0100,28.2500,27.2800,27.3000,439700
2011-02-28,28.5100,28.5100,27.6000,27.9500,345300
2011-02-25,27.6500,28.4800,27.6500,28.4000,410300
2011-02-24,27.0000,27.7600,27.0000,27.4100,406600
2011-02-23,27.8500,27.9400,26.8500,26.9700,265800
2011-02-22,28.1400,28.3400,27.7100,27.7500,637600
2011-02-18,28.1500,28.5800,28.1500,28.3500,1062100
2011-02-17,26.4600,28.5800,26.4600,28.1200,2331800
2011-02-16,25.6000,25.8100,25.2900,25.3500,216400
2011-02-15,25.4900,25.5900,25.2300,25.4400,109400
2011-02-14,25.5700,25.6900,25.3100,25.5300,45600
2011-02-11,25.0800,25.7300,25.0200,25.6400,164600
2011-02-10,25.4400,25.8200,25.0700,25.1700,231200
2011-02-09,25.6800,25.7300,25.3500,25.5900,227500
2011-02-08,25.6000,25.8400,25.4300,25.8100,191000
2011-02-07,25.2400,25.6450,25.0100,25.6100,206900
2011-02-04,25.1800,25.3100,24.7400,25.2100,168600
2011-02-03,25.6700,25.6800,25.1500,25.1600,277500
2011-02-02,25.7100,26.1200,25.6300,25.7800,334900
2011-02-01,25.6600,26.0400,25.4900,25.8700,313600
2011-01-31,25.8100,25.9600,25.3700,25.3800,397300
2011-01-28,26.0000,26.1200,25.5100,25.6500,484700
2011-01-27,24.5800,26.2800,24.5200,25.9900,525800
2011-01-26,23.9900,24.8600,23.8600,24.7700,445300
2011-01-25,23.4700,24.0600,23.3400,24.0200,313300
2011-01-24,23.3100,23.7700,23.1300,23.6500,292300
2011-01-21,23.6900,23.6900,23.2800,23.3100,234000
2011-01-20,23.3500,23.6500,23.1700,23.5500,206700
2011-01-19,23.9600,24.2100,23.4700,23.5300,166300
2011-01-18,23.4300,24.0800,23.3300,24.0800,231300
2011-01-14,23.1700,23.6000,23.0900,23.5400,216900
2011-01-13,23.0400,23.2100,22.9700,23.1600,151400
2011-01-12,22.9600,23.1500,22.7950,23.0800,225600
2011-01-11,22.7600,22.8800,22.6200,22.7200,335000
2011-01-10,22.4200,22.9000,22.1600,22.7100,299000
2011-01-07,23.2300,23.3500,22.2200,22.5200,245100
2011-01-06,23.0200,23.2300,22.8900,23.1200,177600
2011-01-05,23.0100,23.1400,22.8600,23.0400,177600
2011-01-04,23.5500,23.6600,22.6400,23.0300,191400
2011-01-03,23.5800,24.1300,23.3300,23.5600,190300
2010-12-31,23.7400,23.8400,23.3600,23.3700,187900
2010-12-30,23.9000,23.9720,23.7900,23.8000,97900
2010-12-29,23.6000,24.0300,23.5800,23.9600,120200
2010-12-28,23.9100,23.9100,23.4100,23.5100,95900
2010-12-27,23.4000,23.9200,23.3500,23.8500,79900
2010-12-23,23.7000,23.8090,23.4200,23.4200,83400
2010-12-22,23.6000,23.9500,23.5900,23.6500,179300
2010-12-21,23.6900,23.7500,23.4900,23.5600,178300
2010-12-20,24.0400,24.1800,23.6100,23.6400,250300
2010-12-17,24.1700,24.1700,23.7200,24.0000,484600
2010-12-16,24.0600,24.4400,23.9800,24.0000,218400
2010-12-15,24.0400,24.4400,23.9800,23.9900,229900
2010-12-14,24.1500,24.2800,24.0000,24.0300,139500
2010-12-13,24.7000,24.7000,23.9419,24.0300,200600
2010-12-10,24.3800,24.7600,24.2700,24.6000,254900
2010-12-09,24.3400,24.4000,24.0700,24.3100,287600
2010-12-08,24.1600,24.4050,24.1000,24.1200,144600
2010-12-07,24.7000,24.7000,24.1200,24.1500,207400
2010-12-06,24.4600,24.6100,24.4010,24.4800,183100
2010-12-03,24.3300,24.5500,24.2000,24.4800,179300
2010-12-02,24.1700,24.4900,24.1700,24.4300,185100
2010-12-01,23.7100,24.3800,23.6800,24.0900,244100
2010-11-30,23.6000,23.6000,23.6000,23.6000,462400
2010-11-29,23.6000,23.6400,23.1100,23.6000,163700
2010-11-26,23.8000,23.8800,23.6500,23.7200,92000
2010-11-24,23.7800,24.2300,23.7200,23.9500,214900
2010-11-23,23.3500,23.6300,23.2000,23.5200,245600
2010-11-22,23.6500,23.9000,23.3100,23.7300,155200
2010-11-19,23.7800,23.9400,23.6000,23.7700,215100
2010-11-18,23.8300,24.2600,23.6300,23.8400,194900
2010-11-17,23.3100,23.6595,23.1200,23.5200,165200
2010-11-16,23.7600,23.7600,23.0400,23.3000,254400
2010-11-15,24.0200,24.3700,23.8300,23.9500,200300
2010-11-12,23.9900,24.1200,23.6100,23.9200,265600
2010-11-11,24.2200,24.3900,23.8500,24.2400,425500
2010-11-10,24.9200,24.9700,24.3200,24.4700,459000
2010-11-09,25.2900,25.2900,24.7700,24.8600,200700
2010-11-08,25.3300,25.6000,25.0000,25.1800,310000
2010-11-05,25.5200,25.6500,25.2700,25.4800,287300
2010-11-04,25.1900,26.0000,25.0000,25.4400,637300
2010-11-03,24.4300,24.9000,24.4300,24.6300,220700
2010-11-02,24.0400,24.5300,24.0000,24.4400,263000
2010-11-01,24.1200,24.2200,23.5900,23.7600,198500
2010-10-29,23.8200,24.2500,23.8200,24.0400,116500
2010-10-28,24.0600,24.4200,23.7000,23.9400,113100
2010-10-27,24.2600,24.2600,23.5700,23.8900,191400
2010-10-26,24.3600,24.9000,24.2100,24.4500,138100
2010-10-25,24.9300,24.9400,24.5000,24.5300,178800
2010-10-22,24.2400,24.8300,24.2100,24.7600,211900
2010-10-21,24.1900,24.6100,23.9100,24.2500,224000
2010-10-20,23.8000,24.2100,23.5700,24.1300,189300
2010-10-19,24.1200,24.3000,23.5000,23.6700,299200
2010-10-18,24.8400,25.0000,24.2600,24.3800,287800
2010-10-15,25.0500,25.2000,24.6970,24.8200,649500
2010-10-14,24.7400,25.0600,24.7400,24.9100,637900
2010-10-13,24.4700,25.0300,24.3400,24.8400,164700
2010-10-12,24.2000,24.7000,23.8000,24.5600,152100
2010-10-11,24.6600,24.6600,24.1500,24.1800,166900
2010-10-08,24.4300,24.8900,24.1900,24.6700,136700
2010-10-07,24.7000,24.7300,24.0800,24.4500,178200
2010-10-06,24.8400,25.0000,24.3400,24.4800,207400
2010-10-05,24.4200,25.0600,24.2500,24.9500,232600
2010-10-04,24.6600,24.8300,23.9400,24.1000,230700
2010-10-01,24.9500,24.9900,24.5500,24.7800,1096700
2010-09-30,24.8600,25.0700,24.3200,24.6600,571700
2010-09-29,24.7500,25.0800,24.6900,24.7200,394200
2010-09-28,24.6400,24.9800,24.1700,24.9100,327400
2010-09-27,24.9300,24.9300,24.1300,24.4900,376400
2010-09-24,24.6600,25.2700,24.6050,25.2700,185700
2010-09-23,24.0700,24.9900,24.0600,24.2700,227900
2010-09-22,24.6600,24.9100,24.1400,24.2800,193400
2010-09-21,25.0100,25.0300,24.6000,24.7400,205300
2010-09-20,24.3900,25.0600,24.1600,24.9500,259400
2010-09-17,24.7200,24.7200,23.9400,24.3600,400700
2010-09-16,24.7000,24.9800,24.3300,24.4500,211800
2010-09-15,24.8500,25.0400,24.3600,24.8100,255500
2010-09-14,24.6600,25.1000,24.5300,24.8400,340300
2010-09-13,24.1300,24.8300,24.0900,24.6800,377600
2010-09-10,23.7900,24.0700,23.6800,23.8800,185900
2010-09-09,23.8900,24.1500,23.5900,23.6900,182300
2010-09-08,23.4400,23.9975,23.3700,23.5500,81400
2010-09-07,24.1100,24.3050,23.4200,23.4700,288900
2010-09-03,23.9400,24.3300,23.7400,24.2800,261600
2010-09-02,23.2800,23.6300,23.2100,23.6000,325000
2010-09-01,22.7200,23.4800,22.7000,23.4100,340100
2010-08-31,22.2500,22.6302,22.0000,22.3900,821800
2010-08-30,22.9200,23.1100,22.2700,22.2900,229200
2010-08-27,22.7500,23.1100,22.2600,23.0400,309800
2010-08-26,22.9500,23.1400,22.4200,22.5000,270200
2010-08-25,22.1400,23.0700,21.8600,22.9400,361000
2010-08-24,22.4200,22.5900,22.1400,22.1700,513300
2010-08-23,22.7100,23.0200,22.4400,22.6700,411900
2010-08-20,22.5600,22.7800,21.9800,22.5500,581200
2010-08-19,23.3200,23.5300,22.6300,22.6400,369800
2010-08-18,23.4300,23.7600,23.1300,23.4300,759400
2010-08-17,23.4500,23.8200,23.3200,23.4900,242600
2010-08-16,22.8800,23.4900,22.7000,23.2400,392300
2010-08-13,23.1300,23.2900,22.7200,22.9400,343200
2010-08-12,23.1600,23.3800,22.7200,23.1400,600000
2010-08-11,24.0900,24.1400,23.5300,23.6000,486000
2010-08-10,24.5500,24.8200,24.1600,24.5300,365400
2010-08-09,24.6000,24.9400,24.2000,24.8300,287500
2010-08-06,23.9500,24.3800,23.8800,24.2700,194600
2010-08-05,24.1400,24.5300,23.6900,24.2900,728200
2010-08-04,23.6100,24.3400,23.6100,24.3200,289200
2010-08-03,23.6700,24.0100,23.3400,23.6000,382000
2010-08-02,24.1400,24.3000,23.7019,23.8600,587900
2010-07-30,24.0600,24.1800,23.7000,23.8500,577500
2010-07-29,24.0200,24.8700,23.5901,24.3900,1015500
2010-07-28,24.4000,24.7200,23.4800,23.5600,542800
2010-07-27,25.0900,25.1799,24.4700,24.4900,438800
2010-07-26,24.5900,25.1900,24.5800,24.9100,407100
2010-07-23,23.2800,24.5000,23.1400,24.4500,377900
2010-07-22,22.7600,23.4600,22.6700,23.4100,286200
2010-07-21,22.8800,22.9600,22.4700,22.5400,308300
2010-07-20,22.0900,22.7900,21.9000,22.7600,390100
2010-07-19,22.8800,23.0800,22.2600,22.3300,486500
2010-07-16,23.6600,23.7100,22.8600,22.8800,378300
2010-07-15,24.1400,24.2100,23.5200,23.7600,476300
2010-07-14,23.9900,24.4000,23.9900,24.1900,378700
2010-07-13,24.0500,24.3300,23.9500,24.1500,400700
2010-07-12,23.8700,24.1600,23.4800,23.7800,400800
2010-07-09,23.0400,23.9100,23.0400,23.9100,277100
2010-07-08,23.1200,23.3200,22.8300,23.1600,462100
2010-07-07,22.0400,23.0200,21.9700,22.9500,457600
2010-07-06,22.4400,22.9600,21.8900,21.9700,421200
2010-07-02,22.1400,22.5200,21.9400,22.2300,340600
2010-07-01,21.8200,22.2300,21.2400,22.0600,415700
2010-06-30,22.0200,22.6400,21.7100,21.7900,344200
2010-06-29,22.6200,22.7600,21.8200,21.9900,436100
2010-06-28,22.9500,23.3100,22.7800,22.9100,229300
2010-06-25,22.7000,23.1300,22.3800,22.9100,417300
2010-06-24,22.8000,23.1500,22.6100,22.6400,240200
2010-06-23,23.3600,23.4700,22.7100,22.9500,405600
2010-06-22,24.1400,24.6100,23.4200,23.4400,262800
2010-06-21,24.6800,25.0400,24.0900,24.1500,287400
2010-06-18,24.6100,25.0600,24.2700,24.3200,644600
2010-06-17,24.2300,24.7900,24.1200,24.6100,524400
2010-06-16,23.8800,24.3000,23.6501,24.0500,376700
2010-06-15,23.2500,24.1000,23.1600,24.0500,441400
2010-06-14,22.4100,23.2900,22.4100,22.9900,480500
2010-06-11,22.0000,22.4000,21.8800,22.1100,218500
2010-06-10,21.7200,22.4200,21.7200,22.0900,542200
2010-06-09,21.2700,21.8000,21.2200,21.4500,403600
2010-06-08,21.0500,21.2500,20.3700,21.1500,406300
2010-06-07,21.5100,21.7600,20.9300,20.9700,387100
2010-06-04,22.3400,22.3500,21.4900,21.5200,406700
2010-06-03,22.4000,22.8900,22.2900,22.6500,418200
2010-06-02,22.0100,22.5700,21.5800,22.5500,507700
2010-06-01,23.0300,23.0300,21.7800,21.8000,543700
2010-05-28,22.9400,23.3800,22.8000,23.2000,592500
2010-05-27,23.1300,23.2000,22.5000,23.0600,682300
2010-05-26,22.6400,23.0800,22.4400,22.8300,717400
2010-05-25,21.5800,22.8500,21.3400,22.6400,597600
2010-05-24,21.9400,22.4000,21.7600,22.0000,277900
2010-05-21,21.6200,22.1500,21.4400,22.0400,409000
2010-05-20,22.1600,22.6800,21.7800,21.7900,495700
2010-05-19,22.7600,23.0600,22.2700,22.5900,421200
2010-05-18,22.8800,23.2800,22.5700,22.7700,367000
2010-05-17,23.1300,23.6800,22.3200,22.7300,456800
2010-05-14,23.3700,23.4500,22.7900,22.9800,328700
2010-05-13,22.4600,23.6900,22.4600,23.4600,505700
2010-05-12,22.2100,22.7400,22.1300,22.5800,498800
2010-05-11,22.0000,22.5800,22.0000,22.1800,548500
2010-05-10,22.6100,22.6800,21.7800,22.1900,494600
2010-05-07,21.7100,22.4200,21.3400,21.8700,711900
2010-05-06,21.9300,22.2700,20.3300,22.0000,684700
2010-05-05,21.8700,22.3800,21.5800,22.0200,491800
2010-05-04,21.0600,22.0800,20.9700,21.9500,523800
2010-05-03,21.0300,21.7700,20.8700,21.4800,592700
2010-04-30,22.0300,22.1100,21.0600,21.0600,578500
2010-04-29,22.0000,22.3200,20.1600,22.0700,1014700
2010-04-28,25.2400,25.3100,24.1800,24.2200,370400
2010-04-27,25.4600,25.8400,24.9300,24.9600,194700
2010-04-26,25.7600,25.8700,25.4000,25.6100,132100
2010-04-23,24.9900,25.9800,24.8500,25.8500,340100
2010-04-22,24.7800,25.1000,24.6300,24.9900,219700
2010-04-21,24.9300,25.4100,24.8000,25.1700,192600
2010-04-20,25.0200,25.3700,24.9000,24.9900,246100
2010-04-19,24.8200,25.1300,24.6000,24.9800,148700
2010-04-16,25.3300,25.5600,24.9400,25.0000,174000
2010-04-15,25.5300,25.5800,25.2900,25.3600,131900
2010-04-14,25.4400,25.5900,25.3260,25.5300,143500
2010-04-13,25.1900,25.5600,25.0000,25.3800,162600
2010-04-12,25.3000,25.3800,24.9100,25.1700,151000
2010-04-09,25.3100,25.3100,24.7600,25.2400,188800
2010-04-08,25.1500,25.6800,24.8900,25.3100,215400
2010-04-07,25.8800,25.8800,25.0300,25.3100,210700
2010-04-06,25.8500,26.2700,25.8500,25.9300,292500
2010-04-05,25.5300,26.1100,25.4300,26.0200,260800
2010-04-01,25.4700,25.7800,24.9800,25.4800,310300
2010-03-31,25.6700,26.2300,25.3300,25.3400,326500
2010-03-30,25.6000,26.0500,25.5000,25.6800,345200
2010-03-29,25.9300,26.0200,25.3900,25.5000,336800
2010-03-26,26.3300,26.5100,25.7400,25.7700,282900
2010-03-25,26.6300,27.0000,26.2900,26.3500,230000
2010-03-24,26.2800,26.8200,26.2800,26.5700,220500
2010-03-23,26.4400,26.6100,26.1500,26.4800,231700
2010-03-22,25.3400,26.5700,25.3400,26.4600,260700
2010-03-19,25.7900,25.9900,25.3400,25.4600,452000
2010-03-18,25.9500,26.2070,25.6300,25.6600,238200
2010-03-17,25.7500,26.2700,25.7300,26.0400,330800
2010-03-16,25.0500,25.7200,24.9200,25.6100,352400
2010-03-15,25.5200,25.5400,25.1300,25.2500,329100
2010-03-12,25.2400,25.5700,24.9900,25.4700,459500
2010-03-11,24.4700,25.2700,24.3700,25.2500,221200
2010-03-10,24.5100,24.7900,24.2600,24.7100,225500
2010-03-09,23.9100,24.6800,23.8400,24.5700,391800
2010-03-08,24.3500,24.5000,24.0600,24.1000,240600
2010-03-05,23.8600,24.5000,23.7700,24.4500,239000
2010-03-04,23.6200,23.9400,23.6100,23.6500,216100
2010-03-03,23.9400,23.9500,23.5500,23.6700,153800
2010-03-02,23.8500,23.8800,23.5900,23.8000,288200
2010-03-01,23.2400,23.9000,23.2400,23.8300,369500
2010-02-26,23.0500,23.0500,22.6500,22.9600,268700
2010-02-25,22.6400,23.0200,22.4900,22.9600,95100
2010-02-24,22.6200,23.2240,22.6200,23.0200,161200
2010-02-23,22.7900,22.9700,22.5800,22.6000,102300
2010-02-22,22.6800,22.9600,22.6800,22.8800,310300
2010-02-19,22.4200,22.9100,22.3300,22.7300,241600
2010-02-18,21.9800,22.4200,21.8900,22.4100,212900
2010-02-17,21.5000,21.8600,21.4000,21.8000,179900
2010-02-16,21.1900,21.4600,20.8500,21.4600,145200
2010-02-12,20.8000,21.1400,20.7400,21.0600,209200
2010-02-11,20.6200,21.0300,20.4900,21.0100,258200
2010-02-10,20.8100,20.9540,20.5900,20.7400,255700
2010-02-09,20.2300,21.0700,20.0500,20.8600,328400
2010-02-08,20.3200,20.3200,19.5400,19.9500,478000
2010-02-05,20.5900,20.6200,19.8200,20.4700,455300
2010-02-04,21.5100,21.5300,20.5500,20.6200,359100
2010-02-03,21.6300,22.0500,21.5000,21.5300,217300
2010-02-02,22.0000,22.1700,21.6000,21.7700,201600
2010-02-01,22.2000,22.2000,21.6100,22.0100,278500
2010-01-29,22.3700,22.6500,21.9300,21.9300,443000
2010-01-28,22.7000,22.7000,21.8600,22.2100,335600
2010-01-27,22.9300,23.1900,22.2260,22.6900,391400
2010-01-26,22.3500,23.1950,22.2000,22.9200,792300
2010-01-25,22.0500,22.4000,21.9600,22.3500,376300
2010-01-22,22.0700,22.5300,21.6900,21.8900,227700
2010-01-21,22.5900,22.9300,22.0300,22.0400,317100
2010-01-20,22.5800,22.6900,22.1100,22.6100,494100
2010-01-19,21.9900,22.7700,21.9900,22.7600,397400
2010-01-15,22.1300,22.1800,21.6800,22.0600,351400
2010-01-14,21.8900,22.1300,21.8200,22.0000,143800
2010-01-13,21.5500,22.1100,21.4100,21.9100,321200
2010-01-12,21.4000,21.6100,21.3600,21.5400,368500
2010-01-11,21.6000,21.7200,21.4600,21.5200,131200
2010-01-08,21.5500,21.6600,21.4400,21.5100,240600
2010-01-07,21.5000,21.6100,21.4900,21.5500,182900
2010-01-06,21.4500,21.6800,21.4300,21.5300,209000
2010-01-05,21.5500,21.6050,21.4500,21.4600,205500
2010-01-04,21.3800,21.7700,21.3800,21.6500,304100
2009-12-31,21.5500,21.7000,21.3100,21.3100,247700
2009-12-30,21.3700,21.6400,21.2700,21.5100,172200
2009-12-29,21.3700,21.6000,21.1800,21.4900,139600
2009-12-28,21.4900,21.5000,21.2900,21.3700,226400
2009-12-24,21.1400,21.5100,20.9500,21.5100,104800
2009-12-23,20.9300,21.2500,20.8800,21.1200,273900
2009-12-22,21.1600,21.1600,20.8600,20.9800,247600
2009-12-21,20.2500,21.1500,20.1800,21.0100,319400
2009-12-18,20.2300,20.7400,20.1200,20.3100,651700
2009-12-17,20.1700,20.2500,19.9400,20.0200,525200
2009-12-16,19.9100,20.2500,19.8400,20.1900,512500
2009-12-15,19.0200,20.0600,19.0200,19.7500,472700
2009-12-14,19.4200,20.0600,19.3500,20.0600,356200
2009-12-11,18.5700,19.3600,18.5500,19.3200,287200
2009-12-10,19.1000,19.2800,18.4500,18.5400,391600
2009-12-09,19.0200,19.0600,18.5800,18.9400,345200
2009-12-08,18.8700,19.2700,18.4900,19.1400,285800
2009-12-07,18.9800,19.3100,18.9800,19.1100,196000
2009-12-04,18.5600,19.1500,18.4700,19.0600,304600
2009-12-03,18.6900,18.9100,18.2300,18.2500,312000
2009-12-02,18.1900,18.9100,18.1000,18.6000,386100
2009-12-01,18.2500,18.2500,18.2500,18.2500,557700
2009-11-30,18.4900,18.5700,17.7000,18.2500,437600
2009-11-27,18.6300,18.8890,18.5200,18.6700,89600
2009-11-25,19.4900,19.4900,19.1800,19.2700,151500
2009-11-24,19.4800,19.5100,18.9600,19.4200,257600
2009-11-23,18.9600,19.5000,18.8700,19.3600,280000
2009-11-20,18.6300,18.8300,18.5400,18.7100,258700
2009-11-19,18.9800,19.0000,18.5500,18.7700,410900
2009-11-18,18.6500,18.8300,18.0500,18.8000,351800
2009-11-17,19.3500,19.3500,18.8600,18.9400,132100
2009-11-16,18.7300,19.6000,18.7300,19.4600,406900
2009-11-13,18.4500,18.7300,18.2600,18.6300,347000
2009-11-12,18.3600,18.5000,18.2300,18.2800,349900
2009-11-11,18.2700,18.4300,18.0450,18.3700,357400
2009-11-10,17.6300,18.7300,17.6300,18.0700,644500
2009-11-09,18.7500,19.0650,18.7350,19.0000,334300
2009-11-06,18.3000,18.7500,18.1800,18.6500,312200
2009-11-05,18.7700,18.7700,18.2000,18.5600,562000
2009-11-04,20.3200,20.4600,19.5000,19.5100,301800
2009-11-03,19.8400,20.3600,19.8000,20.3100,194500
2009-11-02,20.3800,20.4500,19.7100,20.0200,245900
2009-10-30,21.2600,21.3000,20.1950,20.3300,343200
2009-10-29,21.6500,21.7000,21.2900,21.4400,138800
2009-10-28,21.9800,22.1400,21.3400,21.3700,154300
2009-10-27,22.2300,22.5900,21.9300,21.9700,175700
2009-10-26,22.2600,22.9900,22.0000,22.1800,267100
2009-10-23,22.6400,22.7700,22.1200,22.3100,244400
2009-10-22,22.1450,22.7800,22.0600,22.6200,170500
2009-10-21,22.0300,22.7400,22.0300,22.2200,340700
2009-10-20,22.6100,22.6100,21.9400,22.0900,146600
2009-10-19,22.2100,22.6900,22.1200,22.6400,165200
2009-10-16,22.3300,22.5649,21.8700,22.2100,159100
2009-10-15,22.4200,22.6800,22.2900,22.5500,139200
2009-10-14,22.5900,22.5900,22.2200,22.5300,165300
2009-10-13,22.7200,22.7700,22.2200,22.2300,190200
2009-10-12,22.8900,23.0800,22.5300,22.6800,101000
2009-10-09,22.2000,22.8000,22.1500,22.7500,164500
2009-10-08,21.9000,22.2900,21.6000,22.2500,1183100
2009-10-07,21.5800,21.6500,21.4100,21.6300,248500
2009-10-06,21.7900,21.7900,21.4400,21.5800,239000
2009-10-05,21.5300,21.6700,21.3100,21.5400,290800
2009-10-02,21.0100,21.4600,21.0100,21.3700,308600
2009-10-01,21.4800,21.4900,21.1600,21.1900,263900
2009-09-30,21.6300,21.7700,21.2300,21.4900,334000
2009-09-29,21.6800,21.8300,21.5100,21.5500,265200
2009-09-28,21.3600,21.8700,21.1600,21.7300,198200
2009-09-25,21.5500,21.6800,21.1500,21.1900,203400
2009-09-24,21.9800,22.0700,21.5400,21.6500,409200
2009-09-23,22.2300,22.3200,21.9700,21.9700,262500
2009-09-22,22.0700,22.2700,21.9400,22.2300,402600
2009-09-21,21.8600,22.2400,21.8549,22.0700,404200
2009-09-18,22.2700,22.2800,21.8900,22.2000,645800
2009-09-17,22.0800,22.4900,22.0300,22.2000,342600
2009-09-16,22.0000,22.1900,21.7300,22.1300,365000
2009-09-15,22.1000,22.1000,21.8400,21.9900,314100
2009-09-14,22.0900,22.1200,21.8300,22.0800,305000
2009-09-11,22.5500,22.5500,22.0600,22.2800,324700
2009-09-10,22.2800,22.6400,21.9100,22.5700,155700
2009-09-09,21.7500,22.4000,21.6500,22.3600,210000
2009-09-08,21.7100,22.0000,21.4400,21.7400,175300
2009-09-04,21.3600,21.6000,21.1700,21.5600,221000
2009-09-03,21.2300,21.2300,21.2300,21.2300,762600
2009-09-02,21.7300,21.7300,21.1100,21.2300,372800
2009-09-01,22.0500,22.7300,21.4500,21.7500,498400
2009-08-31,22.7900,22.9600,21.9400,22.3000,710100
2009-08-28,23.9200,24.0600,23.1200,23.3200,281100
2009-08-27,24.4100,24.4900,23.1700,23.7500,249400
2009-08-26,24.0200,24.4700,23.9500,24.2200,203700
2009-08-25,23.9900,24.2500,23.6300,24.1200,404200
2009-08-24,24.1700,24.3300,23.8600,23.9600,505300
2009-08-21,23.4900,24.2200,23.1200,24.1300,696900
2009-08-20,22.4100,23.4500,22.4000,23.3600,555300
2009-08-19,21.3400,22.5500,21.0400,22.5100,346200
2009-08-18,21.2000,22.2500,21.0100,22.1600,415200
2009-08-17,21.8100,22.0000,21.0000,21.3200,648800
2009-08-14,22.4200,22.4200,22.0000,22.2800,422600
2009-08-13,21.9800,22.3900,21.8410,22.3900,540300
2009-08-12,21.1700,22.3800,21.1100,21.8200,691100
2009-08-11,21.5600,21.5600,21.1000,21.3000,430300
2009-08-10,21.3000,21.8000,20.8901,21.6000,453000
2009-08-07,20.9900,21.6600,20.8400,21.5500,408200
2009-08-06,20.2700,20.9300,20.0800,20.7000,560500
2009-08-05,20.5800,20.5800,20.0400,20.2800,480300
2009-08-04,19.5500,20.6000,19.5400,20.6000,651500
2009-08-03,19.3100,19.7700,18.9700,19.7200,533100
2009-07-31,18.8300,19.4500,18.8300,19.1900,498600
2009-07-30,18.7500,19.0499,18.5500,18.9200,594900
2009-07-29,18.2300,18.6000,18.2300,18.4500,299500
2009-07-28,17.9200,18.5200,17.9200,18.4800,597800
2009-07-27,17.8900,18.2560,17.8300,17.9200,422800
2009-07-24,17.8500,17.9300,17.5600,17.8000,339000
2009-07-23,16.2000,18.4400,16.0600,18.0800,1939500
2009-07-22,15.3400,16.0500,15.2300,15.8100,749700
2009-07-21,15.2800,15.4500,15.0800,15.4300,348000
2009-07-20,15.0600,15.2500,14.9800,15.1300,393900
2009-07-17,14.6400,14.9800,14.5500,14.9800,722900
2009-07-16,14.1600,14.7500,14.1600,14.7400,561500
2009-07-15,14.3500,14.3700,14.0400,14.1900,731100
2009-07-14,14.1600,14.3300,13.9400,14.1000,722800
2009-07-13,14.0500,14.2500,13.6801,14.1900,571600
2009-07-10,13.8200,14.2000,13.8200,14.0400,253200
2009-07-09,14.2200,14.2200,13.8100,13.8800,459100
2009-07-08,14.4800,14.5500,13.9400,14.0000,345800
2009-07-07,14.6300,14.7500,14.2600,14.3200,298200
2009-07-06,14.9600,15.0700,14.4900,14.6900,243500
2009-07-02,15.4800,15.4800,14.9800,15.0800,164700
2009-07-01,15.6700,16.0000,15.5700,15.8300,209200
2009-06-30,15.4900,15.8195,15.3700,15.4600,279700
2009-06-29,15.5100,15.6900,15.3310,15.4100,347800
2009-06-26,15.2500,15.8400,15.2500,15.7000,646300
2009-06-25,15.1300,15.4200,15.0000,15.4000,270400
2009-06-24,15.1800,15.3500,15.0800,15.3100,313800
2009-06-23,15.1500,15.4700,15.1500,15.1600,324500
2009-06-22,15.5100,15.9100,15.1300,15.1300,455100
2009-06-19,16.0900,16.0900,15.4700,15.6200,583400
2009-06-18,15.8200,15.9800,15.6000,15.8300,497600
2009-06-17,15.8400,16.1200,15.6000,15.8700,371200
2009-06-16,16.3900,16.4500,15.7500,15.7600,345500
2009-06-15,16.7700,16.8900,16.1000,16.2300,313200
2009-06-12,16.9600,17.0500,16.3500,17.0000,287000
2009-06-11,17.1100,17.3500,16.9500,17.0600,586400
2009-06-10,17.7500,17.7500,16.5800,17.0000,519500
2009-06-09,18.0700,18.1500,17.6900,17.7200,343800
2009-06-08,18.3700,18.3700,17.8700,18.0700,230700
2009-06-05,18.3900,18.6000,18.1600,18.3700,284600
2009-06-04,18.1400,18.4600,18.0400,18.2600,228100
2009-06-03,18.1800,18.3800,17.9000,18.1100,311400
2009-06-02,18.3300,18.5000,18.0500,18.3600,514300
2009-06-01,17.9200,18.5500,17.8700,18.3500,640500
2009-05-29,17.4500,17.5800,17.1100,17.5800,402800
2009-05-28,17.4400,17.7660,16.9700,17.3200,522100
2009-05-27,17.5800,17.8800,17.3300,17.3400,331300
2009-05-26,16.6900,17.8700,16.5500,17.7300,365800
2009-05-22,16.9800,17.3000,16.8000,16.8800,364500
2009-05-21,16.9000,17.0700,16.6500,16.9100,527900
2009-05-20,17.3900,17.7500,17.0200,17.0500,568000
2009-05-19,17.1600,17.4900,17.0200,17.2500,378700
2009-05-18,16.7700,17.2500,16.6200,17.1900,439500
2009-05-15,16.4600,16.9300,16.4600,16.5900,303400
2009-05-14,16.0000,16.8300,15.8200,16.4700,337200
2009-05-13,16.5800,16.5800,15.7900,15.8600,386500
2009-05-12,17.2900,17.4500,16.5700,16.9300,224300
2009-05-11,17.5300,17.5300,17.0700,17.2300,251200
2009-05-08,16.9500,17.5500,16.8100,17.5500,362800
2009-05-07,17.3800,17.7200,16.4400,16.6600,346700
2009-05-06,17.4800,17.6300,16.8800,17.5300,339100
2009-05-05,17.2100,17.4800,17.0900,17.3400,404100
2009-05-04,16.7500,17.2700,16.6400,17.2700,344000
2009-05-01,16.4400,16.7900,16.3300,16.5400,325200
2009-04-30,16.8400,17.2700,16.7600,16.8200,371500
2009-04-29,16.2400,17.0300,15.6200,16.8100,416100
2009-04-28,15.9200,16.2000,15.5200,15.8800,552100
2009-04-27,15.8000,17.0800,15.6600,16.9500,804000
2009-04-24,15.4000,16.1700,15.2200,16.0100,698800
2009-04-23,15.3400,15.6300,14.6600,15.2700,846200
2009-04-22,14.9500,15.6500,14.5600,15.1900,684900
2009-04-21,14.3900,15.2700,14.1200,15.1300,815400
2009-04-20,17.5600,17.5600,14.5000,14.5000,1127300
2009-04-17,17.3300,18.3300,17.1600,18.2400,567300
2009-04-16,16.2500,17.4700,16.2300,17.3600,484200
2009-04-15,15.9900,16.2800,15.7900,16.1400,341200
2009-04-14,16.3600,16.4000,15.7000,16.0700,345300
2009-04-13,16.5400,16.7300,16.1800,16.6400,300000
2009-04-09,15.7300,16.6900,15.5600,16.6500,456300
2009-04-08,15.1500,15.5400,15.1200,15.3300,423400
2009-04-07,15.4500,15.4500,14.9700,15.0900,653100
2009-04-06,15.2000,15.5400,14.9300,15.5100,476800
2009-04-03,15.0200,15.3900,14.9500,15.3500,254600
2009-04-02,14.5300,15.6300,14.5300,15.2100,470400
2009-04-01,13.8100,14.4700,13.6300,14.1500,372700
2009-03-31,13.6200,14.4900,13.5800,14.0700,457300
2009-03-30,13.5900,13.9500,13.2200,13.4400,405700
2009-03-27,14.7300,14.9000,14.0400,14.1900,411000
2009-03-26,14.3500,14.9800,14.3400,14.9700,461500
2009-03-25,13.4200,14.4300,13.4200,14.1800,545200
2009-03-24,13.3900,13.6500,13.3200,13.3500,375300
2009-03-23,13.0800,13.7700,12.8300,13.6000,662000
2009-03-20,13.4700,13.5500,12.6700,12.7200,609200
2009-03-19,13.6500,13.7600,13.2400,13.3400,519600
2009-03-18,13.2400,13.6200,12.9800,13.4400,596300
2009-03-17,12.8900,13.2400,12.7300,13.2400,447300
2009-03-16,13.3000,13.5700,12.8300,12.8600,417100
2009-03-13,13.1700,13.4600,12.9700,13.1200,469200
2009-03-12,12.7100,13.3600,12.5400,13.2800,567400
2009-03-11,12.7700,13.2200,12.5700,12.6900,501900
2009-03-10,11.5600,12.8300,11.4800,12.7700,1047400
2009-03-09,10.4000,11.4700,10.4000,11.1400,829600
2009-03-06,9.9900,10.2500,9.7600,10.0900,465900
2009-03-05,10.3100,10.4300,9.8600,9.9000,483400
2009-03-04,10.3800,10.8800,10.1900,10.6600,424200
2009-03-03,10.6600,10.7400,10.1800,10.2400,380500
2009-03-02,10.6700,10.7900,10.4100,10.4800,570600
2009-02-27,10.6000,11.3300,10.4100,10.9500,418300
2009-02-26,11.0900,11.1400,10.7200,10.7400,377600
2009-02-25,11.2700,11.3100,10.6200,10.9000,393200
2009-02-24,10.8700,11.4900,10.7500,11.3600,425200
2009-02-23,11.3700,11.4300,10.7636,10.7900,453500
2009-02-20,11.3300,11.6200,10.9300,11.2400,603000
2009-02-19,12.2900,12.2900,11.5000,11.6000,451300
2009-02-18,11.7700,12.0700,11.5000,11.9600,581000
2009-02-17,11.7900,11.9900,11.6700,11.7500,700900
2009-02-13,12.4400,12.6700,12.2000,12.2500,534700
2009-02-12,12.2900,12.4300,11.9600,12.3800,687300
2009-02-11,12.6900,12.8300,12.3800,12.5100,377800
2009-02-10,13.0500,13.3900,12.5300,12.5900,499500
2009-02-09,13.4600,13.4600,13.0000,13.1600,545000
2009-02-06,12.9900,13.6300,12.9300,13.5400,540300
2009-02-05,13.0900,13.2300,12.7575,12.9900,689300
2009-02-04,13.2900,13.4300,12.8600,13.1400,561600
2009-02-03,13.2500,13.4300,12.6100,13.2600,682700
2009-02-02,12.5000,13.2900,12.3800,13.2200,710300
2009-01-30,13.3000,13.6300,12.5800,12.7000,804400
2009-01-29,14.5900,14.7500,12.9900,13.1100,2379200
2009-01-28,15.2600,16.1000,15.2600,16.0300,849900
2009-01-27,14.8300,15.4900,14.8300,15.2500,259800
2009-01-26,14.6900,15.3500,14.5400,14.8200,498000
2009-01-23,14.6200,15.1600,14.4000,14.7600,442900
2009-01-22,15.2700,15.3200,14.6500,14.8700,603600
2009-01-21,15.1400,15.7300,14.8100,15.6800,362000
2009-01-20,15.4400,15.8900,14.8900,14.8900,485400
2009-01-16,16.0500,16.1900,15.1000,15.7900,439700
2009-01-15,15.4000,15.8700,14.7500,15.7000,442100
2009-01-14,15.6500,15.7400,15.1100,15.4100,561700
2009-01-13,15.5600,16.0100,15.5000,15.8600,562800
2009-01-12,15.5800,15.8900,15.2900,15.5600,608600
2009-01-09,15.9600,16.0700,15.2100,15.4900,475800
2009-01-08,14.5200,16.1700,14.5200,16.0300,605700
2009-01-07,16.5600,16.9900,16.3900,16.5400,567700
2009-01-06,16.6900,17.3200,16.6900,16.9200,444400
2009-01-05,17.1700,17.1700,16.5000,16.7200,378700
2009-01-02,16.9000,17.3200,16.4600,17.2500,528100
2008-12-31,15.5200,17.1800,15.5200,16.8600,771200
2008-12-30,14.6300,15.5000,14.3700,15.4700,520300
2008-12-29,14.4800,15.1300,14.2800,14.4600,366400
2008-12-26,14.2200,14.6400,14.0400,14.6200,160600
2008-12-24,14.0500,14.2900,13.8100,14.1300,197200
2008-12-23,14.6300,14.9100,13.9700,14.1500,635600
2008-12-22,14.7600,14.7600,13.7100,14.2200,401100
2008-12-19,15.0500,15.2300,14.1800,14.7200,890500
2008-12-18,13.9700,14.5400,13.7500,14.1600,445700
2008-12-17,13.9000,14.5000,13.7100,14.2200,380700
2008-12-16,13.4000,14.2100,13.3900,14.0200,532200
2008-12-15,14.2400,14.3400,12.9100,13.2200,380500
2008-12-12,13.6100,14.5400,13.1800,14.2800,428300
2008-12-11,14.4600,14.9800,13.9500,14.1200,381500
2008-12-10,14.5700,15.2000,14.3500,14.6200,313100
2008-12-09,14.5700,15.1500,13.9500,14.4700,496100
2008-12-08,13.5900,14.6850,13.5900,14.3600,512700
2008-12-05,13.0300,13.3200,12.2300,13.2700,618000
2008-12-04,13.5200,13.9700,12.6200,12.9500,375700
2008-12-03,12.6800,13.7900,12.4800,13.7200,448200
2008-12-02,12.4500,13.0490,12.3100,12.9600,635800
2008-12-01,13.7900,13.8000,12.3300,12.4400,480500
2008-11-28,13.2100,14.2100,13.2100,14.1400,235100
2008-11-26,12.6900,13.7499,12.4400,13.5700,744700
2008-11-25,12.7000,12.9000,12.1200,12.8100,377200
2008-11-24,11.6100,12.8000,11.5800,12.6200,433200
2008-11-21,11.1300,11.5400,10.3500,11.5200,717100
2008-11-20,11.3200,12.2900,10.9300,10.9400,540900
2008-11-19,12.5500,12.8300,11.4300,11.4500,350700
2008-11-18,12.9700,13.0800,12.0400,12.5300,598800
2008-11-17,13.2700,13.5800,12.8500,12.9000,376200
2008-11-14,14.2500,14.5500,13.2800,13.4200,442600
2008-11-13,13.4100,14.6200,12.6400,14.5900,659300
2008-11-12,13.9100,13.9200,13.0200,13.0400,396500
2008-11-11,14.3900,14.8000,13.8900,14.1800,317500
2008-11-10,15.3200,15.6800,14.5100,14.6400,503100
2008-11-07,13.7800,15.0300,13.7800,14.9900,577000
2008-11-06,14.3700,15.8200,13.8900,13.9200,1050800
2008-11-05,14.8200,15.2500,14.1300,14.2000,773300
2008-11-04,15.7700,16.0400,14.9000,15.0100,766300
2008-11-03,15.5900,16.0300,15.2800,15.4200,435900
2008-10-31,15.3000,16.5700,14.9700,15.5900,920200
2008-10-30,14.4900,15.4700,14.2900,15.4400,689500
2008-10-29,13.8000,14.7500,13.7800,14.1500,611500
2008-10-28,13.1500,13.9200,12.5700,13.9200,663800
2008-10-27,13.6000,13.6100,12.8300,12.8300,414200
2008-10-24,13.6900,14.1100,13.3800,13.8400,622100
2008-10-23,15.0800,15.1100,13.7000,14.3000,643400
2008-10-22,15.5500,15.9500,14.8000,15.0500,444900
2008-10-21,15.9500,16.6800,15.8900,16.2200,418500
2008-10-20,15.6900,16.2200,15.2800,16.2200,323100
2008-10-17,14.5600,16.1700,14.5600,15.4300,778000
2008-10-16,15.5400,15.7700,14.5000,14.9200,1449500
2008-10-15,16.3500,16.4400,15.5000,15.5000,626900
2008-10-14,17.7100,18.1300,16.3600,16.8600,752700
2008-10-13,16.5800,17.5800,16.0400,17.5800,296100
2008-10-10,14.3400,16.3200,13.7500,15.7200,1209800
2008-10-09,16.3000,16.6000,15.0400,15.0400,804700
2008-10-08,17.0000,17.1300,15.8800,16.2500,1487800
2008-10-07,18.5500,18.7800,17.1200,17.1300,882200
2008-10-06,18.6500,19.0300,17.6200,18.4000,1295200
2008-10-03,21.2800,21.4100,19.0500,19.2100,912800
2008-10-02,22.4100,22.7900,20.8900,20.9500,673700
2008-10-01,22.9000,23.4000,22.2800,22.5700,632400
2008-09-30,23.7200,23.7200,22.7500,23.0600,963100
2008-09-29,23.9900,24.4000,22.7900,23.2500,1401200
2008-09-26,23.4400,24.3400,23.4400,24.2900,1005900
2008-09-25,24.0200,24.4500,23.9200,23.9900,526700
2008-09-24,24.3900,24.4900,23.8900,23.9200,782500
2008-09-23,24.8400,25.2800,24.1400,24.3500,591400
2008-09-22,26.0000,26.0000,24.7100,24.8900,473600
2008-09-19,25.8500,27.8400,25.3000,26.0000,1605200
2008-09-18,23.8400,26.3500,23.8100,24.6900,1600100
2008-09-17,24.4400,24.4900,23.2400,23.6600,973500
2008-09-16,23.9600,24.8400,23.5900,24.7700,766100
2008-09-15,24.2400,25.2900,24.2100,24.5700,615600
2008-09-12,24.8300,25.5300,24.5100,25.1800,512400
2008-09-11,24.1900,25.4300,24.0900,25.0800,371400
2008-09-10,24.8600,25.3100,24.3100,24.7500,305100
2008-09-09,24.4500,25.6600,24.4500,24.7000,736400
2008-09-08,24.9700,25.4000,23.9300,24.5100,547300
2008-09-05,24.0100,24.2500,23.3000,24.1400,589700
2008-09-04,23.7300,24.2800,23.7200,24.1600,636400
2008-09-03,23.4900,24.3200,23.3400,23.9600,444300
2008-09-02,23.6100,24.3100,23.3400,23.5000,407200
2008-08-29,23.2700,23.4500,23.1000,23.1000,513000
2008-08-28,22.8800,23.5200,22.8800,23.3600,426800
2008-08-27,22.7100,23.2200,22.7100,22.9900,419600
2008-08-26,22.8200,22.9000,22.4500,22.7400,489800
2008-08-25,23.3400,23.3400,22.7900,22.8300,259200
2008-08-22,23.5000,24.0800,23.3600,23.5700,365300
2008-08-21,23.4100,23.5700,22.7300,23.2400,744700
2008-08-20,24.2100,24.5000,23.3500,23.5800,826600
2008-08-19,26.1050,26.4900,24.2900,24.3900,760100
2008-08-18,26.7600,26.9800,25.9900,26.3900,592000
2008-08-15,26.5400,26.8600,26.1900,26.6700,576300
2008-08-14,25.8800,26.5500,25.5400,26.1700,698100
2008-08-13,25.2800,26.3200,25.1400,25.9800,721700
2008-08-12,25.0000,25.4300,24.8100,25.3100,418500
2008-08-11,24.1900,25.3400,24.0900,24.8900,551900
2008-08-08,23.5300,24.5000,23.5300,24.1700,427600
2008-08-07,23.2500,24.1000,23.1200,23.5200,469200
2008-08-06,22.9900,23.8400,22.7400,23.5200,398900
2008-08-05,22.0100,23.0600,21.7700,23.0100,563600
2008-08-04,22.1100,22.4100,21.1200,21.7000,459300
2008-08-01,22.2000,22.4600,21.4700,22.3000,646300
2008-07-31,22.6100,22.9100,22.2600,22.2600,272500
2008-07-30,23.2600,23.4300,22.4100,22.8300,575000
2008-07-29,21.9900,23.3400,21.9300,23.3400,605800
2008-07-28,22.4900,22.4900,21.7600,21.9100,408700
2008-07-25,22.0000,23.1300,22.0000,22.6300,532600
2008-07-24,20.2400,23.4900,20.2400,22.0600,877800
2008-07-23,21.6700,23.2900,21.4000,23.0200,1135400
2008-07-22,21.0700,21.9300,20.8500,21.7000,584900
2008-07-21,21.5100,21.8900,21.2200,21.2800,194900
2008-07-18,21.3700,21.6300,21.0000,21.5500,366700
2008-07-17,20.7700,21.6100,20.7300,21.2900,410500
2008-07-16,19.6200,20.7700,19.4100,20.7200,531500
2008-07-15,19.3500,20.3000,18.8700,19.6000,526200
2008-07-14,19.5700,20.3900,19.5300,19.5600,374000
2008-07-11,19.5700,20.4800,19.3800,19.9700,671700
2008-07-10,19.4500,20.2400,19.4500,19.8400,478900
2008-07-09,19.9900,20.1900,19.3000,19.3900,376600
2008-07-08,18.9300,19.9700,18.9300,19.9600,518500
2008-07-07,19.4700,19.6500,18.7600,19.0800,1026700
2008-07-03,20.8800,20.9000,19.3700,19.3700,692100
2008-07-02,20.8900,21.1800,20.6500,20.8500,874000
2008-07-01,20.3400,20.9200,20.0600,20.8400,976900
2008-06-30,20.2000,21.0700,19.8200,20.7700,1086600
2008-06-27,20.7200,21.0700,20.1600,20.3100,4186000
2008-06-26,21.9800,22.1500,20.6000,20.7200,1028600
2008-06-25,22.0600,22.7300,21.7200,22.3500,287000
2008-06-24,22.1400,22.1600,21.7001,21.9300,284000
2008-06-23,22.8500,22.9900,22.1400,22.1400,215500
2008-06-20,22.7700,23.8200,22.6000,22.7600,428900
2008-06-19,23.3200,23.7000,22.9300,23.5600,357300
2008-06-18,23.1700,23.3500,22.6100,23.2700,484200
2008-06-17,23.1300,23.9600,23.1300,23.4800,453200
2008-06-16,22.9100,23.5000,22.8800,23.2800,322700
2008-06-13,23.1000,23.4100,22.8500,23.0700,380500
2008-06-12,22.9300,23.2300,22.7000,22.8100,279200
2008-06-11,23.3500,23.3700,22.7600,22.7600,644300
2008-06-10,22.9900,23.4300,22.8900,23.3700,465800
2008-06-09,23.8500,23.8500,22.8700,23.1100,486000
2008-06-06,24.2000,24.2600,23.7500,23.8500,333800
2008-06-05,24.5200,24.6800,23.9900,24.4300,661900
2008-06-04,24.1000,24.6600,23.9500,24.3700,311500
2008-06-03,24.1600,24.5800,23.9400,24.2200,563900
2008-06-02,25.1500,25.1700,24.0300,24.2900,458300
2008-05-30,24.9700,25.3000,24.7300,25.2700,400700
2008-05-29,24.9000,25.2500,24.8300,24.9800,550600
2008-05-28,25.2000,25.3000,24.7600,24.9000,478900
2008-05-27,25.2400,25.6400,24.7100,25.1400,850900
2008-05-23,25.5000,25.5500,25.1300,25.1400,251800
2008-05-22,25.3900,25.9500,25.3700,25.5700,285300
2008-05-21,25.3200,25.6800,25.3000,25.4100,449100
2008-05-20,24.5100,25.3900,24.5100,25.3200,361700
2008-05-19,24.8600,25.5200,24.6000,24.6400,409300
2008-05-16,24.5300,25.1700,23.9700,25.1600,225100
2008-05-15,24.2700,24.8900,24.0700,24.8500,149300
2008-05-14,24.2600,24.8600,24.1400,24.2700,529300
2008-05-13,23.6900,24.6400,23.6900,24.2400,404500
2008-05-12,23.0800,23.6600,22.9500,23.6100,470000
2008-05-09,22.9200,23.4600,22.9200,23.1600,312900
2008-05-08,22.9900,23.3300,22.8600,23.1800,429400
2008-05-07,23.5600,23.5600,22.7500,22.8700,487600
2008-05-06,22.7600,23.7200,22.7000,23.4800,682000
2008-05-05,24.2800,24.2800,22.6900,22.9400,1006600
2008-05-02,24.7000,24.7200,24.0800,24.5300,586900
2008-05-01,24.6400,24.6400,23.5900,24.5600,834300
2008-04-30,23.4800,25.1000,23.1300,24.7700,1109800
2008-04-29,25.1300,25.1400,21.7500,23.2600,2830400
2008-04-28,26.6200,26.6300,26.0000,26.4300,604800
2008-04-25,26.5800,26.7900,26.0700,26.7000,216600
2008-04-24,25.7400,26.9500,25.6100,26.5600,342900
2008-04-23,25.2100,25.8100,25.0600,25.7700,322700
2008-04-22,25.4700,25.4700,24.7800,25.0900,393800
2008-04-21,25.5000,25.6700,25.2600,25.5700,310800
2008-04-18,25.6200,25.8000,25.4300,25.6400,260700
2008-04-17,25.2000,25.5900,25.1200,25.3100,332600
2008-04-16,24.8000,25.3600,24.6760,25.2500,334800
2008-04-15,24.7000,24.9100,24.4700,24.7800,233300
2008-04-14,24.4700,24.8200,24.4100,24.5300,365600
2008-04-11,24.8800,25.0600,24.3000,24.5900,281700
2008-04-10,24.6000,25.4500,24.4400,25.1200,356000
2008-04-09,24.9100,25.0100,24.5900,24.6500,388700
2008-04-08,24.2000,25.1800,24.0700,24.9300,497700
2008-04-07,24.7800,24.7800,24.0400,24.3600,275000
2008-04-04,24.1000,24.5600,23.6800,24.3800,369300
2008-04-03,23.6700,24.3100,23.3900,24.1600,655400
2008-04-02,22.8400,23.9300,22.3900,23.6300,955100
2008-04-01,21.4300,22.6200,21.4000,22.5100,586300
2008-03-31,22.0800,22.0900,21.3800,21.5200,939900
2008-03-28,22.8500,22.8800,22.1400,22.2000,380800
2008-03-27,23.1000,23.1500,22.7040,22.8700,391900
2008-03-26,23.0600,23.2100,22.6900,23.0400,365200
2008-03-25,23.1300,23.3200,22.9000,23.1700,658100
2008-03-24,22.1800,23.2000,22.1600,23.0500,426400
2008-03-20,21.7000,22.1500,21.1000,22.0600,426300
2008-03-19,22.2300,22.4500,21.7200,21.7200,402100
2008-03-18,20.9600,22.2600,20.9300,22.1600,431600
2008-03-17,21.3300,21.4900,20.7000,20.8300,556000
2008-03-14,22.8800,22.8800,21.5000,21.9100,583500
2008-03-13,22.4200,22.7600,22.1100,22.6000,416600
2008-03-12,22.8200,23.0000,22.3800,22.7600,240000
2008-03-11,23.0000,23.0000,22.2400,22.6500,302100
2008-03-10,22.4600,22.9700,22.2601,22.4400,290600
2008-03-07,22.4800,22.9300,22.2300,22.4100,390000
2008-03-06,23.0300,23.1700,22.7200,22.7700,403700
2008-03-05,22.6300,23.2000,22.5000,23.1800,398100
2008-03-04,22.4300,22.6800,22.3600,22.4900,458900
2008-03-03,22.8500,23.1200,22.3900,22.6700,469300
2008-02-29,23.6300,23.6300,23.1200,23.2000,578600
2008-02-28,24.3500,24.5000,23.5900,23.8300,449900
2008-02-27,24.2000,24.6100,24.0700,24.5300,371300
2008-02-26,24.0900,24.6700,23.9200,24.3700,402100
2008-02-25,23.6100,24.1400,23.3700,24.0400,519700
2008-02-22,24.3900,24.5100,23.2300,23.9400,484800
2008-02-21,24.9000,25.0900,24.3900,24.4800,497500
2008-02-20,24.1200,24.7300,24.1200,24.7100,369800
2008-02-19,24.8500,25.0000,24.2900,24.4400,421800
2008-02-15,24.9500,24.9600,24.5400,24.7500,356200
2008-02-14,25.2500,25.3600,24.9900,25.0600,424200
2008-02-13,25.1900,25.3000,25.0300,25.2200,424800
2008-02-12,24.4100,25.1900,24.2500,25.0600,709900
2008-02-11,24.4400,24.5200,23.8400,24.3800,665000
2008-02-08,24.5100,24.7300,24.0500,24.4200,548700
2008-02-07,24.5700,24.9500,24.4200,24.6400,505300
2008-02-06,25.2000,25.4900,24.7200,24.7500,627500
2008-02-05,25.1600,25.3700,25.0400,25.2500,635500
2008-02-04,25.5876,25.8900,25.4500,25.6900,482000
2008-02-01,25.4500,25.8400,24.7900,25.7700,673900
2008-01-31,25.5600,25.6900,25.1300,25.5000,886400
2008-01-30,25.6800,25.8100,25.5500,25.7500,2736700
2008-01-29,24.3300,25.9900,24.1400,25.8000,1672100
2008-01-28,23.6500,24.0800,23.1000,24.0800,1046700
2008-01-25,23.5300,23.7500,23.0200,23.6900,1389700
2008-01-24,22.0200,23.5600,21.9200,23.3200,1497500
2008-01-23,21.3500,22.4800,21.1900,22.0200,1782000
2008-01-22,21.6500,22.7300,21.5900,22.0600,980900
2008-01-18,22.6800,22.9600,22.1500,22.6000,1126000
2008-01-17,23.6000,23.6900,22.3000,22.5600,1745900
2008-01-16,22.8600,24.4500,22.6500,23.6900,2130100
2008-01-15,26.2900,26.5000,22.8500,22.9100,5129100
2008-01-14,28.6300,28.8000,28.2600,28.3400,642200
2008-01-11,28.2600,28.6600,27.5000,28.4900,1036600
2008-01-10,28.0000,28.7900,27.8700,28.4600,606400
2008-01-09,29.0600,29.1600,28.0400,28.1400,1615200
2008-01-08,30.1800,30.3300,29.1200,29.1500,663200
2008-01-07,30.5400,30.7300,29.9500,30.1400,486900
2008-01-04,30.3800,30.6800,30.1500,30.4600,971100
2008-01-03,31.5500,31.5500,30.6000,30.7300,779100
2008-01-02,32.1000,32.2800,31.3200,31.4400,630600
2007-12-31,32.2900,32.4700,32.0800,32.1500,516700
2007-12-28,33.0200,33.0600,32.2400,32.4000,506000
2007-12-27,33.4800,33.7400,32.7600,32.8600,336900
2007-12-26,33.8100,33.8200,33.0900,33.6500,351600
2007-12-24,32.8500,33.8400,32.8200,33.7100,305800
2007-12-21,34.1300,34.1300,32.7500,32.9400,1142800
2007-12-20,34.0100,34.0500,33.4700,33.7000,579900
2007-12-19,34.0300,34.2900,33.5900,33.7300,512100
2007-12-18,34.8500,35.0000,34.1600,34.2600,396800
2007-12-17,34.6200,35.1800,34.4200,34.6000,493300
2007-12-14,34.8600,35.1100,34.5100,34.7100,552700
2007-12-13,35.2800,35.3100,33.8700,35.0600,1371500
2007-12-12,35.6200,35.7600,35.0000,35.3300,633800
2007-12-11,36.3900,36.3900,34.8700,35.0200,573100
2007-12-10,35.9000,36.3900,35.9000,36.3200,302100
2007-12-07,36.4000,36.5100,35.9900,36.0600,442600
2007-12-06,36.0100,36.6000,35.7800,36.4000,542800
2007-12-05,36.5700,36.7000,35.8500,36.1300,971300
2007-12-04,35.8400,36.5400,35.8400,36.2600,690400
2007-12-03,36.6500,36.7500,36.0800,36.0800,508900
2007-11-30,37.5600,37.5900,36.6800,36.9600,759700
2007-11-29,37.6100,37.6100,36.9400,37.3200,992800
2007-11-28,37.4900,37.8800,37.2800,37.7200,676000
2007-11-27,37.9800,38.1300,37.3000,37.4900,609800
2007-11-26,38.3000,38.3700,37.4800,37.7000,688300
2007-11-23,37.9600,38.7300,37.8700,38.4000,172900
2007-11-21,38.3100,38.3100,37.7600,37.8000,435200
2007-11-20,39.3600,39.6000,37.9900,38.4000,1504000
2007-11-19,39.6400,39.9400,39.3300,39.6000,652600
2007-11-16,39.2400,40.6300,39.2400,39.9200,1056100
2007-11-15,39.1400,39.8000,39.1400,39.2900,875300
2007-11-14,40.0000,40.5000,39.2300,39.2700,1127300
2007-11-13,39.3600,40.1100,38.7600,39.9800,2011200
2007-11-12,37.4500,39.3700,37.3900,39.2600,1736200
2007-11-09,36.7100,37.9800,36.7000,37.5800,907100
2007-11-08,36.9200,37.4000,36.7300,37.0600,779900
2007-11-07,36.9200,37.2000,36.7700,37.0200,1031100
2007-11-06,37.3100,37.4500,37.0000,37.1300,446600
2007-11-05,37.2800,37.6800,37.1800,37.3700,523200
2007-11-02,37.5700,37.9600,36.8000,37.5400,1202900
2007-11-01,37.7200,37.9200,37.2600,37.3600,1171800
2007-10-31,36.3000,38.1100,36.3000,37.9200,3947000
2007-10-30,34.1400,34.3400,34.0000,34.0500,606900
2007-10-29,34.4800,34.5300,34.0800,34.2900,431900
2007-10-26,34.5200,34.5200,34.0100,34.2700,389700
2007-10-25,34.6300,34.8300,33.9300,34.1500,702600
2007-10-24,34.4450,34.6100,34.0000,34.4700,623600
2007-10-23,34.2700,34.6600,34.2500,34.6300,480400
2007-10-22,34.7900,34.7900,33.7200,34.2100,974000
2007-10-19,36.0700,36.1800,34.7500,34.8200,907200
2007-10-18,35.8400,36.1600,35.7500,36.0700,1313600
2007-10-17,36.1600,36.2000,35.8100,36.0500,388700
2007-10-16,35.9200,36.1200,35.8500,35.9400,428100
2007-10-15,36.1500,36.2100,35.8800,36.0200,718600
2007-10-12,36.5700,36.7700,36.0500,36.2000,361700
2007-10-11,36.9300,36.9500,36.2000,36.4700,289700
2007-10-10,37.0400,37.0500,36.6900,36.8400,218900
2007-10-09,37.1700,37.1700,36.8200,37.1000,263100
2007-10-08,36.9700,37.2500,36.9400,37.1500,450700
2007-10-05,36.7200,37.0500,36.5530,37.0500,292000
2007-10-04,36.8200,36.8700,36.4500,36.5300,205000
2007-10-03,36.4800,36.8500,36.4800,36.6900,638000
2007-10-02,36.2500,36.7500,36.0500,36.6100,616300
2007-10-01,36.0200,36.3200,36.0100,36.2700,858900
2007-09-28,36.4000,36.4100,35.9700,36.1100,382700
2007-09-27,36.2900,36.4000,35.9900,36.4000,270100
2007-09-26,36.2300,36.3300,35.9000,36.1500,425000
2007-09-25,35.9900,36.2900,35.9200,36.1100,297000
2007-09-24,36.3500,36.4500,35.9400,36.0200,645400
2007-09-21,36.9900,36.9900,36.1700,36.3900,729800
2007-09-20,37.3600,37.3800,36.7500,36.7700,522700
2007-09-19,37.2800,37.7100,37.2200,37.3500,519900
2007-09-18,37.1800,37.2800,36.6000,37.0000,858800
2007-09-17,37.3500,37.3800,36.7500,36.9800,404500
2007-09-14,36.8200,37.7900,36.2500,37.5200,371500
2007-09-13,37.1100,37.6200,36.6300,37.1100,451100
2007-09-12,36.9400,37.3000,36.6500,36.9400,435200
2007-09-11,36.8800,37.2500,36.4500,36.9700,542500
2007-09-10,37.5000,37.8200,36.5300,36.7300,631400
2007-09-07,37.6200,38.0300,37.0400,37.4700,571000
2007-09-06,38.0300,38.2800,37.2200,37.9800,727000
2007-09-05,37.6800,38.4300,37.2100,38.0000,673200
2007-09-04,36.9100,37.9600,36.8200,37.7500,504700
2007-08-31,36.7000,37.1000,36.2700,36.9900,608600
2007-08-30,36.1100,36.9600,36.0000,36.3100,580900
2007-08-29,35.9300,36.2600,35.8200,36.2300,260600
2007-08-28,36.1000,36.1000,35.5000,35.7500,710400
2007-08-27,36.5800,36.7400,36.1700,36.3400,273000
2007-08-24,35.9700,36.7000,35.9000,36.6000,327500
2007-08-23,36.4000,36.4000,35.9501,36.0800,231500
2007-08-22,36.3400,36.5600,35.9700,36.2300,345500
2007-08-21,35.7900,36.1900,35.7400,36.0300,634100
2007-08-20,36.4100,36.7000,35.7400,35.9000,678000
2007-08-17,37.0600,37.0600,35.9900,36.4400,285500
2007-08-16,35.5200,36.6900,35.3300,36.3400,1103400
2007-08-15,36.3600,36.9400,35.6100,35.6500,1122900
2007-08-14,36.9100,37.0500,36.3200,36.3600,799100
2007-08-13,36.5400,37.4400,36.5400,36.9100,518700
2007-08-10,35.6200,36.6800,35.5500,36.5200,1065400
2007-08-09,36.3000,36.8000,35.7572,36.0000,2005800
2007-08-08,37.4100,37.8400,36.1700,36.7400,1326900
2007-08-07,37.4800,37.9100,37.2300,37.5100,879800
2007-08-06,38.0900,38.2000,37.3400,37.8000,922500
2007-08-03,38.9400,38.9600,37.9700,38.0500,611600
2007-08-02,38.5700,39.2300,38.4100,39.0400,854300
2007-08-01,39.2200,39.6300,37.9500,38.4500,1465000
2007-07-31,39.3200,39.8700,39.0000,39.2600,956700
2007-07-30,38.7400,39.2600,38.5400,39.1500,996200
2007-07-27,37.7800,38.8300,37.4800,38.4700,1131400
2007-07-26,38.0500,38.7200,37.1300,37.6700,1723400
2007-07-25,37.9400,38.3700,37.5500,38.1500,981400
2007-07-24,38.4700,38.5400,37.6000,37.7800,545600
2007-07-23,39.0000,39.4000,38.6000,38.7000,410800
2007-07-20,39.6900,39.7200,38.8800,38.9000,555100
2007-07-19,39.4300,39.8300,39.4000,39.7600,260100
2007-07-18,39.2500,39.5000,38.9200,39.4700,447700
2007-07-17,39.4000,39.6300,39.2100,39.3400,1264700
2007-07-16,39.4000,39.5000,39.1100,39.2500,464500
2007-07-13,39.4000,39.5300,39.1300,39.4700,280200
2007-07-12,39.5000,39.8200,39.1600,39.4600,430800
2007-07-11,39.2900,39.4700,39.1700,39.4000,273700
2007-07-10,39.8000,39.8500,39.1800,39.2200,372200
2007-07-09,40.2000,40.2000,39.7000,40.0200,206000
2007-07-06,39.9900,40.2700,39.6800,40.2300,324900
2007-07-05,39.9500,40.1000,39.1600,39.9900,1116000
2007-07-03,40.5200,40.6000,40.2500,40.3000,203300
2007-07-02,40.0500,40.5700,40.0100,40.5300,1028500
2007-06-29,37.5000,40.7100,37.5000,40.1200,4229800
2007-06-28,37.4500,37.6800,37.2400,37.3800,674400
2007-06-27,37.1000,37.7000,36.8900,37.5200,682100
2007-06-26,37.4500,37.5000,37.0700,37.2600,596600
2007-06-25,36.7800,37.4200,36.7200,37.2400,599600
2007-06-22,37.1100,37.1500,36.8700,36.8700,661300
2007-06-21,36.9100,37.2700,36.7000,37.1100,439600
2007-06-20,37.0300,37.2900,36.9000,37.0800,453100
2007-06-19,37.0000,37.2500,36.8500,37.0100,377300
2007-06-18,36.9500,37.2600,36.8000,37.2100,534900
2007-06-15,37.0000,37.0000,36.8000,36.9100,718100
2007-06-14,37.0600,37.4600,36.8500,37.0500,474700
2007-06-13,37.2800,37.3000,36.8500,37.0800,567700
2007-06-12,37.1300,37.3100,36.8700,37.1000,936700
2007-06-11,37.5000,37.6200,37.0900,37.1800,455900
2007-06-08,37.1400,37.5700,37.0000,37.5000,415300
2007-06-07,37.5300,37.6000,36.8200,36.8200,842500
2007-06-06,38.0500,38.1000,37.6400,37.6900,1108300
2007-06-05,37.8100,38.1300,37.6800,38.0400,431400
2007-06-04,37.5200,38.0300,37.4600,38.0300,858800
2007-06-01,37.8000,37.9000,37.5500,37.7600,453600
2007-05-31,37.4100,38.0800,37.3300,37.8500,729700
2007-05-30,37.0190,37.6600,36.9400,37.3400,892500
2007-05-29,37.1400,37.3800,36.9700,37.0500,418900
2007-05-25,37.0000,37.1800,36.8600,37.1200,382500
2007-05-24,36.8700,37.2800,36.7400,36.8000,621600
2007-05-23,36.9200,37.1600,36.8000,36.8700,465600
2007-05-22,36.6300,37.0900,36.5600,37.0000,606300
2007-05-21,36.5100,36.7000,36.0800,36.5600,899700
2007-05-18,35.6900,36.6100,35.5800,36.5400,1239000
2007-05-17,35.3700,35.8900,35.3500,35.6700,968300
2007-05-16,35.0700,35.4100,35.0400,35.3900,1023000
2007-05-15,35.5700,35.7000,34.9800,35.0300,1112400
2007-05-14,36.0000,36.0700,35.3600,35.4700,487400
2007-05-11,35.9300,36.2300,35.8900,36.0300,606500
2007-05-10,35.7500,36.0400,35.6500,35.7400,918700
2007-05-09,36.1600,36.3100,35.8900,35.9000,1214700
2007-05-08,35.8100,36.5400,35.7300,36.3600,939300
2007-05-07,35.8100,36.1300,35.7700,36.0100,791100
2007-05-04,36.0100,36.2500,35.5800,35.8300,1237700
2007-05-03,35.6500,36.2000,35.6000,36.2000,1192800
2007-05-02,35.9500,36.1500,35.6800,35.7100,958400
2007-05-01,35.7000,36.0300,35.7000,35.9900,816000
2007-04-30,36.1600,36.2000,35.6800,35.7100,967600
2007-04-27,36.4800,36.5800,35.8900,36.1100,1057200
2007-04-26,36.8700,37.0300,36.3400,36.5600,900200
2007-04-25,36.8300,36.9500,36.5500,36.6400,879200
2007-04-24,36.8600,37.1800,36.6300,36.8100,956800
2007-04-23,36.9000,37.0000,36.5300,36.9000,691300
2007-04-20,37.0600,37.1300,36.5300,36.9700,1854800
2007-04-19,36.7300,37.1500,36.6200,36.9500,1502100
2007-04-18,36.7500,37.6000,36.7000,36.9800,1223500
2007-04-17,36.8500,37.8500,36.5200,37.0800,6121900
2007-04-16,40.4360,40.6600,40.3200,40.5500,556700
2007-04-13,39.8300,40.8300,39.6700,40.2100,389400
2007-04-12,40.0500,40.0900,39.4800,39.7900,861400
2007-04-11,39.4900,40.3200,39.3800,40.2000,965000
2007-04-10,39.2500,39.5000,39.2000,39.4500,525500
2007-04-09,39.1700,39.3300,38.8700,39.2500,261900
2007-04-05,39.3000,39.3000,39.0000,39.1800,212600
2007-04-04,38.7100,39.2800,38.5600,39.2500,451800
2007-04-03,38.8300,38.9700,38.6200,38.6600,270900
2007-04-02,38.7800,38.9600,38.5500,38.6900,365900
2007-03-30,38.4400,38.7400,38.4400,38.6800,415900
2007-03-29,38.5900,38.6500,38.3000,38.4900,341800
2007-03-28,38.4500,38.5000,38.0600,38.4400,300100
2007-03-27,38.2060,38.6100,38.1600,38.5400,320300
2007-03-26,38.6000,38.6000,38.1000,38.2500,258200
2007-03-23,38.8000,38.8500,38.4900,38.4900,484700
2007-03-22,39.4400,39.4400,38.5800,38.7600,253200
2007-03-21,38.2500,38.8900,38.2000,38.6800,374900
2007-03-20,37.9400,38.2700,37.9300,38.2500,397900
2007-03-19,38.1000,38.2500,37.8500,37.9700,603700
2007-03-16,38.0200,38.1100,37.5500,37.7900,426800
2007-03-15,37.9700,38.1000,37.6400,37.9400,552500
2007-03-14,37.8900,38.0200,37.4500,37.9700,778400
2007-03-13,38.4000,38.4100,37.8200,37.8700,263100
2007-03-12,38.2400,38.7800,38.2000,38.5600,412600
2007-03-09,38.6100,38.6100,38.0500,38.1700,384800
2007-03-08,38.8800,38.9600,38.2300,38.3800,888500
2007-03-07,38.6000,38.9200,38.5200,38.7600,512500
2007-03-06,38.2400,38.7900,38.1600,38.6700,800100
2007-03-05,38.3950,38.7200,38.0900,38.0900,624100
2007-03-02,39.1800,39.1800,38.5100,38.5200,370900
2007-03-01,38.6500,39.5000,38.3600,39.2100,609400
2007-02-28,39.0600,39.3000,38.6500,39.0300,795800
2007-02-27,39.3624,39.7100,38.7300,38.9600,721800
2007-02-26,40.1300,40.3500,39.9100,39.9600,622000
2007-02-23,40.1800,40.2900,39.9700,40.1400,255100
2007-02-22,40.1200,40.3000,39.9200,40.2500,274000
2007-02-21,40.1400,40.3900,39.9700,40.1300,283500
2007-02-20,39.6000,40.3300,39.5800,40.2600,494700
2007-02-16,39.5700,39.8400,39.4400,39.7400,182700
2007-02-15,39.6200,39.7600,39.5000,39.5600,458900
2007-02-14,39.7000,39.7800,39.4300,39.6200,600700
2007-02-13,40.2300,40.2300,39.6000,39.7000,280200
2007-02-12,39.9900,40.1400,39.9000,40.0100,315300
2007-02-09,40.4300,40.6500,39.7600,39.9100,242000
2007-02-08,40.3900,40.7500,40.3900,40.5100,297400
2007-02-07,40.4300,40.5800,40.2300,40.4200,372800
2007-02-06,40.4500,40.5000,40.1000,40.4900,287800
2007-02-05,39.8200,40.4100,39.7100,40.2300,407100
2007-02-02,40.0200,40.1600,39.8000,39.9100,226800
2007-02-01,39.8000,40.1400,39.7900,40.0300,470800
2007-01-31,39.9800,40.0300,39.1300,39.8200,784300
2007-01-30,40.2800,40.4500,39.6100,39.9700,901400
2007-01-29,40.4500,40.6000,40.0900,40.3000,367700
2007-01-26,40.9000,40.9000,40.2500,40.3300,807400
2007-01-25,41.7500,41.7500,40.1500,40.8600,792700
2007-01-24,41.0000,41.4800,40.8900,41.0000,679100
2007-01-23,41.0900,41.1300,40.7700,41.0400,946200
2007-01-22,41.5800,41.6000,41.0300,41.0600,502100
2007-01-19,41.4500,41.7400,41.3000,41.6700,425700
2007-01-18,41.3500,41.8400,41.1400,41.5600,556300
2007-01-17,41.3000,41.4600,41.0600,41.2700,327200
2007-01-16,41.6900,41.7000,41.3900,41.5000,318000
2007-01-12,41.1400,41.6000,41.0800,41.5600,361600
2007-01-11,40.7700,41.3300,40.5600,41.0800,401100
2007-01-10,40.3000,40.8400,40.2000,40.7700,302500
2007-01-09,40.2700,40.5800,40.1400,40.4200,401100
2007-01-08,40.2800,40.6800,40.1700,40.3400,475000
2007-01-05,40.0500,40.6000,40.0500,40.3900,558800
2007-01-04,40.4700,40.9700,40.4000,40.8500,640600
2007-01-03,40.2000,41.1000,40.2000,40.5100,741500
2006-12-29,40.9400,41.0900,40.3800,40.6500,317600
2006-12-28,41.1000,41.2000,40.8300,41.0400,211000
2006-12-27,41.2800,41.4000,41.0600,41.0900,205900
2006-12-26,40.9600,41.4200,40.7800,41.2700,130700
2006-12-22,41.2000,41.3244,40.8300,40.9600,221100
2006-12-21,41.6000,41.7600,41.1200,41.3000,321400
2006-12-20,41.3200,41.8200,41.3000,41.5800,205900
2006-12-19,41.2100,41.5000,41.0500,41.3000,349600
2006-12-18,42.0800,42.0800,41.7200,41.7400,819400
2006-12-15,42.3500,42.6900,41.8600,41.8800,1008200
2006-12-14,42.3000,42.9200,42.2000,42.4700,824500
2006-12-13,41.8000,42.2900,41.7500,42.1200,968100
2006-12-12,41.5900,41.6500,41.2500,41.3900,298500
2006-12-11,41.3900,41.8600,41.2200,41.7400,446500
2006-12-08,41.3500,41.7300,41.2000,41.4900,537600
2006-12-07,41.9400,41.9500,41.3700,41.4600,880300
2006-12-06,42.1700,42.1700,41.7600,41.9500,323200
2006-12-05,42.4500,42.5200,42.0300,42.2900,309900
2006-12-04,42.5500,42.7400,42.2500,42.3700,656100
2006-12-01,41.6500,42.6200,41.6000,42.5900,1414000
2006-11-30,41.4500,41.7500,41.2500,41.6200,692700
2006-11-29,41.0700,41.4900,40.9700,41.2000,957200
2006-11-28,41.1500,41.1700,40.6300,41.0600,1495800
2006-11-27,42.3500,42.4800,41.2700,41.3400,814300
2006-11-24,41.9000,42.9700,41.6700,42.5500,647500
2006-11-22,42.0500,42.2900,41.9100,42.0600,464100
2006-11-21,42.0000,42.2200,41.7200,42.1800,582400
2006-11-20,41.7800,42.4700,41.2300,42.3600,735900
2006-11-17,42.2500,42.4200,41.7900,41.9900,741600
2006-11-16,41.9800,42.4400,41.5900,42.3500,934700
2006-11-15,41.5000,42.0500,41.4800,41.8800,906400
2006-11-14,41.0500,41.6600,40.9700,41.6000,757200
2006-11-13,41.1500,41.3600,40.7300,41.1400,805500
2006-11-10,40.9000,41.6200,40.5500,41.1800,705900
2006-11-09,41.5500,41.5500,40.6000,40.7400,818200
2006-11-08,40.5700,41.6000,40.5000,41.3700,1226400
2006-11-07,39.7500,40.7500,39.4700,40.6400,995500
2006-11-06,38.9500,39.8200,38.9000,39.6100,839400
2006-11-03,39.9000,40.1200,38.6500,39.1300,1681300
2006-11-02,36.4800,40.3300,36.4000,39.9100,3361600
2006-11-01,36.8800,37.0000,36.2500,36.4600,1081700
2006-10-31,37.0700,37.2300,36.4300,36.6300,355100
2006-10-30,36.3100,37.0700,36.3100,36.9600,534200
2006-10-27,36.3500,36.5500,36.2200,36.2900,526100
2006-10-26,36.5200,36.5200,35.8900,36.4800,468700
2006-10-25,36.3600,36.6000,36.1400,36.4000,294700
2006-10-24,36.9000,36.9000,36.2000,36.3500,438000
2006-10-23,36.0800,37.0300,36.0800,37.0200,771800
2006-10-20,35.8600,36.3000,35.7190,36.2000,478600
2006-10-19,35.6500,35.8900,35.6500,35.8600,866600
2006-10-18,35.7400,36.1200,35.6100,35.8400,1674700
2006-10-17,36.5300,36.5300,36.1900,36.2600,525900
2006-10-16,36.3600,37.0000,36.2000,36.5300,3230900
2006-10-13,36.1400,36.3300,35.9800,36.1900,643300
2006-10-12,36.5600,36.6400,36.0200,36.1000,823000
2006-10-11,36.4000,36.6700,36.2400,36.5300,266600
2006-10-10,36.7900,36.9800,36.4100,36.5400,277300
2006-10-09,36.7100,36.8900,36.3600,36.8000,263700
2006-10-06,36.7500,36.9000,36.3800,36.8100,237700
2006-10-05,36.8900,37.0000,36.5660,36.9200,421600
2006-10-04,36.1900,37.0000,36.1200,36.9900,369800
2006-10-03,36.1000,36.5600,36.0900,36.2600,244000
2006-10-02,36.4500,36.6000,36.0400,36.1600,482200
2006-09-29,36.8500,36.9000,36.3900,36.5700,465600
2006-09-28,36.2600,36.9000,36.2500,36.9000,483200
2006-09-27,36.7000,36.9000,36.2300,36.3000,580700
2006-09-26,36.2800,36.7400,36.0800,36.7200,440000
2006-09-25,35.9700,36.3200,35.8500,36.2700,367000
2006-09-22,36.3600,36.4700,35.8500,36.0200,967300
2006-09-21,37.1900,37.2000,36.2100,36.4300,665700
2006-09-20,36.7400,37.3200,36.6400,37.2000,496500
2006-09-19,36.3200,36.7000,36.1500,36.6700,559600
2006-09-18,36.2700,36.4500,35.9000,36.3400,537600
2006-09-15,37.0500,37.3600,36.3000,36.3800,746100
2006-09-14,36.7200,37.3800,36.4900,37.0000,899800
2006-09-13,36.0100,36.8100,35.8200,36.7200,809200
2006-09-12,35.7400,36.3400,35.1000,36.1700,782200
2006-09-11,34.8500,35.9900,34.6900,35.7500,919300
2006-09-08,34.9000,35.1300,34.6700,35.0500,524900
2006-09-07,34.9500,35.0500,34.4500,34.8700,745300
2006-09-06,35.1000,35.1900,34.7200,35.0800,553900
2006-09-05,35.5600,35.5700,35.1900,35.2900,507300
2006-09-01,35.0000,35.8100,35.0000,35.5500,557800
2006-08-31,35.3900,35.4200,35.0000,35.0100,663100
2006-08-30,34.2300,35.9700,34.2300,35.3900,1225900
2006-08-29,33.9400,34.2700,33.8100,34.2500,908200
2006-08-28,33.6900,33.8700,33.5300,33.7700,458900
2006-08-25,33.6000,33.8500,33.4100,33.7200,336100
2006-08-24,34.5800,34.6100,33.5000,33.6300,571500
2006-08-23,34.0800,34.4200,34.0300,34.3500,737700
2006-08-22,34.0000,34.4000,33.9900,34.2000,835500
2006-08-21,34.4900,34.5500,33.9000,33.9900,303500
2006-08-18,34.3100,34.7600,34.0300,34.7000,538000
2006-08-17,34.1500,34.3900,34.0500,34.3500,1176100
2006-08-16,34.1500,34.3700,33.9600,34.2500,466000
2006-08-15,34.0070,34.2400,33.9500,34.0800,616900
2006-08-14,33.7200,34.1900,33.7200,33.8600,279400
2006-08-11,33.9500,34.0300,33.4900,33.6500,202500
2006-08-10,34.0700,34.3100,33.8200,33.9500,494900
2006-08-09,34.6401,34.7100,34.0500,34.1300,742200
2006-08-08,34.7800,34.7900,34.4000,34.4700,778200
2006-08-07,34.6000,34.7400,34.1900,34.6400,918500
2006-08-04,34.9500,35.1800,34.6000,34.7000,675000
2006-08-03,34.5200,34.8900,34.1600,34.8000,553400
2006-08-02,34.0300,34.6500,34.0200,34.6100,1056100
2006-08-01,33.8100,34.0200,33.5200,33.9500,686800
2006-07-31,33.5500,34.0600,33.5500,33.7800,580700
2006-07-28,33.4500,33.9400,33.4500,33.6600,679000
2006-07-27,33.5000,33.7500,32.5100,33.2500,3566800
2006-07-26,34.7500,34.8900,34.1600,34.1600,952100
2006-07-25,35.3500,35.5700,34.7500,34.8900,425200
2006-07-24,35.0000,35.5100,35.0000,35.4400,416400
2006-07-21,35.3200,35.4000,34.6300,34.9000,841900
2006-07-20,36.0400,36.2700,35.4000,35.4900,1309900
2006-07-19,35.0200,36.3100,34.9800,36.0400,1028400
2006-07-18,34.8000,35.1000,34.7900,35.0200,700300
2006-07-17,34.9500,35.2200,34.6500,34.8000,442300
2006-07-14,34.3200,35.0000,34.3000,34.8800,684300
2006-07-13,34.7200,35.1300,34.4000,34.4100,797300
2006-07-12,35.0000,35.2000,34.4100,35.0000,559900
2006-07-11,35.0300,35.2900,34.9500,35.0600,571300
2006-07-10,35.1200,35.3200,34.9200,35.0100,436600
2006-07-07,35.2100,35.4700,35.0000,35.1000,589300
2006-07-06,35.3300,35.6000,34.9900,35.2100,546900
2006-07-05,35.7600,35.8000,34.9200,35.3300,858100
2006-07-03,36.2700,36.3400,35.9400,36.0200,150300
2006-06-30,36.2700,36.6400,36.1400,36.3100,435700
2006-06-29,35.7300,36.3300,35.4100,36.3100,398300
2006-06-28,35.3400,35.6700,35.2500,35.5500,283500
2006-06-27,35.9000,35.9400,35.2000,35.3500,970200
2006-06-26,36.3000,36.5700,35.8600,35.9400,397500
2006-06-23,35.8400,36.3700,35.7300,36.1200,279400
2006-06-22,36.3500,36.4000,35.7600,35.8400,550400
2006-06-21,36.1700,36.6400,35.6700,36.4300,569300
2006-06-20,36.3200,36.4700,35.5100,35.6900,1276000
2006-06-19,35.5500,37.3000,35.5500,36.2500,1967300
2006-06-16,35.0000,35.9200,34.9400,35.6300,2210000
2006-06-15,34.6200,34.6300,34.0800,34.3000,890400
2006-06-14,34.4500,34.6500,34.2900,34.5100,558200
2006-06-13,34.4500,34.8800,34.2500,34.5000,760200
2006-06-12,35.2600,35.2600,34.1900,34.4500,906000
2006-06-09,35.0900,35.6300,35.0400,35.3500,401900
2006-06-08,34.6000,35.2600,34.5800,35.0400,984100
2006-06-07,34.8600,35.4200,34.5200,34.6300,739500
2006-06-06,35.3900,35.6700,34.5900,34.8700,794800
2006-06-05,35.8200,35.8800,35.2901,35.3800,501300
2006-06-02,36.6700,36.7800,35.7500,36.0200,426600
2006-06-01,35.5600,36.6600,35.4200,36.5000,691900
2006-05-31,35.8700,36.2400,35.4900,35.5700,903900
2006-05-30,36.1100,36.1700,35.4001,35.7700,602600
2006-05-26,36.0000,36.2500,35.7900,36.1000,252900
2006-05-25,35.5200,36.1100,35.5000,36.0500,442300
2006-05-24,35.5100,35.7100,34.8100,35.4000,1306400
2006-05-23,36.5900,36.6600,35.5400,35.6100,1046100
2006-05-22,36.9200,36.9300,36.1300,36.6000,702700
2006-05-19,36.6500,37.4000,36.6500,37.0100,624100
2006-05-18,36.9200,37.0000,36.4000,36.4300,971800
2006-05-17,37.9000,38.0800,36.7700,36.8100,1131700
2006-05-16,37.9900,38.4800,37.7100,38.1000,766900
2006-05-15,37.2600,38.3300,37.2600,38.0500,616400
2006-05-12,37.9000,38.4700,37.5500,38.0200,793300
2006-05-11,38.3800,38.4100,37.8000,38.0000,1063400
2006-05-10,38.1000,38.9200,38.0800,38.3500,854500
2006-05-09,38.4700,38.7100,38.0200,38.2600,1419900
2006-05-08,38.1900,38.7300,38.1900,38.4700,781800
2006-05-05,37.3000,38.4600,37.1000,38.1900,1058200
2006-05-04,37.3600,37.7200,37.2200,37.3000,857200
2006-05-03,37.0600,37.6600,37.0000,37.3600,993700
2006-05-02,36.8300,37.3200,36.7400,37.0400,624500
2006-05-01,37.2500,37.3100,36.7400,36.8300,636800
2006-04-28,37.1200,37.5600,36.8720,37.1100,1130300
2006-04-27,38.3900,38.5000,36.5200,37.3200,3488600
2006-04-26,40.7900,40.9900,40.1990,40.4000,493900
2006-04-25,40.8700,41.1000,40.5000,40.6400,420400
2006-04-24,41.1000,41.1100,40.5810,40.8400,282500
2006-04-21,41.1400,41.2900,40.8500,41.1100,599000
2006-04-20,40.7900,41.2400,40.7000,41.1000,380500
2006-04-19,40.7850,41.0400,40.4000,40.7600,980700
2006-04-18,40.7500,41.0600,40.6500,40.9300,392300
2006-04-17,40.7300,41.1200,40.5100,40.8100,282000
2006-04-13,40.8200,40.9000,40.5000,40.7500,272800
2006-04-12,40.2300,40.9400,40.2300,40.8200,483500
2006-04-11,39.9000,40.3000,39.9000,40.1800,838100
2006-04-10,39.9100,40.2600,39.7600,39.8000,414700
2006-04-07,39.9000,40.3200,39.8500,39.9100,427600
2006-04-06,39.9100,39.9600,39.5300,39.9100,421800
2006-04-05,40.0500,40.2100,39.6700,39.9100,340300
2006-04-04,39.9800,40.3500,39.6900,40.1900,654300
2006-04-03,39.9000,40.0400,39.6800,39.9200,690900
2006-03-31,38.9500,39.8400,38.7700,39.6200,666200
2006-03-30,38.9000,39.0000,38.6800,38.8000,570100
2006-03-29,38.9800,39.2700,38.7600,38.8500,933100
2006-03-28,39.7500,39.9900,38.8700,39.1000,1473800
2006-03-27,39.3000,39.3000,38.3000,38.7700,967600
2006-03-24,39.2800,39.3800,39.1200,39.2700,430700
2006-03-23,39.3600,39.5300,39.0800,39.3000,331400
2006-03-22,39.4000,39.6900,38.8100,39.4600,1080500
2006-03-21,39.8400,40.0000,39.2500,39.5300,743500
2006-03-20,39.9500,40.3400,39.7200,39.9100,804700
2006-03-17,39.1500,40.3000,39.0000,39.9400,1277300
2006-03-16,38.9700,40.0400,38.8000,38.9200,1894000
2006-03-15,39.2000,39.2500,36.3600,39.0200,5442800
2006-03-14,42.0000,42.0400,37.8000,39.3700,4664100
2006-03-13,42.3700,42.7400,42.0500,42.1600,238900
2006-03-10,42.4600,42.6600,42.1000,42.5400,551800
2006-03-09,42.8400,42.8400,42.2000,42.4600,257700
2006-03-08,42.7000,43.0200,42.5600,42.8500,427900
2006-03-07,43.0100,43.0800,42.7000,42.8000,712300
2006-03-06,43.5000,43.6100,42.9800,43.0100,303800
2006-03-03,43.8600,44.0800,43.5000,43.5100,149000
2006-03-02,43.6500,44.0700,43.5000,43.9600,301300
2006-03-01,42.6700,44.0200,42.6700,43.7300,493400
2006-02-28,43.1500,43.2900,42.5500,42.6200,562800
2006-02-27,43.2300,43.4200,43.0400,43.2500,486600
2006-02-24,43.5200,43.5800,43.1200,43.2500,380100
2006-02-23,43.9000,43.9400,43.4800,43.5300,279800
2006-02-22,44.0300,44.2100,43.6100,44.0900,362900
2006-02-21,44.2800,44.2900,43.4400,44.0600,506400
2006-02-17,44.3400,44.4500,43.9900,44.3300,441800
2006-02-16,44.3200,44.3500,44.0000,44.3300,261500
2006-02-15,44.3200,44.3800,43.7900,44.3300,235900
2006-02-14,44.1400,44.5100,43.8200,44.2900,404200
2006-02-13,44.3000,44.4500,44.0100,44.0800,183400
2006-02-10,44.4000,44.5700,44.0200,44.4000,259500
2006-02-09,44.4400,44.6800,44.3000,44.4000,457100
2006-02-08,44.6500,44.6500,44.2400,44.4300,375200
2006-02-07,44.6600,44.6600,44.2500,44.4900,638000
2006-02-06,44.3400,44.8200,44.2600,44.6600,671300
2006-02-03,43.8400,44.5000,43.8000,44.1400,662500
2006-02-02,44.4400,44.4700,43.8700,44.2900,668300
2006-02-01,44.2600,44.6200,44.2100,44.4800,372300
2006-01-31,44.0700,44.3300,43.6900,44.3200,433900
2006-01-30,45.0000,45.1500,43.8700,44.1200,714500
2006-01-27,44.5300,45.0300,44.4500,44.8300,702900
2006-01-26,45.7500,46.2300,44.4900,44.5000,845100
2006-01-25,45.4000,45.7200,44.9000,45.2000,650700
2006-01-24,45.6500,46.0150,45.3700,45.4000,366100
2006-01-23,45.7000,45.8600,45.6100,45.6500,390400
2006-01-20,46.3000,46.4400,45.7500,45.7500,241100
2006-01-19,46.2600,46.7000,46.0300,46.3700,470000
2006-01-18,46.2000,46.5000,46.0500,46.2100,390500
2006-01-17,46.5100,46.6500,46.3500,46.4200,453000
2006-01-13,46.9100,46.9800,46.5600,46.6900,207700
2006-01-12,47.7600,47.7900,46.9900,47.0100,682200
2006-01-11,46.9700,47.8900,46.8700,47.7700,663300
2006-01-10,46.7000,46.9900,46.5600,46.9800,248100
2006-01-09,46.2000,47.2600,46.2000,46.9000,601600
2006-01-06,46.1500,46.6400,46.0000,46.4600,335200
2006-01-05,45.8500,46.2400,45.8500,46.1500,376000
2006-01-04,45.2300,46.6500,45.1900,46.1600,781300
2006-01-03,44.1100,45.5500,44.1000,45.2700,629400
2005-12-30,44.3500,44.3600,44.0700,44.1700,205800
2005-12-29,44.9600,45.1400,44.4500,44.5100,299500
2005-12-28,43.9100,44.9600,43.9000,44.7600,380700
2005-12-27,44.5200,44.7300,43.7800,43.8800,525200
2005-12-23,44.3500,44.6700,44.3000,44.4200,170800
2005-12-22,44.3200,44.4900,44.2000,44.3500,482000
2005-12-21,43.8300,44.3800,43.7300,44.3700,548100
2005-12-20,43.2300,44.1300,42.4700,43.5800,1144700
2005-12-19,43.7100,43.8300,43.1160,43.4200,489300
2005-12-16,44.4500,44.6300,43.6800,43.7200,684700
2005-12-15,44.4500,44.7700,44.3400,44.5000,555800
2005-12-14,44.1500,44.7000,43.7000,44.3000,1012100
2005-12-13,44.9600,44.9600,43.2200,44.3300,1656600
2005-12-12,47.0000,47.0000,46.2100,46.5100,446700
2005-12-09,47.4700,47.5400,46.7500,47.0000,670200
2005-12-08,47.4400,47.9900,47.1700,47.5600,810000
2005-12-07,47.0500,47.6000,47.0500,47.4400,615600
2005-12-06,45.9700,47.1700,45.9300,46.8800,986800
2005-12-05,45.7400,45.9700,45.6300,45.8200,347300
2005-12-02,45.8500,46.3300,45.7200,46.2400,700000
2005-12-01,46.0000,46.5400,45.9300,46.2500,748700
2005-11-30,47.0500,47.2300,45.1000,45.8200,1280900
2005-11-29,47.6700,48.0000,47.4700,47.4900,357400
2005-11-28,47.9500,47.9900,47.2700,47.4200,422100
2005-11-25,48.0400,48.3400,47.9500,48.0500,91200
2005-11-23,48.2000,48.4500,47.9500,48.1200,364400
2005-11-22,47.3900,48.4700,47.1500,48.2100,693600
2005-11-21,46.7000,47.4900,46.0001,47.4500,683100
2005-11-18,47.5000,47.7000,46.9700,47.1300,655400
2005-11-17,46.9400,47.6400,46.7400,47.6400,709300
2005-11-16,46.9000,46.9500,46.5100,46.9200,640300
2005-11-15,46.2500,46.9300,45.9000,46.6500,555400
2005-11-14,46.9200,47.2300,46.8000,46.9200,975800
2005-11-11,46.8000,47.4800,46.7500,46.9600,521400
2005-11-10,45.9500,46.9000,45.9000,46.8000,715600
2005-11-09,44.8500,46.2100,44.7600,45.7500,1215500
2005-11-08,44.5700,45.0000,44.0500,44.8700,780400
2005-11-07,44.1800,44.7500,43.9200,44.5800,622800
2005-11-04,44.6000,45.2000,44.1400,44.2700,553400
2005-11-03,43.3000,44.7900,43.3000,44.5000,1036700
2005-11-02,41.4700,42.4400,41.4400,42.1700,346100
2005-11-01,41.7600,41.9700,41.0600,41.5300,548700
2005-10-31,41.3700,42.1000,41.3700,41.7600,530400
2005-10-28,40.2900,41.2800,40.2100,41.1800,534500
2005-10-27,40.6500,40.9000,39.9500,40.2100,389400
2005-10-26,41.1000,41.2700,40.2210,40.6600,543000
2005-10-25,41.7800,41.9500,41.1400,41.4000,340600
2005-10-24,41.5200,42.0000,41.1400,41.8700,343300
2005-10-21,41.1700,41.7200,41.1100,41.4600,296600
2005-10-20,41.6700,42.0500,40.7500,41.0700,255700
2005-10-19,40.9000,41.7100,40.6300,41.6700,246300
2005-10-18,41.8500,41.8500,41.1000,41.1100,299900
2005-10-17,42.0200,42.1600,41.5500,41.8500,273100
2005-10-14,41.4500,42.3100,41.4300,41.9700,344000
2005-10-13,41.5700,41.9000,40.8900,41.4500,512300
2005-10-12,42.1100,42.5100,41.1200,41.5200,424900
2005-10-11,42.4500,42.9000,41.7800,42.2100,393000
2005-10-10,42.9700,42.9799,42.0300,42.3500,253900
2005-10-07,43.2500,43.4400,42.4500,42.8700,395200
2005-10-06,42.4300,42.8300,41.9500,42.7100,859800
2005-10-05,43.1000,43.1000,42.4200,42.4800,495300
2005-10-04,44.0000,44.2500,43.2000,43.2300,490000
2005-10-03,44.8000,44.8000,43.9700,44.0700,575300
2005-09-30,44.6900,44.9900,44.5000,44.8000,745200
2005-09-29,43.8300,45.2400,43.6000,44.8300,642100
2005-09-28,42.9900,44.3000,42.7500,44.0300,1629300
2005-09-27,41.9400,41.9700,41.6500,41.6900,246300
2005-09-26,42.1500,42.3500,41.5800,41.9200,369200
2005-09-23,41.9000,42.1500,41.5100,42.0300,182500
2005-09-22,41.8100,42.3100,41.5200,42.0500,274700
2005-09-21,41.6300,42.0000,41.4400,41.7100,419100
2005-09-20,42.0300,42.0600,41.6600,41.7800,298900
2005-09-19,42.0300,42.1400,41.6300,41.9600,250300
2005-09-16,41.9900,42.3000,41.8000,42.0300,566500
2005-09-15,42.1800,42.1800,41.7500,41.9900,713300
2005-09-14,42.1000,42.2400,41.8100,42.1800,301100
2005-09-13,42.5100,42.5100,42.1200,42.2500,220400
2005-09-12,42.3900,42.7700,42.2500,42.5400,310400
2005-09-09,42.0200,42.3700,41.9500,42.2900,367900
2005-09-08,41.9700,42.1900,41.8700,42.0800,788700
2005-09-07,41.2500,41.8900,41.2400,41.8200,404000
2005-09-06,40.7300,41.2400,40.7100,41.1200,627100
2005-09-02,40.9100,41.0500,40.5500,40.7300,284900
2005-09-01,40.7000,41.3300,40.6100,40.8600,449100
2005-08-31,40.4500,40.8700,40.0000,40.8700,805600
2005-08-30,39.5000,40.6500,39.5000,40.5500,633100
2005-08-29,39.6500,39.7000,38.9400,39.5000,373600
2005-08-26,39.6800,40.3300,39.6800,40.1000,506300
2005-08-25,39.6500,40.0100,39.4600,39.6800,416500
2005-08-24,39.7600,40.1600,39.2500,39.5500,481200
2005-08-23,39.2200,40.0300,39.2200,39.7500,900100
2005-08-22,38.6000,39.3200,38.6000,39.2200,346400
2005-08-19,38.9000,38.9500,38.5000,38.6500,310600
2005-08-18,39.1200,39.1200,38.6600,38.9600,153100
2005-08-17,38.7400,39.3500,38.7100,39.1700,344200
2005-08-16,39.1200,39.5400,38.7300,38.7900,380500
2005-08-15,38.7600,39.7400,38.5400,39.1700,382300
2005-08-12,38.7500,39.1000,38.5100,38.9400,369900
2005-08-11,38.0500,38.9700,38.0500,38.9500,507400
2005-08-10,38.3000,38.8300,37.7800,38.1400,505800
2005-08-09,38.2300,38.7000,38.0600,38.1700,483600
2005-08-08,37.8700,38.4500,37.5300,38.0900,461700
2005-08-05,38.0200,38.4300,37.8000,37.9000,303400
2005-08-04,37.7300,38.6300,37.7100,38.0900,600300
2005-08-03,37.3700,38.1800,37.3400,38.0300,509400
2005-08-02,37.4100,37.6900,37.2500,37.4400,681600
2005-08-01,37.7000,37.9300,37.3600,37.4100,410800
2005-07-29,37.7800,38.2300,37.5000,37.6300,521600
2005-07-28,37.1000,37.8400,36.9200,37.6500,428000
2005-07-27,36.7700,37.0500,36.6100,37.0000,427600
2005-07-26,36.8500,37.0300,36.6100,36.9200,198200
2005-07-25,36.7700,37.1800,36.5700,36.9300,345200
2005-07-22,36.7200,36.9200,36.5600,36.9200,131600
2005-07-21,37.0700,37.0700,36.5500,36.8200,271700
2005-07-20,36.9500,37.1200,36.8800,37.0900,192800
2005-07-19,37.1000,37.1800,36.9100,37.0800,291100
2005-07-18,37.1300,37.3300,36.9900,37.1600,261100
2005-07-15,36.9500,37.2300,36.4540,37.1900,305000
2005-07-14,37.1100,37.3900,37.0000,37.0200,298200
2005-07-13,37.5700,37.6900,37.0400,37.1100,197500
2005-07-12,37.3200,37.9000,37.0800,37.5700,213600
2005-07-11,36.6000,37.5200,36.6000,37.3700,262500
2005-07-08,36.8000,36.9800,36.4600,36.6400,321900
2005-07-07,35.7600,36.9000,35.5900,36.8800,375400
2005-07-06,36.4000,36.4200,35.9100,36.0100,344600
2005-07-05,36.3500,36.6500,36.2700,36.5500,227200
2005-07-01,36.5000,36.8800,36.0700,36.3600,221600
2005-06-30,36.5000,36.7300,36.4200,36.5000,330500
2005-06-29,36.6900,36.9900,36.3500,36.3900,274800
2005-06-28,36.0000,36.7300,36.0000,36.7300,224300
2005-06-27,35.9900,36.4300,35.8000,35.9400,461400
2005-06-24,36.8000,36.9000,35.9000,36.0100,456600
2005-06-23,37.3700,37.4000,36.8300,36.8400,295800
2005-06-22,37.4800,37.5500,37.1700,37.4100,185900
2005-06-21,37.5700,37.7500,37.3300,37.4500,225600
2005-06-20,37.7500,37.8000,37.5000,37.6500,413700
2005-06-17,37.5500,37.8000,37.5000,37.6800,575900
2005-06-16,36.9500,37.5400,36.8000,37.4800,686100
2005-06-15,36.2000,36.7500,36.2000,36.7000,470300
2005-06-14,35.6000,36.5000,35.5300,36.1700,649500
2005-06-13,34.9500,35.8500,34.9000,35.4800,665200
2005-06-10,35.5000,35.6400,34.8430,34.9700,296900
2005-06-09,35.3700,35.6000,35.2000,35.5900,219000
2005-06-08,35.6000,35.6400,35.2450,35.3000,249100
2005-06-07,35.3200,35.8800,35.3200,35.4300,1137400
2005-06-06,34.7800,35.4900,34.7800,35.2500,306700
2005-06-03,34.3200,34.9600,34.2400,34.7800,299300
2005-06-02,34.4000,34.7500,34.3400,34.5000,194900
2005-06-01,34.2500,34.2500,34.2500,34.2500,501500
2005-05-31,34.9000,35.0200,34.2500,34.2500,753300
2005-05-27,35.0600,35.1400,34.9000,34.9500,243900
2005-05-26,34.9600,35.2500,34.9600,35.1000,188800
2005-05-25,35.0000,35.0400,34.6500,34.8000,256900
2005-05-24,34.8400,35.2500,34.8100,35.1300,577000
2005-05-23,34.7800,35.0200,34.7000,34.9000,315400
2005-05-20,34.7000,34.8500,34.4800,34.7000,178000
2005-05-19,34.4300,34.7300,34.2900,34.7300,251700
2005-05-18,34.0400,34.5500,33.9100,34.5000,340600
2005-05-17,33.9000,34.0500,33.8700,34.0500,249600
2005-05-16,33.9500,34.0600,33.7800,33.9000,544700
2005-05-13,34.0000,34.2000,33.8100,33.9200,505500
2005-05-12,34.3400,34.3700,33.8400,34.0900,273600
2005-05-11,34.1500,34.4900,33.8600,34.3700,539100
2005-05-10,33.8500,34.2300,33.7300,34.0800,509100
2005-05-09,33.8500,33.9400,33.6100,33.8700,143100
2005-05-06,34.1000,34.1000,33.7700,33.9700,236000
2005-05-05,34.1000,34.2300,33.8300,34.0600,287900
2005-05-04,33.2300,34.2500,33.1000,34.1600,722300
2005-05-03,33.0000,33.4200,32.9000,33.2300,370100
2005-05-02,33.0200,33.2300,32.5700,33.1800,506700
2005-04-29,32.8500,33.1400,32.5900,32.8800,383000
2005-04-28,32.2700,33.2100,32.2600,32.6000,530200
2005-04-27,32.9000,33.4700,32.5500,33.2500,546400
2005-04-26,33.4900,33.4900,32.7690,33.0500,353100
2005-04-25,33.7400,33.7500,33.4200,33.6100,303800
2005-04-22,34.0000,34.1500,33.6000,33.7700,237800
2005-04-21,33.9500,34.2800,33.8000,34.0100,358100
2005-04-20,34.0200,34.1400,33.6200,33.8000,413500
2005-04-19,33.8500,34.0500,33.7500,34.0200,254900
2005-04-18,33.4500,34.0100,33.4400,33.9100,1006700
2005-04-15,33.6600,33.9300,33.4400,33.6500,458000
2005-04-14,33.8200,33.9800,33.4700,33.6000,273000
2005-04-13,34.2000,34.3500,33.7700,33.8200,203500
2005-04-12,33.4800,34.3800,33.4800,34.3300,313000
2005-04-11,33.9900,34.0000,33.5500,33.5900,430000
2005-04-08,34.2100,34.3000,33.9300,34.0500,311300
2005-04-07,34.3900,34.5700,34.0000,34.3600,382900
2005-04-06,34.5000,34.9800,34.4700,34.4900,456700
2005-04-05,34.4900,34.7500,34.3400,34.4300,306300
2005-04-04,34.0800,34.5000,34.0500,34.5000,299400
2005-04-01,34.4100,34.4900,34.0200,34.1200,347500
2005-03-31,34.1500,34.4600,33.9000,34.4400,283800
2005-03-30,33.6100,34.2700,33.6100,34.2500,202800
2005-03-29,33.3800,34.0600,33.3800,33.6100,315800
2005-03-28,33.5100,33.6600,33.4700,33.5500,242500
2005-03-24,33.9600,34.0700,33.7200,33.7200,207400
2005-03-23,33.6700,34.0000,33.5400,33.9500,314100
2005-03-22,33.7700,34.0000,33.4300,33.7100,298600
2005-03-21,33.3100,33.6500,33.2500,33.5500,228000
2005-03-18,32.9500,33.5000,32.8800,33.3300,448400
2005-03-17,33.0000,33.0500,32.6900,32.8500,264800
2005-03-16,32.9000,33.3000,32.8700,32.8800,242800
2005-03-15,33.3200,33.3800,32.9000,33.0300,371200
2005-03-14,33.3400,33.6100,33.1400,33.3200,234400
2005-03-11,33.2200,33.5700,33.1900,33.4100,184000
2005-03-10,33.4500,33.6000,32.8700,33.2800,284700
2005-03-09,33.8200,33.9800,33.3500,33.3500,196300
2005-03-08,34.1600,34.2600,33.8200,33.9100,218900
2005-03-07,33.9200,34.3500,33.9200,34.2700,196900
2005-03-04,33.8300,34.2200,33.6500,34.0500,214800
2005-03-03,34.2700,34.3300,33.7600,33.7600,323900
2005-03-02,34.0800,34.6600,34.0800,34.2700,362600
2005-03-01,33.8000,34.3300,33.8000,34.3300,310800
2005-02-28,33.3100,34.0800,33.3000,33.8000,389600
2005-02-25,33.6200,33.8300,33.2100,33.5600,345300
2005-02-24,33.6600,33.8900,33.5500,33.7200,653800
2005-02-23,33.8900,33.8900,33.6100,33.7600,175300
2005-02-22,34.0800,34.5000,33.5100,33.8300,449600
2005-02-18,34.3600,34.4200,34.1700,34.1800,132900
2005-02-17,34.2200,34.4100,33.8600,34.3500,519300
2005-02-16,34.3000,34.4700,34.1900,34.3300,236600
2005-02-15,34.1800,34.5400,34.1000,34.4000,185900
2005-02-14,34.3500,34.3900,34.0100,34.1800,169000
2005-02-11,34.2600,34.6100,34.1000,34.4800,144900
2005-02-10,34.6100,34.6300,34.1600,34.3700,230000
2005-02-09,34.9500,34.9500,34.5000,34.6000,316900
2005-02-08,34.7500,35.0400,34.6300,35.0000,340600
2005-02-07,34.9500,34.9900,34.5700,34.8200,273800
2005-02-04,34.3100,35.0000,34.2000,34.9500,279800
2005-02-03,34.4400,34.5800,34.0600,34.3700,364700
2005-02-02,34.2500,34.6700,34.2000,34.5200,454400
2005-02-01,34.4000,34.5500,34.0400,34.2200,363200
2005-01-31,34.2000,34.5800,34.0500,34.5500,659800
2005-01-28,34.5000,34.7200,34.0600,34.1800,482600
2005-01-27,34.4400,35.1800,34.1700,34.4400,667200
2005-01-26,34.5000,34.8500,34.3700,34.7000,377000
2005-01-25,34.3600,34.6900,34.1200,34.4900,383100
2005-01-24,34.7500,35.2900,34.1700,34.3500,1042800
2005-01-21,32.9700,33.2700,32.8500,33.0000,507400
2005-01-20,33.1300,33.2400,32.6200,32.8800,313900
2005-01-19,33.6900,33.6900,33.0000,33.1300,285600
2005-01-18,33.3400,33.8000,33.3000,33.5900,412900
2005-01-14,33.3200,33.3900,33.0300,33.3000,264200
2005-01-13,33.3000,33.4900,33.3000,33.3500,399400
2005-01-12,33.1600,33.4900,32.9800,33.4700,511700
2005-01-11,33.1500,33.4200,33.0000,33.1500,258800
2005-01-10,33.5000,33.6900,33.0000,33.2100,548300
2005-01-07,33.8000,34.0500,33.5000,33.5400,414800
2005-01-06,34.0100,34.1700,33.5900,33.7800,657500
2005-01-05,34.0200,34.3600,33.9100,33.9600,674700
2005-01-04,35.5200,35.5200,33.8900,33.9100,819000
2005-01-03,36.5100,36.6600,35.3700,35.3700,678200
2004-12-31,36.7700,36.9300,36.4600,36.6800,240900
2004-12-30,36.5900,36.8200,36.4800,36.7400,186100
2004-12-29,36.7500,36.9400,36.3800,36.5900,242700
2004-12-28,36.0800,36.8500,36.0800,36.8500,318300
2004-12-27,36.1700,36.1700,35.9000,36.0800,276100
2004-12-23,36.2000,36.3700,36.0100,36.1600,258900
2004-12-22,35.9000,36.3000,35.8000,36.2000,437900
2004-12-21,36.1400,36.5200,35.9800,36.2600,337000
2004-12-20,35.9900,36.8100,35.8500,36.1400,895600
2004-12-17,35.4000,35.9200,35.3300,35.9100,1002100
2004-12-16,35.3500,35.7800,35.0500,35.6000,424500
2004-12-15,35.1700,35.8200,34.9500,35.4900,639600
2004-12-14,34.6000,35.5000,34.4400,35.3400,511100
2004-12-13,34.8000,34.9200,34.3800,34.4600,366500
2004-12-10,34.5800,34.9800,34.5000,34.8900,473100
2004-12-09,34.1700,34.8500,33.6500,34.6400,521700
2004-12-08,34.0100,34.4500,33.7500,34.4200,545500
2004-12-07,34.6300,34.8000,33.9300,34.0100,622700
2004-12-06,34.6600,34.7800,33.9200,34.6300,498200
2004-12-03,34.1500,34.7500,34.1100,34.6600,552200
2004-12-02,33.9500,34.4000,33.9400,34.2900,644800
2004-12-01,33.3600,34.2500,33.3600,34.2000,727300
2004-11-30,33.1000,33.2900,32.7700,33.1800,1086300
2004-11-29,33.6300,33.6500,33.1800,33.1900,587300
2004-11-26,33.1800,33.8100,33.1300,33.7100,303300
2004-11-24,32.8400,33.2300,32.8400,33.0900,468700
2004-11-23,32.5200,32.8900,32.2600,32.8400,423300
2004-11-22,32.3500,32.7500,32.0100,32.6500,617100
2004-11-19,32.4500,32.7000,32.3300,32.4500,604300
2004-11-18,32.2000,32.5100,32.0900,32.4900,567300
2004-11-17,32.0500,32.3000,31.9000,32.2000,938300
2004-11-16,32.0000,32.1800,31.9800,32.0500,789000
2004-11-15,31.6000,32.0800,31.4900,32.0100,1250400
2004-11-12,31.2500,31.7000,30.9500,31.6300,767100
2004-11-11,31.3600,31.8600,30.8000,31.1600,1372700
2004-11-10,31.4100,32.1100,31.4100,31.9200,710200
2004-11-09,31.5100,31.7600,31.3500,31.4200,465300
2004-11-08,30.8900,31.6000,30.7400,31.5000,557800
2004-11-05,30.5200,31.1500,30.4900,30.9700,834900
2004-11-04,30.0100,30.4600,29.8700,30.3900,294400
2004-11-03,30.0500,30.5600,29.8900,30.0500,502200
2004-11-02,29.9400,30.0900,29.6800,29.6800,426300
2004-11-01,30.1000,30.1000,29.6900,29.9400,251800
2004-10-29,30.5000,30.5900,30.1000,30.2000,426100
2004-10-28,30.3000,30.5100,30.0600,30.5000,702200
2004-10-27,29.3400,30.2500,29.2900,30.1700,514200
2004-10-26,28.7400,29.4000,28.6100,29.2400,285200
2004-10-25,28.6200,29.1900,28.6000,28.7800,305800
2004-10-22,28.9400,28.9500,28.3100,28.6500,508600
2004-10-21,28.9700,29.1000,28.7800,28.9900,425500
2004-10-20,29.1000,29.3700,28.6600,28.8000,495500
2004-10-19,29.1100,29.6800,29.0400,29.0500,331800
2004-10-18,28.8000,29.2100,28.7400,29.1800,339200
2004-10-15,29.1000,29.1400,28.6000,28.7400,691600
2004-10-14,29.4700,29.4900,28.8200,28.9000,457100
2004-10-13,29.8400,30.3000,29.4400,29.4700,862000
2004-10-12,29.5600,29.9800,29.5400,29.7900,470200
2004-10-11,29.5500,29.7700,29.4200,29.5500,305700
2004-10-08,30.0600,30.0600,29.5500,29.5500,459200
2004-10-07,30.0400,30.2800,30.0300,30.0500,644300
2004-10-06,30.0000,30.1500,29.9600,30.0300,1122600
2004-10-05,29.9200,30.1000,29.8600,29.9400,508100
2004-10-04,29.9100,30.0400,29.9000,29.9500,467200
2004-10-01,29.1700,29.7900,29.1700,29.6000,612200
2004-09-30,29.0700,29.6800,28.9200,29.2000,570800
2004-09-29,28.9500,29.2800,28.9200,29.0000,726600
2004-09-28,29.2500,29.4000,28.6900,29.0700,936800
2004-09-27,29.7000,29.8900,29.0700,29.2500,652000
2004-09-24,29.9200,30.1000,29.5500,29.6000,590700
2004-09-23,29.6000,30.2400,29.4900,30.0000,875900
2004-09-22,29.7500,31.0000,29.4400,29.8200,2710900
2004-09-21,27.6000,29.0700,26.7500,29.0500,1676100
2004-09-20,28.0000,28.0000,27.6000,27.6400,340200
2004-09-17,28.1700,28.4900,27.9000,28.0000,244400
2004-09-16,28.3500,28.6800,28.1500,28.1600,227100
2004-09-15,28.3300,28.4000,27.9700,28.3000,325300
2004-09-14,28.4500,28.5000,27.9400,28.4300,269200
2004-09-13,28.3500,28.4800,28.2200,28.3900,380200
2004-09-10,27.6500,28.2000,27.5200,28.2000,324400
2004-09-09,27.1500,27.7400,27.1500,27.6400,488900
2004-09-08,27.3200,27.5300,27.1300,27.1300,235700
2004-09-07,27.2000,27.5900,27.0700,27.4900,541200
2004-09-03,27.3800,27.5000,26.8800,27.0200,213700
2004-09-02,26.9900,27.5000,26.9900,27.3800,135900
2004-09-01,26.9600,27.4300,26.9000,27.1200,368900
2004-08-31,26.7300,27.0000,26.5700,26.9300,384000
2004-08-30,26.7500,26.8700,26.3100,26.8300,441500
2004-08-27,26.4000,26.8600,26.3100,26.7700,399900
2004-08-26,27.1900,27.2800,26.3500,26.3900,519400
2004-08-25,26.9500,27.2400,26.7500,27.2400,546100
2004-08-24,27.4500,27.5500,26.8000,26.8000,574200
2004-08-23,27.5000,27.5200,27.0600,27.1400,325400
2004-08-20,27.2200,27.6500,27.0800,27.5000,299000
2004-08-19,27.0800,27.4800,27.0300,27.2200,502700
2004-08-18,26.4000,27.2500,26.4000,26.9900,554800
2004-08-17,26.8500,27.0200,26.3480,26.4400,625600
2004-08-16,26.0500,26.9100,26.0500,26.8200,522500
2004-08-13,26.7300,26.7400,25.9000,26.0100,1116200
2004-08-12,27.3400,27.3400,26.6700,26.7200,442500
2004-08-11,27.2700,27.5200,27.0100,27.3300,595200
2004-08-10,27.0400,27.3300,26.9600,27.2700,603300
2004-08-09,27.5500,27.7100,26.7800,27.0000,736500
2004-08-06,27.4100,27.7500,27.2000,27.4000,585300
2004-08-05,28.4700,28.5400,27.4600,27.5100,797400
2004-08-04,28.5500,28.6500,28.4100,28.5100,783500
2004-08-03,28.7400,28.7400,28.1100,28.6200,974700
2004-08-02,28.4300,28.7700,28.2500,28.7500,678500
2004-07-30,28.3800,28.8800,28.1700,28.5800,928300
2004-07-29,27.1000,29.2000,27.1000,28.4400,2134400
2004-07-28,26.7200,27.0000,26.5000,26.8500,817500
2004-07-27,26.3700,27.1000,26.2500,26.7500,923700
2004-07-26,26.3200,26.4400,26.1800,26.3700,563800
2004-07-23,26.5200,26.5700,26.1000,26.3100,409500
2004-07-22,26.7500,26.7500,25.9000,26.5200,1195000
2004-07-21,27.0200,27.1800,26.6200,26.8700,1143300
2004-07-20,26.6900,27.2300,26.6200,27.0200,2071300
2004-07-19,25.8000,26.7200,25.7900,26.5700,1714900
2004-07-16,25.8000,25.8200,25.3400,25.4600,1501000
2004-07-15,25.4500,25.8700,25.4400,25.7500,2514600
2004-07-14,24.0000,25.2000,24.0000,25.0700,3937600
2004-07-13,26.0100,26.5000,23.7000,24.0000,12183100
2004-07-12,31.3200,31.4800,30.9000,31.3600,861300
2004-07-09,31.6000,31.7800,31.2800,31.3200,472400
2004-07-08,32.0800,32.1000,31.4600,31.5000,1066100
2004-07-07,31.9500,32.3800,31.9000,32.0100,618700
2004-07-06,32.5100,32.6000,31.9300,32.1400,477700
2004-07-02,33.1500,33.1500,32.2600,32.5300,581400
2004-07-01,33.2300,33.4200,33.0300,33.1700,473100
2004-06-30,33.1500,33.3800,33.0100,33.3800,659100
2004-06-29,33.2600,33.3800,32.9300,33.1400,779400
2004-06-28,34.0800,34.1300,33.1300,33.2600,679300
2004-06-25,33.7500,34.0900,33.7100,34.0900,510900
2004-06-24,33.6000,33.9400,33.3300,33.7000,425000
2004-06-23,33.0800,33.6000,32.9000,33.6000,367600
2004-06-22,33.0400,33.1500,32.8000,33.0800,1018900
2004-06-21,33.5800,33.5800,33.0400,33.0400,475700
2004-06-18,33.4600,33.7800,33.4600,33.6000,295700
2004-06-17,33.3400,33.6000,33.1000,33.5200,413000
2004-06-16,33.4700,33.5900,33.3900,33.4400,383400
2004-06-15,33.3000,33.6800,33.2900,33.5000,506700
2004-06-14,33.1400,33.4000,32.9700,33.1000,573600
2004-06-10,33.2000,33.4000,32.7200,33.3400,1676800
2004-06-09,33.7500,33.7500,32.8500,32.9700,1229100
2004-06-08,34.1700,34.2500,33.5200,33.8000,813000
2004-06-07,34.1300,34.3000,33.9300,34.2700,815000
2004-06-04,33.7500,34.1500,33.7000,34.1300,515100
2004-06-03,34.5000,34.5000,33.4900,33.6500,972300
2004-06-02,34.8000,35.1000,34.5100,35.1000,574900
2004-06-01,34.5500,34.8500,34.4200,34.6800,564000
2004-05-28,34.7500,34.9300,34.4000,34.7500,546400
2004-05-27,35.1000,35.1000,34.3900,34.7500,427300
2004-05-26,34.7800,35.1700,34.1500,35.1000,646400
2004-05-25,34.0500,34.8000,33.7000,34.7800,587000
2004-05-24,33.8700,34.2800,33.7700,34.0000,937600
2004-05-21,33.4500,34.0000,33.3600,33.9900,938900
2004-05-20,33.9000,34.0000,33.3000,33.4000,1053000
2004-05-19,33.8000,34.1200,33.8000,33.9400,913100
2004-05-18,34.0500,34.0500,33.4000,33.5000,1653100
2004-05-17,34.0600,34.0700,33.4500,33.5400,546900
2004-05-14,34.1000,34.4000,34.0200,34.0600,979800
2004-05-13,33.5400,34.1800,33.5000,34.1100,687000
2004-05-12,33.6200,33.6300,33.3600,33.5000,996400
2004-05-11,33.5000,34.0000,33.4100,33.6800,942000
2004-05-10,33.8000,33.8000,33.0000,33.4400,711000
2004-05-07,34.1500,34.6000,33.8500,33.9900,490000
2004-05-06,34.4900,34.4900,33.9400,34.1500,757200
2004-05-05,34.0900,34.5200,33.9300,34.4900,1281500
2004-05-04,34.0000,34.2400,33.8200,34.0900,1006700
2004-05-03,33.7200,34.2000,33.3400,34.0700,902600
2004-04-30,32.5000,34.0500,32.4000,33.7200,4295100
2004-04-29,36.3100,36.4700,35.6200,36.2000,837500
2004-04-28,36.2200,36.6500,36.0800,36.3100,653000
2004-04-27,35.7000,36.3300,35.6500,36.2200,970600
2004-04-26,36.7000,36.8500,35.6200,35.7500,725900
2004-04-23,36.8500,37.0700,36.1500,36.8700,456800
2004-04-22,36.5400,36.9600,36.4000,36.8900,381600
2004-04-21,36.4100,36.6800,36.2100,36.5400,538700
2004-04-20,36.1900,36.7700,36.1900,36.4000,704900
2004-04-19,35.9800,36.5700,35.8600,36.1900,637200
2004-04-16,35.2000,36.2200,35.1200,36.1800,950600
2004-04-15,35.1400,35.3000,35.0000,35.2000,632100
2004-04-14,35.1000,35.5300,34.5500,35.1400,1133100
2004-04-13,36.4800,36.5000,35.9000,35.9400,319200
2004-04-12,36.2800,36.4900,36.1500,36.3000,220400
2004-04-08,36.5000,36.6000,36.1100,36.2600,455100
2004-04-07,36.6000,36.7400,36.0400,36.5300,548000
2004-04-06,36.9000,37.2600,36.5500,36.6000,360500
2004-04-05,36.5000,37.0700,36.5000,37.0000,472500
2004-04-02,37.2500,37.3300,36.0000,36.4800,591700
2004-04-01,36.1000,36.9800,35.9700,36.6000,602400
2004-03-31,36.1500,36.2700,35.5900,36.0800,611000
2004-03-30,35.7300,36.3300,35.4300,36.1300,661500
2004-03-29,36.1100,36.7500,35.5500,35.7300,883900
2004-03-26,36.7000,36.8500,36.1000,36.1000,470900
2004-03-25,36.4000,36.9800,36.3800,36.7000,446800
2004-03-24,36.5900,36.8500,36.1000,36.1000,354400
2004-03-23,36.6000,37.0100,36.4600,36.5900,639300
2004-03-22,37.3700,37.3700,36.1600,36.6000,841000
2004-03-19,37.4000,37.7900,37.2100,37.3900,611400
2004-03-18,37.7400,37.7700,37.2100,37.4100,496500
2004-03-17,37.9000,38.1900,37.7000,37.7400,830600
2004-03-16,38.3500,38.6500,37.3800,37.6800,415700
2004-03-15,38.8600,38.9200,36.8500,38.2000,333900
2004-03-12,38.9400,39.0600,38.5600,38.8600,448400
2004-03-11,38.8700,39.3700,38.5200,38.8700,341933
2004-03-10,59.7000,59.7000,57.8500,58.3000,461400
2004-03-09,59.9100,59.9600,59.1900,59.5000,186800
2004-03-08,60.5100,60.7000,59.8200,59.9200,244867
2004-03-05,60.9200,61.4000,60.5300,60.7600,254800
2004-03-04,60.4500,61.2300,60.4500,60.9500,239067
2004-03-03,60.3500,60.6000,60.1500,60.2800,283600
2004-03-02,60.4000,61.1000,60.1900,60.5000,212667
2004-03-01,59.9000,60.8700,59.7100,60.5200,400600
2004-02-27,59.1800,60.2900,59.1800,59.6400,1560800
2004-02-26,58.2200,59.5300,58.2000,59.0800,717400
2004-02-25,58.5800,58.7400,57.7600,58.2200,345667
2004-02-24,58.6000,58.7800,58.2700,58.5900,383400
2004-02-23,60.0900,60.1000,58.6600,58.9700,842467
2004-02-20,60.0000,60.2000,58.6600,58.9300,400400
2004-02-19,61.2500,61.3700,59.4000,59.4700,557200
2004-02-18,61.0000,61.4300,60.8600,61.1500,313200
2004-02-17,61.5600,61.5600,60.7800,61.0000,545267
2004-02-13,61.6600,61.9700,60.9500,61.5600,415200
2004-02-12,61.8000,62.1300,61.5300,61.6800,224800
2004-02-11,61.7500,62.3000,61.1400,62.0000,536467
2004-02-10,61.7000,61.9400,61.3500,61.6400,332867
2004-02-09,61.8400,61.9900,61.6000,61.8500,435000
2004-02-06,61.5400,61.8100,61.4100,61.8000,437267
2004-02-05,60.5500,61.9100,60.5000,61.6900,932000
2004-02-04,59.7500,60.6500,59.3000,60.5500,858400
2004-02-03,59.4000,60.1200,58.6400,60.0000,924267
2004-02-02,59.3700,59.6700,59.1500,59.4500,698600
2004-01-30,58.6400,59.4500,58.2500,59.3700,396667
2004-01-29,58.7600,58.7600,58.0000,58.7200,912267
2004-01-28,59.1000,59.5400,58.7600,58.7600,697200
2004-01-27,59.4000,60.0600,58.9000,58.9000,2674200
2004-01-26,54.6100,55.0000,53.6900,55.0000,499067
2004-01-23,54.6000,55.5000,53.8100,54.6100,455600
2004-01-22,54.1000,54.6200,53.7000,54.2500,390267
2004-01-21,54.0000,54.2900,53.5000,53.6800,406667
2004-01-20,54.0500,54.5700,53.6000,54.1500,540267
2004-01-16,53.8500,54.4500,53.7500,54.0500,573667
2004-01-15,54.2600,54.2600,53.7000,54.1000,805067
2004-01-14,53.8000,54.4500,53.8000,54.2500,1312400
2004-01-13,54.0000,55.3600,52.5400,53.9600,2039800
2004-01-12,51.8000,51.8300,51.0100,51.4100,652667
2004-01-09,52.4500,52.4600,51.8800,52.0000,640467
2004-01-08,52.6200,53.0000,52.1800,52.6200,592400
2004-01-07,51.0100,53.0600,51.0100,52.6200,1638067
2004-01-06,50.0100,51.0100,49.9500,51.0100,669800
2004-01-05,48.5900,50.1000,48.5100,50.0100,1102267
2004-01-02,49.6000,49.7000,48.4600,48.5900,388200
2003-12-31,49.7000,49.9800,49.0000,49.1600,408667
2003-12-30,49.2000,49.9400,49.0100,49.8500,391067
2003-12-29,49.2500,49.4500,48.9100,49.1600,336667
2003-12-26,49.7000,49.7800,49.0500,49.0500,177200
2003-12-24,49.7200,50.0000,49.5300,49.5400,196600
2003-12-23,49.8000,50.1000,49.5900,49.7800,322867
2003-12-22,49.9500,50.2500,49.5100,49.8000,396867
2003-12-19,49.9900,50.3100,49.6020,50.2000,1028667
2003-12-18,47.0500,49.4100,46.9200,49.0100,1584600
2003-12-17,45.9000,46.7000,45.8600,46.6100,831000
2003-12-16,45.7000,46.2500,45.4700,45.9000,1113667
2003-12-15,48.4500,48.4500,45.4300,45.4300,1267600
2003-12-12,48.4300,48.4900,47.2100,47.5800,773200
2003-12-11,48.4000,49.5800,48.0000,48.3000,1038600
2003-12-10,49.8500,49.9500,48.1500,48.4000,916467
2003-12-09,51.1000,51.1800,49.8400,49.8500,505200
2003-12-08,51.5500,51.7900,50.8000,50.9200,612400
2003-12-05,52.6600,52.7700,51.4800,51.4800,609600
2003-12-04,53.7500,53.8500,52.3700,52.6300,836800
2003-12-03,54.3500,54.7500,53.5000,53.5000,368267
2003-12-02,55.3500,55.5000,54.3400,54.3400,376400
2003-12-01,55.0000,55.4600,54.9000,55.3300,445467
2003-11-28,55.7500,55.7500,54.9300,55.1600,172400
2003-11-26,54.6000,55.8500,54.5200,55.2600,1134067
2003-11-25,52.9000,53.1900,52.6300,52.6400,476667
2003-11-24,52.1500,52.8600,52.1500,52.5800,438000
2003-11-21,51.8900,52.8300,51.8000,51.9900,584000
2003-11-20,52.1600,52.5700,51.9100,52.0100,717600
2003-11-19,52.1500,52.5500,51.3000,52.0000,688800
2003-11-18,54.0000,54.8000,52.1100,52.3000,720067
2003-11-17,54.0400,54.2100,52.9800,53.2500,383400
2003-11-14,55.0300,55.4400,54.0300,54.0400,362867
2003-11-13,54.7000,55.1500,54.3500,55.0200,498600
2003-11-12,52.9000,54.5200,52.7700,54.4900,634867
2003-11-11,53.0500,53.3900,52.6500,53.0000,596000
2003-11-10,53.5500,54.1500,53.0100,53.0100,527800
2003-11-07,54.9000,55.1500,53.5300,53.7500,902800
2003-11-06,56.0000,56.0000,54.4000,54.9300,855267
2003-11-05,55.6000,56.4500,55.1100,55.9400,1385400
2003-11-04,56.3300,58.3000,53.0700,56.4800,10016800
2003-11-03,64.0000,64.4000,58.0000,63.9800,458800
2003-10-31,63.6800,64.3700,63.5600,63.7800,438400
2003-10-30,64.3500,64.6800,63.3400,63.4800,243067
2003-10-29,62.9100,63.8100,62.5000,63.8100,418267
2003-10-28,61.6000,62.9500,61.5500,62.9000,290267
2003-10-27,61.0000,61.9900,61.0000,61.4800,158600
2003-10-24,61.2400,61.4300,60.8000,61.2300,195600
2003-10-23,61.3700,61.6200,60.9900,61.4900,318600
2003-10-22,61.6700,61.7500,61.2700,61.6000,300667
2003-10-21,61.7000,62.1000,61.4700,61.6800,354400
2003-10-20,61.2500,61.5800,61.0500,61.4900,525067
2003-10-17,62.1200,62.1900,60.9500,61.0800,509400
2003-10-16,62.3000,62.5000,61.6900,62.2200,347400
2003-10-15,62.7600,62.7900,62.2700,62.3000,498000
2003-10-14,62.2500,63.0000,61.8000,62.5600,445000
2003-10-13,62.5000,63.0000,62.3500,62.4100,270400
2003-10-10,61.8500,62.1600,61.2700,62.0000,382667
2003-10-09,60.7500,61.4000,60.6500,61.2600,346067
2003-10-08,60.9000,61.2500,60.3100,60.3800,334667
2003-10-07,59.9900,61.0000,59.8300,61.0000,506467
2003-10-06,59.7000,60.0200,59.7000,60.0000,285600
2003-10-03,60.0000,60.2600,59.3000,59.5400,510800
2003-10-02,59.2100,59.8400,59.0800,59.7300,231200
2003-10-01,59.0500,59.2500,58.9500,59.2000,278867
2003-09-30,58.8000,59.5400,58.2500,58.9600,375667
2003-09-29,58.6000,59.1500,58.3000,58.7100,278400
2003-09-26,58.9500,59.6400,58.0700,58.1600,451400
2003-09-25,59.5000,59.6600,58.5700,58.9500,268267
2003-09-24,60.3000,60.4700,59.4000,59.4000,250200
2003-09-23,60.2500,60.5900,59.9500,60.4100,335267
2003-09-22,59.7500,60.3000,59.5700,60.3000,372600
2003-09-19,59.3500,60.0000,59.2300,59.9200,430600
2003-09-18,58.8500,59.4800,58.8100,59.2000,247667
2003-09-17,60.1000,60.1500,58.3700,58.6900,1005400
2003-09-16,59.1800,60.0500,59.1800,60.0000,293467
2003-09-15,59.1400,59.9500,59.0700,59.1800,299800
2003-09-12,58.5000,59.4000,58.3000,59.0400,261400
2003-09-11,59.5000,59.6500,58.3900,58.6800,382000
2003-09-10,60.7000,60.7800,59.4000,59.6200,529067
2003-09-09,60.6500,61.9000,59.9200,60.9500,730800
2003-09-08,60.1000,60.6600,59.7700,60.6500,473400
2003-09-05,60.0500,60.2000,59.8000,59.9900,607267
2003-09-04,60.0000,60.8000,59.6800,60.2600,585200
2003-09-03,59.0200,60.2800,58.9400,59.9800,707067
2003-09-02,58.8500,59.1100,58.5200,59.0200,231000
2003-08-29,58.4000,58.7800,58.1700,58.6000,217800
2003-08-28,56.5500,58.3800,56.5200,58.3000,505000
2003-08-27,56.0000,56.5200,55.9000,56.4200,228867
2003-08-26,56.2500,56.2500,54.8000,55.8400,514600
2003-08-25,57.5200,57.5300,56.4000,56.4500,327267
2003-08-22,58.1700,58.1900,57.3100,57.5100,264667
2003-08-21,57.4500,58.1100,57.3000,57.8800,409267
2003-08-20,56.7600,57.5200,56.5500,57.4400,444067
2003-08-19,56.8900,57.0900,56.3700,57.0100,624267
2003-08-18,56.6500,57.0000,56.6000,56.8900,259000
2003-08-15,56.5000,56.6400,56.4000,56.5600,109600
2003-08-14,56.6300,56.9900,56.1500,56.5500,248000
2003-08-13,56.5800,56.9900,56.2700,56.6300,219867
2003-08-12,55.6000,56.6400,55.3700,56.4800,541200
2003-08-11,55.6900,55.9400,55.0700,55.3500,385000
2003-08-08,56.0500,56.3000,55.5300,55.6900,302600
2003-08-07,55.6500,56.2500,55.5200,55.8000,924667
2003-08-06,55.4000,56.2000,55.3500,55.9000,899000
2003-08-05,55.6800,56.0500,55.2200,55.5000,1291400
2003-08-04,54.9000,55.5000,54.8000,54.9000,939400
2003-08-01,53.9100,55.9000,53.9100,55.0000,3986667
2003-07-31,56.5000,57.8000,54.0000,54.0400,2988200
2003-07-30,58.6000,58.9500,58.3900,58.8500,680667
2003-07-29,57.7000,57.9400,57.5800,57.7400,292600
2003-07-28,56.6500,58.2500,56.4800,57.8500,614067
2003-07-25,55.3000,57.4600,54.9000,57.1200,735800
2003-07-24,53.0000,56.7700,52.7700,55.4200,2753467
2003-07-23,49.8500,50.3900,49.2400,50.2900,235800
2003-07-22,49.7000,50.4300,48.5300,49.9000,374267
2003-07-21,50.8000,50.8000,49.1800,49.3000,460000
2003-07-18,50.7500,51.3500,50.7500,50.9700,261267
2003-07-17,52.0000,52.2900,50.6500,50.7500,1029867
2003-07-16,53.2500,53.3500,52.4000,52.7700,344867
2003-07-15,53.6500,53.8900,52.3800,52.8200,204200
2003-07-14,53.6500,54.0000,53.0900,53.5400,415467
2003-07-11,53.0900,53.5800,52.9000,52.9700,349200
2003-07-10,53.7000,53.7100,52.7200,52.9600,311667
2003-07-09,53.0000,54.2900,52.8500,53.8500,535200
2003-07-08,51.6500,52.9000,51.3100,52.3000,390000
2003-07-07,51.9000,52.7200,51.8000,51.8000,316867
2003-07-03,52.2000,52.6000,51.7000,51.7000,133400
2003-07-02,51.9000,52.4900,51.5400,52.3900,321867
2003-07-01,51.3000,52.2000,51.0000,52.0000,320267
2003-06-30,50.9500,52.3000,50.9500,51.4500,466867
2003-06-27,50.7500,51.0000,50.4000,50.8100,385867
2003-06-26,50.9400,51.1900,50.5400,50.6300,336267
2003-06-25,50.7500,51.4300,50.7500,51.1900,268200
2003-06-24,51.0900,51.3900,50.4100,50.7400,298200
2003-06-23,52.1500,52.1500,50.8600,51.0900,244867
2003-06-20,52.2800,52.2800,51.4000,52.2000,441467
2003-06-19,52.5500,52.7100,51.8100,52.2800,397667
2003-06-18,51.6300,52.5500,50.6900,52.5500,856267
2003-06-17,53.6000,53.6000,51.4600,51.6300,973867
2003-06-16,54.2500,54.3000,53.0800,53.5000,589067
2003-06-13,54.2000,54.5700,53.9900,54.0700,298867
2003-06-12,54.4000,54.8400,54.0000,54.2000,160867
2003-06-11,53.9000,54.5000,53.4500,54.2300,176867
2003-06-10,52.2900,54.1300,52.2900,53.7700,345267
2003-06-09,52.6000,52.6900,52.2100,52.3000,242600
2003-06-06,53.5200,53.7100,52.5000,52.7500,451400
2003-06-05,53.5000,54.5600,53.0000,53.2900,560667
2003-06-04,54.9200,54.9200,52.1000,54.0500,1089667
2003-06-03,55.2000,55.3300,54.7500,54.9100,319800
2003-06-02,56.7500,56.7500,55.4600,55.5000,555600
2003-05-30,54.8000,55.8500,54.7900,55.7500,428267
2003-05-29,53.9500,54.9800,53.9000,54.7600,273200
2003-05-28,54.5500,54.5800,54.0900,54.1600,174267
2003-05-27,53.0000,54.8000,53.0000,54.6000,288267
2003-05-23,53.7200,53.7200,53.1500,53.3100,258600
2003-05-22,53.5000,53.8800,53.3300,53.7200,249800
2003-05-21,53.0000,53.8800,52.7900,53.3600,203800
2003-05-20,53.6000,53.6000,52.9900,53.0500,349200
2003-05-19,54.4200,54.5000,53.3500,53.3600,438667
2003-05-16,54.4500,55.1300,54.1200,54.4100,328200
2003-05-15,54.2800,54.4900,53.6700,54.3000,272200
2003-05-14,53.4000,54.0000,53.1100,53.8600,434800
2003-05-13,52.0500,53.2500,52.0000,53.2400,336600
2003-05-12,52.4000,52.4900,52.0000,52.2000,384000
2003-05-09,52.0000,52.7500,51.7800,52.4600,168800
2003-05-08,52.8000,52.8100,51.6000,51.8400,496200
2003-05-07,53.5900,53.6500,52.6300,52.9900,376267
2003-05-06,53.0500,53.9700,53.0500,53.5900,341600
2003-05-05,53.1900,53.7000,52.9200,53.2100,381267
2003-05-02,52.0000,53.1600,51.7200,53.0700,264467
2003-05-01,51.7000,52.5000,50.5000,51.9000,674400
2003-04-30,51.9000,52.2800,51.4000,52.0800,252800
2003-04-29,51.4500,52.2000,51.2000,52.1200,420867
2003-04-28,51.0000,52.4300,50.9200,51.6500,662667
2003-04-25,53.0000,53.0000,52.0000,52.0000,325467
2003-04-24,52.3500,53.3000,52.3400,52.8500,787200
2003-04-23,51.4000,52.5000,51.4000,52.0100,250400
2003-04-22,51.4700,51.5800,50.9900,51.4500,244200
2003-04-21,51.5000,51.5000,51.0500,51.4700,214400
2003-04-17,50.2500,51.5000,50.2500,51.5000,279267
2003-04-16,51.0000,51.2500,50.1600,50.2500,261467
2003-04-15,50.7400,51.2700,50.4600,50.9300,357267
2003-04-14,49.7500,50.6500,49.4600,50.6500,293467
2003-04-11,50.2800,50.6200,49.6000,49.9500,265867
2003-04-10,49.1400,50.0000,49.0300,50.0000,541400
2003-04-09,50.0000,50.3900,49.1300,49.1400,533867
2003-04-08,51.8000,51.8000,49.7200,50.0000,650067
2003-04-07,51.6000,52.3000,51.3700,51.8100,586067
2003-04-04,51.4000,51.5800,50.6800,50.9500,345000
2003-04-03,52.1000,52.1000,51.3000,51.4900,319600
2003-04-02,50.9000,52.2500,50.9000,51.8800,752400
2003-04-01,51.0000,51.3000,50.0600,50.5000,875467
2003-03-31,50.0000,51.3500,49.8700,50.8200,1542667
2003-03-28,48.5000,50.6800,48.5000,50.3500,2891867
2003-03-27,48.0000,48.6800,47.4200,48.2100,211267
2003-03-26,47.7500,48.7000,47.5400,48.2000,557200
2003-03-25,47.8900,48.2700,47.3800,48.0500,660400
2003-03-24,47.0000,47.2000,46.5700,46.7000,192467
2003-03-21,46.8500,47.9000,46.7800,47.3800,462600
2003-03-20,46.5000,47.3300,45.8300,46.8100,368267
2003-03-19,47.1100,47.1100,46.2900,46.5500,177667
2003-03-18,46.5100,47.2500,46.4000,47.1100,356667
2003-03-17,45.7800,46.7500,45.4300,46.5000,499067
2003-03-14,47.0000,47.1400,45.2700,45.7700,579867
2003-03-13,45.0000,46.5500,44.9000,46.4600,535400
2003-03-12,43.6400,44.5600,43.1500,44.5600,699600
2003-03-11,45.0600,45.3000,43.8700,43.8900,455467
2003-03-10,46.2500,46.4000,45.0000,45.0500,364000
2003-03-07,46.6500,46.8500,46.2800,46.8300,281000
2003-03-06,47.5000,47.5300,46.6300,46.8900,249067
2003-03-05,47.7700,48.0500,47.1400,47.5800,281200
2003-03-04,48.9600,48.9600,47.7500,47.7700,275000
2003-03-03,49.9000,50.0500,48.9400,48.9500,561667
2003-02-28,48.0000,49.1600,48.0000,48.8400,503467
2003-02-27,47.5600,47.9600,47.5000,47.9000,315667
2003-02-26,47.6000,48.4200,47.5500,47.5500,357667
2003-02-25,46.7500,47.7200,46.5400,47.6000,363800
2003-02-24,48.4900,48.4900,47.0000,47.0000,339400
2003-02-21,47.0000,48.7500,47.0000,48.4900,459267
2003-02-20,47.1400,47.2400,46.8300,47.0200,347867
2003-02-19,47.4000,47.4100,46.9000,47.1400,308600
2003-02-18,46.8100,47.9000,46.8100,47.5500,443200
2003-02-14,45.8900,46.7200,45.8900,46.7200,541400
2003-02-13,46.8400,47.2000,45.4900,45.8900,922467
2003-02-12,48.3000,48.4000,46.6400,46.8300,1172200
2003-02-11,48.0000,48.7800,48.0000,48.4700,464600
2003-02-10,48.3300,48.5000,47.8800,48.3800,523400
2003-02-07,48.2500,49.0000,48.1700,48.3300,573667
2003-02-06,48.7000,48.8500,48.0100,48.2500,521200
2003-02-05,48.6000,49.4200,48.4200,48.8500,565600
2003-02-04,48.6900,48.9700,47.9000,48.4200,690800
2003-02-03,49.7400,50.2000,48.6500,48.6900,769800
2003-01-31,48.0500,49.7500,48.0500,49.7500,592867
2003-01-30,48.8100,49.0000,48.1600,48.1600,672467
2003-01-29,47.5000,48.6000,47.1100,48.4000,907000
2003-01-28,47.5000,48.6000,47.1100,48.4000,818200
2003-01-27,46.7500,47.7300,46.7500,47.5100,709267
2003-01-24,47.4100,47.4100,46.5200,47.1500,448000
2003-01-23,46.2500,47.4200,45.9700,47.4000,1238000
2003-01-22,42.8000,45.5000,42.2500,45.5000,962800
2003-01-21,43.4800,43.6300,42.8000,42.8000,331467
2003-01-17,44.1200,44.1200,43.2900,43.4800,246267
2003-01-16,44.6400,45.0000,43.8600,44.1200,470467
2003-01-15,44.8000,45.0800,44.6100,44.6300,249267
2003-01-14,45.1000,45.1800,44.6200,45.0000,272000
2003-01-13,45.6000,45.6400,44.9700,45.0000,512200
2003-01-10,44.7000,46.3300,44.6000,45.2000,501467
2003-01-09,43.3600,45.1400,43.3600,44.8300,437000
2003-01-08,43.4800,43.5100,43.1000,43.3600,230267
2003-01-07,43.2500,43.9000,43.0500,43.4700,331200
2003-01-06,42.8000,43.3500,42.5800,43.2500,387000
2003-01-03,42.5100,43.0500,42.4500,43.0500,256467
2003-01-02,42.7000,42.7400,42.0000,42.5100,324067
2002-12-31,42.2100,43.2600,42.1700,42.7000,469667
2002-12-30,41.7800,42.5000,41.4500,42.2100,275800
2002-12-27,42.1500,42.3700,41.6000,41.7800,201200
2002-12-26,41.0000,42.5000,40.9000,42.3000,212467
2002-12-24,40.9000,41.0000,40.8500,40.9500,88667
2002-12-23,40.4000,41.3500,40.1000,41.0000,235867
2002-12-20,40.1000,40.6600,40.0700,40.4000,269867
2002-12-19,40.2000,40.7500,39.7800,39.9300,326267
2002-12-18,41.2500,41.2500,40.3000,40.3000,224400
2002-12-17,41.6000,41.8100,41.1000,41.2500,182867
2002-12-16,41.2000,41.9100,41.2000,41.6500,297267
2002-12-13,41.7500,41.9800,41.3000,41.4000,318800
2002-12-12,40.7000,42.1100,40.7000,42.0000,414200
2002-12-11,41.7000,42.0700,40.5000,40.8100,433200
2002-12-10,40.6100,41.7700,40.5300,41.7000,406000
2002-12-09,41.4800,41.6100,40.6000,40.6000,250467
2002-12-06,41.9000,42.7500,41.3900,41.6200,387600
2002-12-05,41.7000,42.1000,40.5000,41.9000,617800
2002-12-04,42.7000,42.9300,41.5200,41.6100,1081400
2002-12-03,43.3000,43.3100,42.3000,42.9000,303400
2002-12-02,44.0500,44.3500,43.2000,43.5000,286800
2002-11-29,43.5700,43.8000,43.2000,43.8000,137600
2002-11-27,42.7800,44.4100,42.7500,43.4500,504267
2002-11-26,43.2500,43.6000,42.7100,42.7100,558600
2002-11-25,42.0000,43.5000,41.9800,43.5000,464600
2002-11-22,41.5500,42.1500,41.2000,41.8900,549800
2002-11-21,40.0000,42.2700,39.9300,41.8000,859200
2002-11-20,39.5000,40.1100,39.5000,40.0500,381400
2002-11-19,39.0600,39.9000,39.0600,39.6100,284067
2002-11-18,38.9900,39.5000,38.7500,39.0600,271067
2002-11-15,38.3500,38.9900,37.8500,38.9700,328400
2002-11-14,38.0000,38.7500,38.0000,38.3500,194000
2002-11-13,37.3500,38.1800,37.2100,37.7700,329467
2002-11-12,37.5000,38.2500,37.0500,37.3100,334600
2002-11-11,37.9000,37.9000,37.0300,37.4200,254800
2002-11-08,38.3000,38.5800,37.9600,38.0300,252200
2002-11-07,38.9000,38.9100,38.1500,38.4100,189400
2002-11-06,38.4700,39.1800,38.4700,38.9700,322067
2002-11-05,38.9000,38.9400,37.3500,38.4500,381867
2002-11-04,39.1000,39.7000,37.6000,38.5300,863667
2002-11-01,38.5500,39.6000,36.8900,39.6000,515800
2002-10-31,36.5000,38.6000,36.3500,38.4700,631067
2002-10-30,35.6000,36.9000,35.5000,36.0000,188867
2002-10-29,36.2000,36.2500,34.8500,35.5600,146467
2002-10-28,36.4000,36.8500,36.0500,36.1100,266400
2002-10-25,35.0500,36.1000,34.8400,36.0300,212267
2002-10-24,35.7500,35.7500,34.9900,35.0100,157667
2002-10-23,34.4000,35.6800,34.2500,35.6600,233467
2002-10-22,35.3700,35.7500,34.0300,34.4000,223067
2002-10-21,34.0000,35.4700,33.4900,35.3700,218067
2002-10-18,34.2900,34.4800,33.5100,34.0400,328667
2002-10-17,31.9000,34.7500,31.9000,34.2900,444600
2002-10-16,32.2200,32.2500,31.5000,31.6000,444667
2002-10-15,31.0000,32.5400,31.0000,32.3300,793467
2002-10-14,30.3000,30.8400,29.9800,30.6500,521667
2002-10-11,30.2500,30.4300,29.8000,29.8000,809667
2002-10-10,30.2000,30.2000,29.7400,30.0000,644867
2002-10-09,30.2000,30.4400,29.9400,30.2500,204467
2002-10-08,30.2500,30.4000,29.4000,30.2100,328667
2002-10-07,30.1000,30.3300,29.8000,30.1500,341600
2002-10-04,32.0000,32.0000,30.0000,30.4600,418000
2002-10-03,32.5000,32.9400,31.5000,31.8500,236067
2002-10-02,33.0500,33.4000,32.5900,32.5900,332667
2002-10-01,32.7000,33.1500,31.9800,33.0500,310067
2002-09-30,32.7000,32.8500,31.9000,32.7000,374467
2002-09-27,32.8000,33.2000,32.5000,32.7000,261600
2002-09-26,32.4000,32.9000,32.1200,32.8000,193067
2002-09-25,32.6000,32.7000,31.8000,32.2700,367600
2002-09-24,33.2300,33.2300,31.6400,32.1000,286000
2002-09-23,33.7500,33.9500,32.8500,33.2300,130800
2002-09-20,34.0700,34.4000,33.8000,34.0000,310467
2002-09-19,34.2500,35.0800,33.8600,34.0700,441600
2002-09-18,35.0000,35.0000,33.6500,34.4100,335867
2002-09-17,34.9000,35.1500,34.7000,35.0000,160600
2002-09-16,35.5800,35.5900,34.8100,35.0100,295000
2002-09-13,35.1200,35.5900,35.0100,35.5900,259800
2002-09-12,35.5000,35.5000,34.9000,35.0500,407867
2002-09-11,37.7000,37.9000,35.4500,35.7200,429867
2002-09-10,36.5000,37.5400,36.5000,37.4900,328067
2002-09-09,36.0000,36.5000,35.7000,36.3000,264467
2002-09-06,35.3500,36.1000,35.1900,36.1000,159200
2002-09-05,35.8500,35.8800,34.9200,34.9900,256867
2002-09-04,34.5600,36.2100,34.1400,36.0100,238467
2002-09-03,35.4500,35.7600,34.2800,34.5600,152600
2002-08-30,35.2500,36.2000,35.1700,35.4500,113867
2002-08-29,35.3500,35.5000,34.5200,35.5000,289467
2002-08-28,36.1000,36.1000,34.6400,35.5000,327267
2002-08-27,37.1000,37.2200,35.7500,36.1000,279800
2002-08-26,37.9000,37.9000,36.1600,37.1900,335067
2002-08-23,39.1500,39.1500,37.6000,37.9900,370400
2002-08-22,37.7000,39.5700,37.5900,39.4000,453600
2002-08-21,37.1000,37.3000,36.8700,37.2200,143400
2002-08-20,37.0000,37.4500,36.8400,37.1000,252667
2002-08-19,37.7300,38.0000,36.7000,37.0000,460067
2002-08-16,37.6000,38.2500,37.1100,38.0000,350400
2002-08-15,38.1500,38.4000,37.3000,37.5900,404200
2002-08-14,37.2300,38.0000,36.7500,38.0000,509667
2002-08-13,36.3200,38.4800,36.3200,37.2300,636067
2002-08-12,35.1000,37.4000,34.9000,36.3200,639067
2002-08-09,34.2800,35.6000,34.2800,35.3900,601400
2002-08-08,32.0500,34.4100,32.0500,34.2800,393867
2002-08-07,31.7500,32.4900,30.5000,32.0300,465467
2002-08-06,30.6300,32.7000,30.6300,31.2600,427867
2002-08-05,32.5000,33.3000,30.0000,30.6000,648400
2002-08-02,34.0000,34.0000,32.7000,32.7200,221400
2002-08-01,35.6500,35.7500,34.1700,34.2400,293000
2002-07-31,35.9500,35.9500,34.7000,35.6500,184200
2002-07-30,35.4500,36.5800,34.9000,35.9500,654267
2002-07-29,33.5000,35.3000,33.4500,35.2100,365267
2002-07-26,32.9000,33.2900,32.6000,33.0600,216267
2002-07-25,32.1200,33.9300,31.9900,32.6500,474467
2002-07-24,29.2500,32.1200,29.1500,32.1200,331800
2002-07-23,30.9900,31.3000,30.0200,30.0300,314000
2002-07-22,31.0000,31.6400,30.7000,30.9800,434000
2002-07-19,30.0000,32.3000,30.0000,31.0000,1187267
2002-07-18,31.9000,31.9000,29.3500,29.4800,1351400
2002-07-17,32.0000,32.1900,31.0400,31.6300,277600
2002-07-16,31.2300,31.8000,30.8000,31.6100,353000
2002-07-15,32.0100,32.1000,31.0000,31.4300,465267
2002-07-12,32.2000,32.4000,31.6000,32.0000,612000
2002-07-11,30.2500,30.9500,29.6000,30.5000,525467
2002-07-10,31.0500,31.1900,30.2500,30.3300,601867
2002-07-09,32.1600,32.1600,30.8900,31.0500,321600
2002-07-08,33.3000,33.6500,32.3400,32.3600,398067
2002-07-05,33.0000,33.3100,32.6500,33.3100,184000
2002-07-03,30.3200,32.7500,29.6000,32.7500,743467
2002-07-02,31.5000,31.7300,30.2800,30.3100,833267
2002-07-01,33.0000,33.5800,31.1600,31.5000,541600
2002-06-28,33.6500,33.8200,32.8100,32.8700,1454000
2002-06-27,34.1800,34.2500,32.5100,33.1800,745467
2002-06-26,34.4000,34.5000,33.5500,34.1600,574667
2002-06-25,35.7000,35.7000,34.2500,34.6500,394000
2002-06-24,35.4000,36.3000,34.8500,35.8000,345000
2002-06-21,35.7000,35.8400,35.3100,35.4500,343867
2002-06-20,36.3000,36.6000,35.5000,35.6000,306267
2002-06-19,36.6000,37.0700,36.2900,36.2900,246600
2002-06-18,37.0000,37.5900,36.4800,36.6800,247867
2002-06-17,36.4000,37.3500,36.4000,36.9700,301467
2002-06-14,35.0000,37.1500,34.6000,36.2500,367200
2002-06-13,36.0200,36.6100,34.9000,35.0000,480467
2002-06-12,36.3300,36.3300,34.9000,36.0200,420867
2002-06-11,37.2600,37.5000,36.0700,36.5800,683200
2002-06-10,38.7000,39.1500,36.8800,37.2500,427867
2002-06-07,38.0500,39.1000,37.6000,38.7400,233067
2002-06-06,39.6000,39.6000,37.6000,38.2000,265244
2002-06-05,58.7700,59.6000,58.4000,59.2600,360578
2002-06-04,57.3500,58.9000,57.3500,58.7700,298000
2002-06-03,58.5000,58.8100,57.7000,57.7000,248844
2002-05-31,58.8500,59.5000,58.6000,58.6000,191778
2002-05-30,58.0000,59.0000,57.6100,59.0000,283644
2002-05-29,59.3500,59.3500,58.1500,58.2400,163200
2002-05-28,58.4300,59.4500,58.3500,59.4500,247644
2002-05-24,59.7000,59.7100,58.4200,58.4200,212667
2002-05-23,57.8600,59.9000,57.8200,59.7800,319244
2002-05-22,58.1200,58.4500,57.8000,57.8600,256044
2002-05-21,58.8500,59.0000,58.0500,58.1200,317200
2002-05-20,59.2800,59.3000,58.6200,58.8500,171244
2002-05-17,58.5500,59.5000,57.9000,59.5000,263600
2002-05-16,59.9000,60.3800,58.5600,58.6000,272267
2002-05-15,59.6000,60.9200,59.4600,60.0500,654844
2002-05-14,58.1500,59.7700,57.9500,59.6000,332000
2002-05-13,56.8500,57.9900,56.7200,57.8000,183067
2002-05-10,57.1000,57.2500,56.4500,56.8800,541467
2002-05-09,57.5400,57.6000,56.9800,57.1000,656578
2002-05-08,56.5000,58.0000,56.3000,57.6000,620578
2002-05-07,57.9500,57.9500,56.3100,56.3500,446844
2002-05-06,59.1000,59.1000,57.2200,57.8200,506578
2002-05-03,57.8000,59.7000,56.9000,59.2900,517644
2002-05-02,56.1000,58.7500,56.0000,58.0000,792178
2002-05-01,55.9000,56.6600,54.6000,55.8000,628444
2002-04-30,54.5000,56.9700,54.4000,55.7400,662844
2002-04-29,60.0000,60.7000,57.5000,57.5000,1838978
2002-04-26,65.8000,66.5000,64.0500,64.0900,213778
2002-04-25,63.7400,66.2500,63.6500,66.0000,101244
2002-04-24,64.2900,65.2700,62.8500,63.9800,284844
2002-04-23,62.9800,63.2500,62.2600,62.4800,87067
2002-04-22,63.7400,63.7400,62.6600,62.9000,36444
2002-04-19,63.9900,64.0000,63.2700,63.5200,62444
2002-04-18,63.4000,63.9800,62.9000,63.9800,36267
2002-04-17,63.7000,63.9200,63.4000,63.4000,58978
2002-04-16,62.8000,63.4500,62.3000,63.4500,209778
2002-04-15,64.2500,64.5000,62.6000,62.7200,73778
2002-04-12,63.4000,64.2500,63.1500,64.2500,164400
2002-04-11,63.6700,64.1700,63.3500,63.4000,108578
2002-04-10,63.0000,63.5700,62.6000,63.5700,127378
2002-04-09,63.6500,64.4300,62.7500,62.9700,149200
2002-04-08,61.6400,63.6500,61.5200,63.1500,118444
2002-04-05,60.2900,62.3600,60.2900,62.1400,90978
2002-04-04,60.0000,60.8100,59.4900,60.5400,128400
2002-04-03,62.3000,62.6500,61.1800,61.1800,210800
2002-04-02,63.0000,63.0000,62.2900,62.5100,158178
2002-04-01,63.5900,63.5900,63.0200,63.3900,93644
2002-03-28,63.0000,63.7000,62.9500,63.3900,102000
2002-03-27,64.0000,64.0000,62.7800,63.1000,92000
2002-03-26,63.3000,63.3100,62.8500,63.2500,117600
2002-03-25,63.4000,63.6400,63.0200,63.3400,156000
2002-03-22,63.9000,65.1500,63.8000,63.9000,129600
2002-03-21,63.9800,63.9800,63.3000,63.9000,101867
2002-03-20,64.6000,64.7000,63.5900,64.0000,163378
2002-03-19,65.3000,65.4000,64.4200,64.7500,102578
2002-03-18,65.7500,65.9500,65.0600,65.3000,63600
2002-03-15,63.7500,65.5000,63.7500,65.5000,87644
2002-03-14,64.5000,64.5000,63.6500,64.5000,36400
2002-03-13,64.6900,64.6900,63.8100,63.9000,136044
2002-03-12,65.4500,65.4500,64.1500,64.5900,53867
2002-03-11,65.4500,65.4700,64.0400,64.7500,74844
2002-03-08,63.9900,66.0000,63.9900,65.4800,142667
2002-03-07,64.0500,64.0500,62.7500,63.8000,129244
2002-03-06,64.6500,65.1900,63.4000,64.0900,140000
2002-03-05,63.7200,64.9000,63.5000,64.6800,126978
2002-03-04,63.5500,64.2500,63.0800,63.9200,122978
2002-03-01,61.3500,63.4000,61.2000,63.3000,157600
2002-02-28,61.0000,61.3500,60.4000,61.3500,118800
2002-02-27,60.3000,61.4000,60.3000,60.9800,236400
2002-02-26,60.7900,60.9400,59.7600,60.3000,145067
2002-02-25,60.1000,60.9900,60.0000,60.8900,109778
2002-02-22,59.1000,60.4000,58.8000,59.9400,134978
2002-02-21,59.3000,59.8000,59.0000,59.1300,182178
2002-02-20,60.3300,60.3300,58.9800,59.3800,197244
2002-02-19,61.4600,61.4600,59.8000,59.8300,131778
2002-02-15,62.5000,62.5000,60.6200,61.7100,240978
2002-02-14,61.4300,61.6000,60.2300,60.6900,179244
2002-02-13,61.5000,61.9500,61.0000,61.4500,162800
2002-02-12,61.1100,62.0000,61.0500,61.6000,153644
2002-02-11,60.3500,61.6500,60.2300,61.3600,188044
2002-02-08,60.0000,60.4000,59.4800,60.3500,158000
2002-02-07,59.8000,60.4000,59.6500,60.0000,191467
2002-02-06,59.7600,60.4000,59.5000,59.5500,177200
2002-02-05,58.3500,60.0000,58.2000,59.6000,186178
2002-02-04,58.5000,60.2000,58.0000,58.3700,390044
2002-02-01,59.7500,59.7500,56.7000,58.5000,231867
2002-01-31,55.7400,57.2500,55.5000,57.1100,305467
2002-01-30,56.7000,56.7000,53.2400,55.7500,798267
2002-01-29,49.5000,52.2800,49.3000,51.2200,292000
2002-01-28,50.6000,50.6000,49.2100,49.5000,237467
2002-01-25,50.8700,51.0000,49.7000,49.7000,199867
2002-01-24,49.5500,51.6000,49.5500,50.8700,268978
2002-01-23,49.8400,49.8400,47.9300,49.0500,397867
2002-01-22,47.7700,48.7300,47.0000,47.6800,137467
2002-01-18,47.8400,48.4900,46.7000,47.7700,246844
2002-01-17,47.9700,48.6100,46.3000,47.9900,221378
2002-01-16,48.0000,48.9000,47.4000,47.8100,237467
2002-01-15,48.5000,49.2500,48.0000,48.2800,270800
2002-01-14,47.0000,48.2500,46.5300,47.9500,373467
2002-01-11,48.7800,48.7800,46.0000,48.0000,276578
2002-01-10,49.3500,49.5000,48.1000,48.9800,127244
2002-01-09,49.2700,49.7900,45.8700,48.3500,259467
2002-01-08,49.4500,50.3500,47.5500,49.2700,219378
2002-01-07,50.5500,52.7500,49.2000,49.7000,391200
2002-01-04,50.8400,50.8400,47.5000,50.0300,1607244
2002-01-03,57.5100,57.5100,47.5100,47.7100,2222800
2002-01-02,62.3200,62.4200,59.2500,61.9500,260044
2001-12-31,65.7500,66.0000,61.5000,63.0200,368400
2001-12-28,64.9000,68.2500,64.8400,65.0000,703378
2001-12-27,62.9500,64.3600,62.8000,64.1000,164978
2001-12-26,63.2000,63.5900,62.6200,62.7000,90978
2001-12-24,63.3500,63.6000,62.7600,63.1300,56667
2001-12-21,62.9000,63.5800,62.5200,63.3400,217600
2001-12-20,64.0300,64.1500,62.0000,62.9000,135467
2001-12-19,63.6000,63.8800,63.2500,63.7800,94844
2001-12-18,63.7000,64.5000,62.5000,63.8000,228000
2001-12-17,62.4500,64.3200,62.3600,63.5000,199378
2001-12-14,61.1600,62.8000,61.1600,62.2000,331200
2001-12-13,63.1500,64.9000,61.1500,61.1600,207644
2001-12-12,63.5000,63.6000,62.9100,63.1000,112578
2001-12-11,63.2000,64.2200,63.1500,63.5000,122578
2001-12-10,64.0000,64.4000,62.9500,63.3000,161200
2001-12-07,65.0000,65.0000,62.0000,64.1500,312667
2001-12-06,62.6200,62.6200,61.7000,62.4500,134578
2001-12-05,59.6000,63.0000,59.5000,62.8300,289778
2001-12-04,59.4600,60.0000,58.9500,59.5000,180578
2001-12-03,60.0000,60.0000,59.2000,59.4600,131200
2001-11-30,57.7100,59.5000,57.7100,59.1400,139600
2001-11-29,56.7800,58.6000,56.4900,57.7100,94000
2001-11-28,57.7300,57.7300,56.5000,56.7000,152978
2001-11-27,57.3500,58.5000,57.0700,57.8000,102444
2001-11-26,58.1400,59.9800,56.8500,57.4500,160844
2001-11-23,58.0000,58.0000,56.2800,57.8900,45644
2001-11-21,57.4500,57.4500,55.7900,56.2800,92178
2001-11-20,58.0000,58.0300,57.4000,57.5500,54400
2001-11-19,57.8500,58.2600,57.6600,58.1000,84978
2001-11-16,58.2700,58.4800,57.4000,58.1000,73778
2001-11-15,57.4000,58.7400,57.2700,58.2700,152667
2001-11-14,57.6000,57.7000,56.7000,57.2000,130667
2001-11-13,57.7500,58.7600,57.2600,58.0000,184978
2001-11-12,55.4600,56.8700,55.1800,56.6500,104400
2001-11-09,55.5000,56.9000,54.5000,55.6100,255200
2001-11-08,50.0000,57.8400,50.0000,56.0000,642400
2001-11-07,50.7800,50.7800,49.1500,50.0800,95600
2001-11-06,48.5000,49.4600,48.5000,49.1500,82267
2001-11-05,48.0000,49.2800,48.0000,49.1600,60000
2001-11-02,48.3000,48.9000,48.0000,48.2500,108178
2001-11-01,47.7000,49.2500,46.0000,48.2500,228444
2001-10-31,48.7600,49.7900,47.5000,47.5500,210267
2001-10-30,48.9500,48.9500,48.0000,48.7500,172800
2001-10-29,47.9500,48.8500,46.5000,48.6200,318444
2001-10-26,48.0000,49.3000,47.2300,47.9500,517867
2001-10-25,51.5200,52.0000,51.0000,51.4700,93200
2001-10-24,51.9900,51.9900,49.6500,51.6200,134667
2001-10-23,49.7800,50.4900,49.1100,50.1300,102800
2001-10-22,49.8400,50.3000,49.2500,49.5800,97244
2001-10-19,48.8500,50.0300,48.3400,49.7400,69067
2001-10-18,50.0100,50.0600,48.7400,48.7500,61200
2001-10-17,50.6000,50.6000,49.8100,50.0100,162267
2001-10-16,50.2700,51.1000,49.9000,50.1500,103067
2001-10-15,49.8400,51.7300,48.8100,50.0200,126578
2001-10-12,50.7800,50.8000,48.8500,49.5900,268400
2001-10-11,50.9500,52.5500,50.9500,51.7800,232400
2001-10-10,47.0500,52.0000,47.0000,50.0000,505378
2001-10-09,47.4000,47.4000,44.0500,47.0500,768044
2001-10-08,39.2000,39.2000,36.8000,37.8000,225867
2001-10-05,40.0000,40.0000,39.0000,39.5000,175200
2001-10-04,41.5500,41.5500,37.3500,40.6200,474667
2001-10-03,40.4100,40.4100,35.7100,37.7800,790267
2001-10-02,45.0000,45.1300,40.0000,40.4100,464578
2001-10-01,47.2300,47.2300,44.3500,46.2300,94000
2001-09-28,46.4000,47.8500,46.4000,47.2300,110400
2001-09-27,46.2000,46.4600,43.5400,46.3900,146444
2001-09-26,46.7500,46.9800,46.0100,46.4500,75467
2001-09-25,47.4000,47.8000,46.3000,47.1400,103467
2001-09-24,46.3000,49.4500,46.3000,47.9500,251778
2001-09-21,47.0000,47.0000,43.3500,44.8100,239778
2001-09-20,49.9900,49.9900,47.1500,47.8600,128178
2001-09-19,52.0000,52.0000,49.5200,50.3500,167600
2001-09-18,51.5000,51.8000,50.4400,51.1300,141600
2001-09-17,51.0500,53.5000,50.8700,52.3600,138667
2001-09-10,51.9000,53.9300,51.9000,52.9900,119600
2001-09-07,54.8000,55.4700,52.7400,53.2500,253467
2001-09-06,56.6500,57.5000,55.6500,55.8000,175867
2001-09-05,59.3500,59.4000,57.1000,57.4000,234800
2001-09-04,60.7500,61.5000,59.3500,59.3600,146044
2001-08-31,60.5700,61.5000,60.3000,61.0000,102667
2001-08-30,61.3000,61.4800,59.9300,60.3200,82178
2001-08-29,62.0000,62.1000,61.0100,61.3000,81467
2001-08-28,62.0500,62.8000,61.7000,62.0000,86044
2001-08-27,63.3000,63.4000,61.8400,62.0000,102400
2001-08-24,64.0500,64.2000,62.4700,63.3000,203378
2001-08-23,63.1000,64.3900,63.0000,64.0400,146400
2001-08-22,62.7200,63.5000,62.2000,63.0000,212400
2001-08-21,61.7400,63.2000,61.7400,62.7200,187600
2001-08-20,60.6000,62.0000,60.6000,61.9900,93778
2001-08-17,60.4800,61.0000,59.9700,60.4600,56578
2001-08-16,59.8200,61.2000,59.7100,60.7100,78667
2001-08-15,59.6400,60.7500,58.3500,59.8100,151467
2001-08-14,59.0000,60.0000,58.7200,59.7400,82178
2001-08-13,59.1900,59.3000,58.1000,58.9500,57467
2001-08-10,59.5000,59.6500,58.9800,59.3900,90400
2001-08-09,60.3200,60.3200,59.4500,59.5000,87644
2001-08-08,60.7000,61.3900,60.0200,60.3200,73244
2001-08-07,59.4500,60.9500,59.4200,60.7100,93644
2001-08-06,61.5000,61.5500,60.3000,60.3000,63378
2001-08-03,61.4000,61.9800,60.8900,61.5000,61067
2001-08-02,62.4500,62.4900,61.4000,61.5000,105378
2001-08-01,62.1500,62.8200,60.1100,62.4400,160178
2001-07-31,62.1900,62.7300,61.1500,62.4000,236844
2001-07-30,58.8000,63.1200,58.0000,62.6900,374800
2001-07-27,64.6000,64.6100,55.5000,59.0700,1203467
2001-07-26,64.4100,65.7500,62.1000,65.4500,244578
2001-07-25,63.7500,64.9900,63.2100,64.4000,206267
2001-07-24,63.3800,63.6000,62.7400,63.0000,144000
2001-07-23,63.9800,64.8000,63.0000,63.3800,328178
2001-07-20,63.5000,63.8000,62.5000,63.7300,128578
2001-07-19,66.1000,66.2000,63.7500,63.9500,286978
2001-07-18,67.9900,68.1900,65.8300,66.0500,284400
2001-07-17,68.4100,68.9000,66.5400,67.9900,236400
2001-07-16,66.1600,69.9000,66.1600,69.7100,152178
2001-07-13,66.6000,67.0000,65.0200,66.3600,163644
2001-07-12,65.0000,66.9900,65.0000,66.2600,284000
2001-07-11,63.4200,64.9300,62.3000,64.7500,93600
2001-07-10,63.7600,64.6300,63.0300,63.4200,78000
2001-07-09,63.5100,63.6900,63.0100,63.5100,108978
2001-07-06,64.5000,64.5000,61.6000,63.5000,196578
2001-07-05,61.5000,65.0000,61.0000,64.5000,334400
2001-07-03,61.3400,61.8100,60.3500,61.2500,77467
2001-07-02,62.2500,62.9600,60.7600,61.3300,149600
2001-06-29,61.1500,62.4100,60.8000,61.8200,211244
2001-06-28,57.5400,61.6800,57.5200,60.7600,218000
2001-06-27,56.0200,57.9500,56.0200,57.5400,130000
2001-06-26,55.3700,56.5700,54.6400,56.1000,109244
2001-06-25,53.5000,56.1500,53.4500,55.3600,184978
2001-06-22,54.4000,54.4000,53.3700,53.3700,61067
2001-06-21,52.7100,55.0000,52.6700,54.3800,127378
2001-06-20,53.3900,53.9000,52.2600,52.7000,103467
2001-06-19,53.5000,54.5000,53.1000,53.1400,66844
2001-06-18,54.6500,54.6500,53.6000,53.6000,86400
2001-06-15,53.0000,56.2700,52.8500,54.6500,278044
2001-06-14,53.5000,53.5000,51.6100,52.3800,109778
2001-06-13,52.9900,54.9000,52.9900,53.5300,126400
2001-06-12,51.4000,53.0000,51.4000,52.9500,97867
2001-06-11,52.0000,52.8000,51.6500,51.8000,82000
2001-06-08,52.3800,52.3900,51.6800,52.1500,41467
2001-06-07,52.3400,52.5000,51.3000,52.3500,48800
2001-06-06,52.8000,52.9000,51.6500,52.3500,93467
2001-06-05,53.2500,53.2500,51.3200,52.8000,166696
2001-06-04,75.7500,80.0000,75.7400,79.5000,143585
2001-06-01,75.0200,76.0000,74.8000,75.6500,68000
2001-05-31,76.3900,76.3900,74.7700,75.0000,92800
2001-05-30,77.0000,77.5400,76.6000,76.6400,116267
2001-05-29,77.0000,77.5400,76.9000,77.2500,82667
2001-05-25,75.4200,77.2000,75.4200,76.6000,90844
2001-05-24,73.7000,76.5000,73.7000,75.4200,173600
2001-05-23,73.9000,74.0500,73.4400,73.9000,38963
2001-05-22,74.1100,74.7800,73.7000,74.2200,69778
2001-05-21,72.8500,73.9500,72.8500,73.8600,50844
2001-05-18,72.7700,73.3900,72.6000,73.0000,65600
2001-05-17,72.9900,73.6500,72.3000,72.7600,68030
2001-05-16,71.2000,73.0000,70.5000,73.0000,147200
2001-05-15,73.9700,73.9700,71.6700,71.8800,175230
2001-05-14,74.4500,74.6000,73.5000,73.9800,98667
2001-05-11,73.8100,76.2500,73.8100,74.4500,137600
2001-05-10,72.3500,74.5000,72.3500,73.8100,68444
2001-05-09,74.0000,74.0000,73.0000,73.2500,54400
2001-05-08,73.2900,74.0000,72.9000,73.9100,60444
2001-05-07,73.8500,74.0000,71.8000,73.0400,56178
2001-05-04,73.8000,74.9300,73.4300,73.9500,107644
2001-05-03,72.7000,74.9600,72.7000,73.9000,209867
2001-05-02,71.1000,72.5000,71.1000,71.7000,72652
2001-05-01,69.4300,72.2500,68.8600,71.1000,109867
2001-04-30,68.0000,71.7400,68.0000,69.4200,175852
2001-04-27,67.0000,70.6500,66.7000,67.6500,292444
2001-04-26,63.0900,64.9900,63.0900,64.8500,64444
2001-04-25,61.0000,64.4500,61.0000,63.1000,95852
2001-04-24,60.5000,61.2400,60.5000,61.0000,45244
2001-04-23,60.5000,61.2500,60.5000,60.6200,58963
2001-04-20,61.2500,61.5000,59.4000,60.3500,97778
2001-04-19,59.7500,61.7400,59.6800,61.6000,88385
2001-04-18,59.2000,60.6300,59.2000,59.6500,77630
2001-04-17,58.4000,59.1000,58.3100,59.1000,41778
2001-04-16,58.8000,58.9000,57.8500,58.3300,35200
2001-04-12,58.6000,59.0000,58.6000,58.8400,24800
2001-04-11,59.4500,59.8600,58.3500,58.5000,56563
2001-04-10,59.8100,60.0000,59.1000,59.2000,69630
2001-04-09,59.2000,60.7500,59.2000,59.6000,67644
2001-04-06,59.8500,59.8700,58.5500,59.0500,34252
2001-04-05,57.1000,60.0000,57.1000,59.9500,135852
2001-04-04,56.2600,57.3900,55.9000,57.2300,68563
2001-04-03,57.5000,57.6300,55.5000,56.2700,76830
2001-04-02,58.5100,59.3000,56.7000,57.5000,75378
2001-03-30,59.9700,60.8000,58.5100,58.5100,96000
2001-03-29,60.0500,60.9400,59.6000,59.9700,74578
2001-03-28,59.6000,61.0000,58.7400,60.0500,142578
2001-03-27,58.4000,59.9000,58.3300,59.8500,75467
2001-03-26,57.7700,59.4800,57.2000,58.5500,97778
2001-03-23,55.9500,58.5000,55.8000,57.7700,88978
2001-03-22,55.3900,56.1600,52.4500,55.9500,97067
2001-03-21,58.2000,58.2000,55.1500,55.3900,68444
2001-03-20,57.7200,58.7500,56.9000,58.2100,73244
2001-03-19,57.2000,57.5500,57.0500,57.5200,45867
2001-03-16,58.6100,58.7100,57.6000,57.6000,50252
2001-03-15,58.2100,59.1800,58.2100,58.6000,30430
2001-03-14,58.5000,58.8500,57.3500,58.2100,131763
2001-03-13,59.0000,59.6600,57.2500,58.5000,41600
2001-03-12,60.2300,60.2300,58.8100,59.0000,100267
2001-03-09,58.0000,61.0000,57.0700,60.4300,124978
2001-03-08,62.0000,62.0000,58.6900,58.8000,56830
2001-03-07,61.7600,63.0000,61.5000,62.0000,94844
2001-03-06,60.8000,62.0000,60.8000,61.7500,76178
2001-03-05,60.5500,60.9000,59.6700,60.0200,45985
2001-03-02,61.0000,61.4900,60.0000,60.3000,68030
2001-03-01,61.8000,61.8000,60.1500,60.8500,96385
2001-02-28,61.1900,62.5000,61.1900,61.8000,67230
2001-02-27,59.8200,61.9000,59.8200,60.9400,119852
2001-02-26,60.3100,60.8200,59.5000,59.5000,48030
2001-02-23,60.2000,60.8000,59.3500,60.3000,59467
2001-02-22,61.8000,61.8000,60.0500,60.2000,43467
2001-02-21,61.4000,62.3800,61.4000,61.7700,26252
2001-02-20,62.7000,62.8500,61.6000,61.8000,32267
2001-02-16,62.3000,62.8500,62.0000,62.7100,38044
2001-02-15,63.6000,64.0900,61.9000,62.5500,65067
2001-02-14,62.5400,63.6400,61.5000,63.6400,54430
2001-02-13,61.2000,63.7500,61.1600,62.5500,84978
2001-02-12,60.5000,61.6200,60.0000,61.1000,59378
2001-02-09,63.0500,63.0500,60.4000,60.6800,51763
2001-02-08,64.2700,65.5500,62.1400,63.1500,184830
2001-02-07,59.8500,65.0000,59.6500,64.0200,151644
2001-02-06,58.5000,60.7500,58.5000,60.0000,116385
2001-02-05,57.5000,58.6000,57.2000,58.3500,58667
2001-02-02,58.1700,58.7700,57.5000,57.5100,56267
2001-02-01,59.0000,59.0000,57.1500,58.1700,63378
2001-01-31,59.4000,59.8400,57.4000,59.0000,132800
2001-01-30,60.0000,63.0000,57.0000,59.5000,298844
2001-01-29,55.5000,61.7500,55.0100,60.0000,537185
2001-01-26,50.3800,55.2500,50.3800,55.0000,463467
2001-01-25,47.3100,47.3100,46.9400,47.0000,16030
2001-01-24,47.3800,47.9400,47.3100,47.3100,48000
2001-01-23,46.9400,47.4400,46.6900,47.2500,34163
2001-01-22,47.8100,47.8100,46.9400,46.9400,34844
2001-01-19,47.6300,48.5600,47.3100,47.8100,64000
2001-01-18,48.2500,48.5600,47.6300,47.6300,55052
2001-01-17,48.8800,48.8800,48.2500,48.2500,21867
2001-01-16,47.9400,48.6300,47.6900,48.6300,33778
2001-01-12,47.5600,49.1300,47.5600,47.9400,58252
2001-01-11,47.5000,48.0600,47.4400,47.5600,32563
2001-01-10,47.5000,48.5000,47.1900,48.0000,37867
2001-01-09,47.6300,49.1900,47.2500,47.6300,48800
2001-01-08,46.3800,47.6300,46.0000,47.6300,43052
2001-01-05,47.8800,47.8800,45.3100,46.4400,43585
2001-01-04,50.5000,50.5600,47.8800,47.8800,88563
2001-01-03,48.0000,50.9400,47.7500,50.9400,313185
2001-01-02,50.7500,50.7500,48.1900,48.7500,84178
2000-12-29,49.3100,51.0000,49.3100,51.0000,76267
2000-12-28,48.1300,50.1300,48.1300,49.3800,62844
2000-12-27,44.8800,48.1900,44.8800,48.1300,78400
2000-12-26,44.8800,47.0600,44.8800,46.8800,46163
2000-12-22,42.8100,44.8800,42.8100,44.8800,62430
2000-12-21,41.9400,42.7500,41.5000,42.7500,169363
2000-12-20,42.7500,42.8100,41.9400,41.9400,65867
2000-12-19,43.5000,44.3800,43.0000,43.0000,109244
2000-12-18,44.0000,44.3800,43.5000,43.5000,40267
2000-12-15,42.9400,43.8100,42.9400,43.6900,36830
2000-12-14,43.5600,43.6900,42.8800,43.0000,85185
2000-12-13,42.8100,43.7500,42.7500,43.6900,52800
2000-12-12,44.3100,44.4400,42.6900,42.6900,45867
2000-12-11,44.5000,44.5000,44.0600,44.3100,48444
2000-12-08,44.8100,45.3800,44.3800,44.6900,57630
2000-12-07,44.5600,44.8100,44.3800,44.6300,48652
2000-12-06,43.4400,45.0000,43.3100,44.6900,42163
2000-12-05,41.8100,43.6300,41.8100,43.5000,55230
2000-12-04,42.1300,42.5600,41.6300,41.9400,20563
2000-12-01,41.9400,42.8100,41.9400,42.1300,13867
2000-11-30,42.8100,42.9400,41.6300,41.8100,21985
2000-11-29,42.1300,42.8800,41.8800,42.8800,30044
2000-11-28,42.5000,42.5000,41.7500,41.8800,24000
2000-11-27,42.4400,42.5000,42.3800,42.5000,30578
2000-11-24,41.9400,42.3100,41.9400,42.1900,8030
2000-11-22,42.1900,42.3100,40.5000,42.0000,14785
2000-11-21,41.7500,42.2500,41.5600,42.1900,38578
2000-11-20,42.8100,42.8100,41.7500,41.7500,26667
2000-11-17,42.8100,42.8100,42.3100,42.6900,8444
2000-11-16,42.5600,43.4400,42.5000,42.7500,27230
2000-11-15,41.0600,42.6900,41.0600,42.5000,92385
2000-11-14,41.8800,41.9400,41.0000,41.0000,21363
2000-11-13,40.8800,41.9400,40.8800,41.9400,20000
2000-11-10,41.9400,41.9400,40.8100,40.8800,114252
2000-11-09,42.1900,42.5000,41.6300,41.9400,27230
2000-11-08,42.4400,42.9400,42.1600,42.3800,57363
2000-11-07,42.7500,42.8800,42.2500,42.4400,29363
2000-11-06,43.5600,43.5600,42.7500,42.7500,58044
2000-11-03,42.8800,45.6900,42.8800,43.6300,40978
2000-11-02,42.3800,43.0600,42.3800,42.7500,62400
2000-11-01,41.0600,42.6300,41.0600,42.3800,63052
2000-10-31,38.6900,42.8100,38.6900,41.0000,296267
2000-10-30,38.3100,38.7500,38.2500,38.5000,40800
2000-10-27,38.9400,38.9400,38.3100,38.3800,11763
2000-10-26,39.0000,39.0600,38.1900,38.9400,42252
2000-10-25,40.0600,40.0600,38.9400,39.0000,55230
2000-10-24,41.5000,41.5000,40.3800,40.4400,22578
2000-10-23,42.0600,42.5600,41.3100,41.6300,14578
2000-10-20,40.0000,42.1900,40.0000,42.0600,31644
2000-10-19,40.1300,40.1300,40.0600,40.1300,5363
2000-10-18,40.1300,40.1900,40.0600,40.1300,7644
2000-10-17,40.5000,40.5000,40.0000,40.0600,13600
2000-10-16,39.5000,41.0600,39.5000,40.8800,42044
2000-10-13,39.1900,39.8100,39.0600,39.7500,6578
2000-10-12,39.1900,39.3800,39.0600,39.3100,15763
2000-10-11,39.1900,39.5000,38.9400,39.2500,28563
2000-10-10,40.1300,40.1300,39.0000,39.0600,60267
2000-10-09,40.2500,40.3800,39.5600,40.1300,26963
2000-10-06,39.9400,40.3100,39.6900,40.3100,99763
2000-10-05,40.1300,40.6300,39.8100,39.8100,26578
2000-10-04,39.8800,40.3100,39.7500,40.0600,65363
2000-10-03,40.0600,40.3800,39.9400,40.0000,81985
2000-10-02,42.5000,42.5000,40.3100,40.3100,20563
2000-09-29,41.8100,42.6900,41.6900,42.6900,98400
2000-09-28,40.8100,42.0000,40.8100,41.9400,15644
2000-09-27,40.8100,41.0600,40.1300,41.0000,69185
2000-09-26,40.8800,41.3800,40.5600,40.9400,17363
2000-09-25,41.8100,41.8100,41.0000,41.0000,11467
2000-09-22,42.1900,42.1900,41.1300,41.9400,12800
2000-09-21,43.0600,43.1300,42.1900,42.3100,18785
2000-09-20,42.4400,43.6300,42.0600,43.0600,45452
2000-09-19,42.0000,42.6900,41.8100,42.3100,24444
2000-09-18,42.3100,42.8100,41.5600,42.1300,34044
2000-09-15,41.5600,42.1900,41.5000,42.1900,53985
2000-09-14,40.0000,41.7500,39.8100,41.6900,82963
2000-09-13,41.6300,41.8800,40.0000,40.0000,84563
2000-09-12,42.7500,43.0000,41.7500,41.8800,60978
2000-09-11,44.0000,44.0000,42.7500,42.8800,51585
2000-09-08,45.9400,46.1900,44.0000,44.0000,32267
2000-09-07,45.8100,45.9400,45.4400,45.9400,15763
2000-09-06,45.2500,45.9400,45.1300,45.9400,16563
2000-09-05,45.8800,45.8800,44.8100,45.1300,50963
2000-09-01,45.8100,46.1900,45.8100,45.8100,25185
2000-08-31,45.8800,46.1900,45.7500,45.9400,34252
2000-08-30,45.2500,45.9400,45.2500,45.9400,10785
2000-08-29,45.9400,45.9400,45.2500,45.2500,29778
2000-08-28,46.8800,46.8800,45.7500,45.9400,46252
2000-08-25,48.0600,48.5000,48.0600,48.3100,10044
2000-08-24,46.7500,48.2500,45.1300,48.2500,66163
2000-08-23,48.4400,48.5600,47.3800,47.3800,9985
2000-08-22,48.5000,48.6900,48.1900,48.5000,9600
2000-08-21,48.7500,48.7500,48.2500,48.5000,8978
2000-08-18,48.9400,48.9400,48.6900,48.7500,5867
2000-08-17,48.5600,48.9400,48.5000,48.9400,10667
2000-08-16,48.0600,48.0600,47.6900,47.8100,31763
2000-08-15,48.1300,48.1300,47.3100,48.0600,18163
2000-08-14,48.4400,48.5000,48.0600,48.5000,12563
2000-08-11,48.3100,48.7500,48.0000,48.6300,13363
2000-08-10,48.5600,48.6900,48.3100,48.4400,26844
2000-08-09,49.1900,49.1900,48.8100,48.8800,10163
2000-08-08,49.1900,49.2500,49.0600,49.0600,10578
2000-08-07,49.0000,49.8100,49.0000,49.8100,10844
2000-08-04,48.5600,49.0000,47.8100,49.0000,17452
2000-08-03,48.8100,48.8100,48.0600,48.3800,8444
2000-08-02,49.5000,49.5000,48.3800,48.8100,16830
2000-08-01,49.0000,49.6300,49.0000,49.6300,39644
2000-07-31,47.1900,49.8100,46.4400,49.8100,76444
2000-07-28,49.0600,49.0600,46.3100,46.7500,40800
2000-07-27,49.6900,51.1300,48.7500,49.1900,108830
2000-07-26,47.0600,49.9400,47.0000,49.9400,70163
2000-07-25,46.4400,47.5000,46.4400,47.3100,70252
2000-07-24,48.7500,48.7500,46.8100,46.8100,23585
2000-07-21,49.0000,49.1300,48.6300,48.9400,60444
2000-07-20,48.1300,48.9400,47.8800,48.5000,18044
2000-07-19,48.5600,49.3800,48.0600,48.2500,29244
2000-07-18,47.6900,48.8800,47.5600,48.8100,18430
2000-07-17,47.1300,47.8100,47.0000,47.8100,28444
2000-07-14,47.8800,48.3100,47.0600,47.1300,23585
2000-07-13,47.5000,48.6300,47.3800,47.8800,58785
2000-07-12,45.2500,47.9400,45.2500,47.5000,36178
2000-07-11,45.8100,45.8100,45.2500,45.3800,41363
2000-07-10,45.3100,46.1300,45.0600,46.0000,39585
2000-07-07,45.5600,46.0000,45.3100,45.3800,74430
2000-07-06,45.0600,46.6300,45.0000,45.3100,73630
2000-07-05,43.7500,45.0600,43.7500,45.0600,13244
2000-07-03,44.0600,44.0600,43.8100,43.8800,5067
2000-06-30,45.1300,45.1900,43.4400,44.0000,43052
2000-06-29,44.6900,46.1300,44.6900,45.2500,35052
2000-06-28,43.0600,44.9400,42.7500,44.8800,24444
2000-06-27,43.4400,44.0000,43.1300,43.1900,18667
2000-06-26,42.8800,43.2500,42.7500,43.2500,47230
2000-06-23,42.4400,42.7500,42.4400,42.6300,53244
2000-06-22,42.7500,42.7500,42.0600,42.4400,15644
2000-06-21,42.8100,42.8100,42.4400,42.7500,15230
2000-06-20,42.7500,42.8800,42.5600,42.8100,77867
2000-06-19,42.5600,42.7500,42.3800,42.7500,15644
2000-06-16,42.2500,42.7500,41.8800,42.6900,32830
2000-06-15,42.5600,42.9400,42.0000,42.1300,45600
2000-06-14,42.6300,42.8800,42.3100,42.4400,221452
2000-06-13,42.6900,42.6900,42.4400,42.5600,27644
2000-06-12,43.1900,43.2500,42.6300,42.6300,27763
2000-06-09,43.4400,44.0000,43.3100,43.3100,40267
2000-06-08,43.3100,43.5000,42.9400,43.3800,21778
2000-06-07,42.5600,43.5000,42.5600,43.3100,16800
2000-06-06,42.7500,43.2500,42.3100,42.6300,36000
2000-06-05,41.6300,42.7500,41.5600,42.7500,103644
2000-06-02,42.3800,42.3800,41.6300,41.7500,38785
2000-06-01,42.2500,42.7500,42.0000,42.3800,48444
2000-05-31,42.0600,42.0600,41.6300,42.0000,17363
2000-05-30,41.6900,41.9400,41.0000,41.9400,24267
2000-05-26,42.3100,42.3100,41.3800,41.5000,18400
2000-05-25,42.4400,42.5000,42.0600,42.1900,26578
2000-05-24,42.1300,42.4400,41.6300,42.4400,22252
2000-05-23,41.6900,42.5000,41.2500,42.2500,55200
2000-05-22,42.0000,42.0000,40.8100,41.6300,28385
2000-05-19,41.5000,42.4400,41.5000,42.3100,42252
2000-05-18,42.0000,42.0000,41.5600,41.6300,46044
2000-05-17,42.0000,42.0600,41.8800,41.9400,23052
2000-05-16,42.5000,42.9400,42.1300,42.1300,63763
2000-05-15,42.4400,42.5000,42.2200,42.5000,37867
2000-05-12,42.5600,42.5600,41.5000,42.3100,27378
2000-05-11,42.0600,42.5000,42.0600,42.5000,43644
2000-05-10,41.4400,42.4400,41.4400,42.0000,45452
2000-05-09,42.5000,42.5000,41.0000,41.1900,23467
2000-05-08,43.0000,43.0000,42.3100,42.5000,19852
2000-05-05,42.3800,43.0000,42.3800,43.0000,8385
2000-05-04,41.8800,42.2500,41.0600,42.2500,51200
2000-05-03,42.3800,43.3100,42.0600,42.6900,28652
2000-05-02,42.6300,42.8800,42.0000,42.3100,18163
2000-05-01,42.3800,43.4400,42.3800,43.1300,16444
2000-04-28,43.1300,43.1300,40.8800,42.3100,121452
2000-04-27,42.5000,44.6900,42.0600,44.0000,25778
2000-04-26,40.7500,45.4400,40.7500,43.0000,166252
2000-04-25,38.2500,39.7500,38.2500,39.7500,16978
2000-04-24,39.0000,39.5000,38.0600,38.2500,38252
2000-04-20,38.3100,38.9400,38.0600,38.9400,31852
2000-04-19,38.1300,38.5000,38.0600,38.2500,20800
2000-04-18,37.8100,38.1300,37.6300,38.0600,24000
2000-04-17,38.7500,38.7500,37.9400,38.0000,23052
2000-04-14,38.5600,38.5600,37.6300,37.7500,42400
2000-04-13,37.7500,38.9400,37.5600,38.5600,30578
2000-04-12,37.5600,38.0000,37.5000,37.7500,21067
2000-04-11,37.0000,38.2500,37.0000,37.6900,35852
2000-04-10,37.5000,38.3100,37.0600,37.0600,28178
2000-04-07,38.9400,38.9400,37.4400,37.4400,17244
2000-04-06,37.2500,38.8100,37.1900,38.8100,21067
2000-04-05,36.7500,37.6900,36.5600,37.0000,16563
2000-04-04,38.1900,38.8100,36.5600,36.7500,36030
2000-04-03,38.7500,38.7500,38.0600,38.1300,9985
2000-03-31,39.8800,39.8800,38.6900,38.8800,36385
2000-03-30,38.9400,39.6900,38.8100,39.5000,33067
2000-03-29,39.6300,39.6300,38.7500,39.1900,26963
2000-03-28,40.6900,40.6900,39.5600,39.6200,20178
2000-03-27,41.5600,41.7500,40.8100,40.8100,15585
2000-03-24,40.4400,41.5000,40.3400,41.3800,72563
2000-03-23,41.0000,41.0000,40.1300,40.4400,46430
2000-03-22,41.2500,41.3100,40.8100,40.9400,18844
2000-03-21,41.3100,41.4400,41.0000,41.3800,65244
2000-03-20,41.6900,41.6900,41.1300,41.3100,17363
2000-03-17,41.7500,41.8800,41.1300,41.6900,24830
2000-03-16,40.5000,42.2500,40.5000,42.2500,48830
2000-03-15,41.5600,41.8100,40.3100,40.3100,72267
2000-03-14,39.4400,42.8800,38.0000,41.6900,235378
2000-03-13,46.5000,46.5000,39.5000,39.5000,220978
2000-03-10,49.8800,49.8800,46.5000,46.7500,176030
2000-03-09,51.2500,51.3100,49.8800,49.9400,31052
2000-03-08,51.5600,51.5600,50.6900,51.3100,261185
2000-03-07,52.0600,52.9400,51.6900,51.6900,158044
2000-03-06,51.4400,52.4400,51.1900,52.1300,86430
2000-03-03,50.6300,51.7500,50.3800,51.6300,39200
2000-03-02,50.7500,51.6300,50.3100,50.3800,36000
2000-03-01,48.8100,51.1300,48.8100,50.5600,113778
2000-02-29,46.5000,48.8100,46.5000,48.8100,62667
2000-02-28,46.5000,46.6300,45.4400,46.6300,20030
2000-02-25,46.3800,46.8100,46.3800,46.5600,10252
2000-02-24,45.6300,46.8100,45.6300,46.5600,31230
2000-02-23,45.5000,45.9400,44.6300,45.8800,28800
2000-02-22,44.5600,45.5000,44.0600,45.5000,54578
2000-02-18,45.5000,45.5000,44.6900,44.6900,63052
2000-02-17,45.6300,45.6900,45.4400,45.5000,33778
2000-02-16,45.1900,45.9400,45.1900,45.5600,29778
2000-02-15,45.7500,45.8800,45.1900,45.4400,56800
2000-02-14,45.7500,46.0600,45.5600,46.0600,25452
2000-02-11,45.9400,46.0000,45.0000,46.0000,52444
2000-02-10,45.6900,46.0600,45.5000,45.9400,52030
2000-02-09,46.3800,46.5000,45.6300,45.6300,24800
2000-02-08,45.8100,46.6900,45.8100,46.5600,29600
2000-02-07,45.6300,45.8800,45.4400,45.7500,38430
2000-02-04,46.8100,46.8100,45.3100,45.5000,43763
2000-02-03,47.0600,48.3800,46.8100,46.8100,32563
2000-02-02,46.8800,47.8100,46.5000,46.9400,31230
2000-02-01,45.6300,47.2500,45.6300,46.8800,51378
2000-01-31,47.7500,47.7500,45.5600,45.7500,24267
2000-01-28,48.9400,49.0000,47.8800,47.8800,48652
2000-01-27,48.9400,48.9400,48.5000,48.9400,51052
2000-01-26,50.1900,50.1900,48.7500,48.9400,39763
2000-01-25,52.0000,52.0000,50.0600,50.2500,92000
2000-01-24,51.6900,52.6900,51.6900,51.9400,48030
2000-01-21,53.8800,53.8800,51.3100,51.4400,66252
2000-01-20,54.6900,55.3800,54.1300,54.1300,19852
2000-01-19,53.1300,54.7500,53.1300,54.6900,17244
2000-01-18,52.1300,53.3100,52.0000,53.2500,27378
2000-01-14,51.7500,52.7500,51.7500,52.5000,16000
2000-01-13,51.1300,51.6300,51.1300,51.5000,17185
2000-01-12,52.8100,53.5600,51.2500,51.3800,23585
2000-01-11,51.3800,52.6300,50.8100,52.6300,37244
2000-01-10,49.8800,51.7500,49.4400,51.5600,47230
2000-01-07,48.1300,49.6300,48.1300,49.6300,31230
2000-01-06,49.8800,49.8800,47.9400,48.6200,37867
2000-01-05,50.6300,50.9400,49.8100,50.3800,22163
2000-01-04,52.5600,52.5600,50.4400,50.5000,30252
2000-01-03,53.1900,53.1900,52.1900,52.7500,19467
1999-12-31,53.1900,53.1900,52.9400,53.0000,3230
1999-12-30,54.5000,54.5000,53.1900,53.1900,10785
1999-12-29,54.9400,55.1900,54.0000,54.5000,19200
1999-12-28,53.4400,55.6300,53.4400,55.4400,36978
1999-12-27,52.6300,53.5600,52.2500,53.5600,32978
1999-12-23,50.5600,54.5000,50.5000,52.7500,64000
1999-12-22,48.8800,50.8800,48.8100,50.5600,58044
1999-12-21,50.0000,50.0000,48.6300,48.8800,23585
1999-12-20,49.8100,50.6300,49.3800,50.0600,59852
1999-12-17,49.0600,50.5000,49.0600,49.7500,44444
1999-12-16,47.6300,49.1900,47.6300,48.5600,56385
1999-12-15,47.0000,47.9400,46.8800,47.6300,92000
1999-12-14,46.5000,47.5600,46.0000,47.1900,68385
1999-12-13,44.4400,46.6300,44.4400,46.5600,66252
1999-12-10,44.1300,44.5000,44.1300,44.5000,18163
1999-12-09,44.1900,44.5600,44.0000,44.0600,26400
1999-12-08,44.0000,44.5600,43.3100,44.0600,18963
1999-12-07,43.9400,44.6900,43.9400,44.0000,35378
1999-12-06,42.5000,43.8800,42.5000,43.8800,23852
1999-12-03,42.1900,43.0600,42.1300,42.5000,36030
1999-12-02,40.6900,42.0000,39.6300,42.0000,53185
1999-12-01,42.2500,42.3100,40.6900,40.7500,28267
1999-11-30,42.5600,42.5600,42.1300,42.5000,16652
1999-11-29,42.7500,42.7500,42.1900,42.5600,16978
1999-11-26,43.0000,43.0000,42.5600,42.5600,5630
1999-11-24,42.1900,43.7500,42.1900,43.0000,64000
1999-11-23,43.1300,43.1900,42.0600,42.1300,22667
1999-11-22,43.4400,43.4400,42.8800,43.0000,13244
1999-11-19,46.9400,46.9400,43.1300,43.3800,124385
1999-11-18,43.0000,47.8800,43.0000,47.1900,156267
1999-11-17,41.6300,42.8100,41.6300,42.8100,40267
1999-11-16,40.5600,41.7500,40.5600,41.5000,87644
1999-11-15,39.4400,40.6300,39.4400,40.3800,76563
1999-11-12,37.9400,39.3100,37.5600,39.3100,45363
1999-11-11,37.6300,38.2500,37.6300,38.0000,24563
1999-11-10,36.8800,37.5600,36.7500,37.5000,56978
1999-11-09,38.4400,38.4400,35.8800,36.9400,45985
1999-11-08,38.3100,38.5600,38.3100,38.3100,6667
1999-11-05,39.0000,39.0600,38.3800,38.3800,32978
1999-11-04,39.2500,39.2500,39.0000,39.0600,31230
1999-11-03,39.8100,39.9400,39.5600,39.8100,45600
1999-11-02,40.0000,40.7500,39.7500,39.7500,71467
1999-11-01,38.6300,40.0000,38.5000,40.0000,94578

